nose_x,nose_y,left_eye_x,left_eye_y,right_eye_x,right_eye_y,left_ear_x,left_ear_y,right_ear_x,right_ear_y,left_shoulder_x,left_shoulder_y,right_shoulder_x,right_shoulder_y,left_elbow_x,left_elbow_y,right_elbow_x,right_elbow_y,left_wrist_x,left_wrist_y,right_wrist_x,right_wrist_y,left_hip_x,left_hip_y,right_hip_x,right_hip_y,left_knee_x,left_knee_y,right_knee_x,right_knee_y,left_ankle_x,left_ankle_y,right_ankle_x,right_ankle_y,label
0.27693,0.12475157,0.29676282,0.10580711,0.2706324,0.109395124,0.4365756,0.08941331,0.3989152,0.09843239,0.616876,0.17266788,0.5067156,0.17312202,0.5739636,0.3258567,0.4330824,0.30783933,0.3607731,0.42958987,0.21391593,0.36162853,0.5748871,0.4452729,0.5211152,0.43483078,0.542089,0.6598456,0.5927311,0.6295905,0.63876086,0.88366765,0.80353475,0.80515546,0
0.33738443,0.11934863,0.36518547,0.099426135,0.31765726,0.10458275,0.5033907,0.08424178,0.39548257,0.096469365,0.67438984,0.17542869,0.49987125,0.17809536,0.6987672,0.33717635,0.41190982,0.30812797,0.7044426,0.49692473,0.15687549,0.3635557,0.59967643,0.45352116,0.5176459,0.4448956,0.5817015,0.66616553,0.64158756,0.63897955,0.68544495,0.8748963,0.8405266,0.80495197,0
0.33754855,0.11934634,0.36533406,0.09944702,0.31778118,0.104583226,0.5035735,0.0842372,0.39558852,0.09643074,0.67443955,0.17533876,0.49973962,0.17792487,0.6988028,0.33694446,0.4119946,0.30801478,0.7045267,0.49642548,0.15667208,0.36357686,0.59975517,0.4527359,0.5173352,0.44387105,0.58002514,0.66480696,0.6381011,0.6365661,0.68665385,0.8739794,0.8389168,0.802286,0
0.33979616,0.115512714,0.36105028,0.09622446,0.32800433,0.099729255,0.48467243,0.08084183,0.4228461,0.089555554,0.63810897,0.17641208,0.5154709,0.17238308,0.64866364,0.3430083,0.4129809,0.30380413,0.60478497,0.50599855,0.13985603,0.35636765,0.6048422,0.46411163,0.5576476,0.4509404,0.5862793,0.69283694,0.6566902,0.6462232,0.6818866,0.9082918,0.85267025,0.8192888,0
0.31035858,0.12704137,0.32924172,0.10450879,0.28924164,0.10925496,0.46592858,0.080084994,0.37890998,0.09317852,0.63152426,0.175202,0.51785326,0.1739903,0.6011007,0.3405762,0.39633346,0.30647078,0.53714806,0.50544924,0.13799419,0.36292753,0.5813812,0.46691707,0.5306246,0.4530536,0.55372643,0.69200265,0.6126153,0.6378748,0.67198706,0.89084154,0.81296784,0.80883783,0
0.30202267,0.113161445,0.32444385,0.092333026,0.28620303,0.09650718,0.4584112,0.07748504,0.38040823,0.088185415,0.6188914,0.1689221,0.528141,0.16848508,0.5616665,0.33108616,0.39417532,0.30329135,0.45842218,0.48686764,0.13233043,0.36982858,0.59864056,0.4587623,0.5589469,0.4479295,0.5626933,0.6811989,0.6005233,0.6399194,0.70452607,0.8871152,0.849197,0.81137776,0
0.29375586,0.12645516,0.29588208,0.104961604,0.28379795,0.11077945,0.4098665,0.085216954,0.43114236,0.100150704,0.6080269,0.1682883,0.5835424,0.17697507,0.48903313,0.3016528,0.41926855,0.31254622,0.12563822,0.3722262,0.12467078,0.37406445,0.6035314,0.4543744,0.6028023,0.44510022,0.56017995,0.6691182,0.6252017,0.63547987,0.73447293,0.8734467,0.8176266,0.80201733,0
0.2960852,0.1294612,0.29479653,0.10698883,0.28850153,0.1111563,0.40400532,0.08317023,0.4498933,0.094642736,0.58960056,0.17179328,0.605105,0.17459646,0.4853628,0.31536072,0.45715615,0.3167416,0.15992069,0.3795526,0.14782214,0.36780316,0.59278166,0.45391843,0.61431676,0.4441668,0.56584245,0.6767344,0.61557287,0.64420223,0.75758183,0.900231,0.83330625,0.83791053,0
0.29612085,0.1292849,0.29488885,0.106812194,0.28878117,0.11082922,0.40377367,0.083200455,0.45087573,0.09426208,0.59001607,0.17260109,0.6051993,0.17431894,0.48588166,0.3161053,0.46120805,0.31627503,0.14839856,0.3762597,0.14844331,0.36761415,0.5935013,0.45412225,0.61384356,0.44380912,0.5669524,0.6770362,0.61533046,0.64364,0.7585903,0.90071124,0.83317935,0.8373526,0
0.25970292,0.12944266,0.25981954,0.107686706,0.25769472,0.11008339,0.3832929,0.083082676,0.45220253,0.08984384,0.56415474,0.16985679,0.6181337,0.16451153,0.46823165,0.3151337,0.48217034,0.3072541,0.1035058,0.3670112,0.13428675,0.36305502,0.55729735,0.44883022,0.59842944,0.43724966,0.54566395,0.68464434,0.5891774,0.65656006,0.7398874,0.9012317,0.8056877,0.8555347,0
0.27172375,0.12338703,0.27406415,0.10173109,0.2765122,0.104965426,0.39540356,0.083547115,0.46816948,0.09158907,0.5917409,0.17896502,0.64100796,0.17500947,0.5631366,0.3408154,0.5163248,0.30653942,0.2577797,0.4639949,0.17559052,0.3548318,0.5747989,0.47114077,0.61081415,0.46354228,0.6107369,0.68898517,0.6408283,0.6724584,0.8125836,0.9032281,0.8074953,0.87943137,0
0.23963727,0.13562469,0.23380625,0.11478918,0.2487466,0.117934585,0.3548061,0.09435435,0.4785414,0.101121806,0.56593645,0.17980328,0.65202534,0.1751159,0.53147167,0.33616793,0.53578544,0.3152592,0.2357321,0.40370408,0.21848252,0.34081548,0.56479454,0.46987942,0.621552,0.46176398,0.6232859,0.70033437,0.66827565,0.68458015,0.7833191,0.92238176,0.77080977,0.8953003,0
0.30116773,0.13098566,0.2931159,0.11028137,0.3092712,0.1135222,0.41039237,0.0890327,0.53723466,0.09642382,0.6226685,0.17330319,0.7175571,0.1691544,0.6138289,0.3411602,0.5922064,0.30883142,0.33812675,0.44063225,0.2658126,0.32697958,0.64375186,0.46023658,0.71021223,0.45192435,0.64241743,0.6777007,0.6985112,0.66105187,0.821431,0.90227795,0.8178665,0.87092,0
0.22512123,0.13550802,0.22231878,0.114435226,0.22668366,0.12048694,0.37020636,0.09686871,0.44941303,0.10877152,0.5634917,0.1804873,0.6349216,0.18081442,0.54180753,0.34079185,0.48634556,0.3122639,0.27708113,0.448654,0.14427538,0.31126943,0.58819646,0.46727616,0.6301912,0.46142027,0.62177896,0.6868311,0.64642185,0.6708709,0.81908107,0.91072154,0.79773116,0.8828587,0
0.2249588,0.13553269,0.22226815,0.11443005,0.22647351,0.12049042,0.37016127,0.09693485,0.44906297,0.1088286,0.56315005,0.18091579,0.6349806,0.18104891,0.5410013,0.3415942,0.4861694,0.31237078,0.27719215,0.449138,0.14427638,0.31126967,0.5877401,0.46805957,0.629899,0.46215773,0.6229182,0.6873876,0.6468974,0.6714947,0.8187261,0.9108292,0.79791695,0.8829436,0
0.21792306,0.13604258,0.205683,0.11472725,0.22330672,0.12086059,0.34077278,0.09536132,0.4669086,0.106621884,0.5683865,0.18197335,0.642146,0.17519338,0.55388415,0.34320366,0.4992363,0.29877096,0.2202488,0.4275083,0.16555396,0.30789518,0.5871375,0.46638456,0.6319653,0.45769033,0.615826,0.6845585,0.65052366,0.67194116,0.8155319,0.9059074,0.78700185,0.88148457,0
0.25304943,0.14294364,0.2407572,0.1209301,0.25469324,0.12697048,0.35517022,0.09952078,0.4798945,0.11064095,0.54815173,0.18779768,0.6576086,0.18022436,0.5410123,0.34327874,0.5439768,0.29733118,0.21909647,0.42755565,0.23144373,0.30159655,0.5740356,0.4755568,0.64083624,0.46705034,0.62179774,0.6908725,0.6534588,0.6795794,0.8078134,0.9034211,0.79037446,0.88102806,0
0.24401371,0.13727166,0.23644109,0.1152677,0.24336243,0.12129993,0.3623942,0.09481334,0.46202454,0.10638854,0.55785847,0.18046431,0.62437975,0.17843619,0.5024921,0.33495125,0.48971137,0.31180128,0.21784487,0.41988334,0.17799364,0.3304951,0.57923377,0.47181436,0.61535585,0.46527484,0.62736404,0.6950006,0.6503156,0.6830925,0.7950765,0.90850246,0.7660038,0.88811284,0
0.2693292,0.12949371,0.2964945,0.10716343,0.2551439,0.110836595,0.47305197,0.0893073,0.4058053,0.09762077,0.5957745,0.18139817,0.61118215,0.17678782,0.4771226,0.3463434,0.44243616,0.307685,0.20598139,0.41379416,0.16341317,0.30616537,0.58596945,0.46872333,0.59913015,0.46292642,0.6161819,0.6908845,0.66588134,0.674999,0.80538815,0.9079935,0.78692174,0.8909647,0
0.21842258,0.13421096,0.21378295,0.11229789,0.22408468,0.11676638,0.34444544,0.094199136,0.45308092,0.103547715,0.54497236,0.18288755,0.6401987,0.17922743,0.47176316,0.35007066,0.49185097,0.31985384,0.18207909,0.40598884,0.18964252,0.32001424,0.5838777,0.4768531,0.6427014,0.47062975,0.63658273,0.70185775,0.682287,0.6885769,0.8238943,0.9214395,0.8077185,0.8932306,0
0.21825126,0.1342359,0.21388131,0.11230364,0.22391053,0.11686851,0.34508473,0.09433889,0.45195323,0.10392122,0.54504675,0.18314284,0.6392464,0.17985056,0.47062838,0.35073543,0.4898889,0.32063243,0.18238254,0.40837982,0.18877378,0.3199336,0.58095497,0.47837052,0.6393723,0.4723994,0.63703394,0.7033107,0.68096614,0.6905294,0.82280743,0.9213995,0.80917,0.8947163,0
0.23409054,0.12867852,0.22592811,0.10651219,0.23651718,0.112626545,0.3395138,0.08961472,0.46015975,0.099926755,0.49685627,0.18469307,0.656232,0.1761215,0.4248776,0.34493878,0.5336513,0.3107974,0.118414626,0.39074224,0.20904957,0.32321247,0.5459015,0.47072774,0.63935316,0.46216595,0.6381245,0.6852767,0.68029636,0.67383766,0.82652026,0.89911455,0.8226995,0.87474173,0
0.24074467,0.13008839,0.23646823,0.108197905,0.23894656,0.11402182,0.35781547,0.090862654,0.44990823,0.101021744,0.52975845,0.18267673,0.6388945,0.17398262,0.48982823,0.34454265,0.53844917,0.30990046,0.15543053,0.390386,0.21475458,0.32736278,0.556475,0.46669286,0.6167068,0.457872,0.6232891,0.6800445,0.6560628,0.669428,0.81838024,0.89428824,0.7970725,0.87119144,0
0.23344326,0.12885875,0.23342088,0.107892394,0.2302373,0.11206324,0.34929013,0.09081962,0.4334135,0.09732007,0.5181377,0.1839208,0.62416655,0.17425048,0.44544017,0.34505305,0.49587917,0.31865668,0.1416967,0.3782108,0.16773395,0.32960075,0.5497436,0.46755922,0.60852355,0.4584393,0.6255663,0.67582667,0.63757354,0.66361004,0.82274103,0.88983667,0.7996299,0.86551034,0
0.18521118,0.1322747,0.17235877,0.11047485,0.19351606,0.11496169,0.27803406,0.091739364,0.4378887,0.100449875,0.48606703,0.17922713,0.6234211,0.1764174,0.44729197,0.3410491,0.48699337,0.3210735,0.13869181,0.39317948,0.15859658,0.33283016,0.5378586,0.4638854,0.6272325,0.4580677,0.6000418,0.68256176,0.66792566,0.6741578,0.81193227,0.9103089,0.79939204,0.8834064,0
0.19720428,0.13774647,0.18420213,0.11578991,0.1966917,0.12116496,0.28627452,0.09358806,0.4209262,0.104744054,0.4824578,0.17627,0.6120412,0.1769018,0.4267048,0.33555868,0.4793165,0.32193917,0.17092186,0.4043768,0.17802565,0.33918667,0.5434927,0.4621725,0.6272415,0.45800477,0.61745393,0.6851858,0.6720614,0.6771514,0.7853474,0.907453,0.77532893,0.88326836,0
0.19716686,0.13775882,0.18420966,0.11580047,0.19658151,0.1211852,0.28632885,0.09361858,0.42070153,0.104789205,0.48245037,0.17634739,0.6120958,0.17697072,0.42680705,0.33561185,0.47944683,0.32199094,0.17083198,0.40445024,0.17807673,0.33925,0.54337996,0.46223614,0.6271887,0.45806262,0.61780566,0.68519044,0.67232054,0.67713577,0.784638,0.90751994,0.77534556,0.8833929,0
0.20014133,0.13166864,0.19530423,0.10970327,0.19693607,0.11503784,0.31330624,0.09004082,0.40849647,0.1012609,0.49621534,0.17510109,0.6095027,0.17659788,0.4262873,0.33796173,0.47132748,0.32265025,0.1883604,0.41731304,0.17931788,0.33674613,0.55338085,0.46517223,0.62547743,0.46152,0.6202258,0.6864573,0.6703475,0.6768504,0.78499687,0.90577686,0.7781375,0.8819593,0
0.20663369,0.13302529,0.19442491,0.11244605,0.20383866,0.118526846,0.30238363,0.09247265,0.41311237,0.10366809,0.48786414,0.1754819,0.5860531,0.17247073,0.4297317,0.33526045,0.4419482,0.31445014,0.18960907,0.410433,0.14174202,0.3259329,0.5191475,0.4558579,0.5764951,0.44962564,0.5965102,0.6625865,0.60110456,0.6519135,0.78716075,0.88462985,0.7706567,0.86161333,0
0.16781782,0.13755685,0.15461136,0.11533867,0.17430155,0.120222814,0.26713943,0.09142595,0.41009796,0.10153768,0.4389146,0.17297836,0.5879803,0.1739126,0.38492626,0.33307803,0.4441286,0.31670982,0.15352346,0.4229119,0.15805955,0.32952544,0.4925905,0.45129427,0.5924889,0.44757012,0.5523954,0.67446595,0.616764,0.6670528,0.7576551,0.90263903,0.74452204,0.8805677,0
0.16459264,0.14344735,0.15083794,0.11978378,0.1574908,0.12551865,0.27265146,0.09003882,0.39125857,0.10276179,0.4491365,0.17306775,0.5908274,0.17460667,0.38131124,0.33823714,0.44289732,0.3234977,0.1514529,0.41440922,0.17033581,0.33589235,0.51819193,0.46450034,0.6157866,0.46075386,0.58166903,0.68527484,0.64778227,0.67702717,0.74195313,0.90542394,0.7504484,0.8814983,0
0.16977902,0.13423683,0.16522916,0.11289172,0.15485138,0.12071228,0.2887169,0.09128956,0.3334749,0.107202694,0.4711505,0.17301644,0.5106913,0.1752643,0.40083897,0.3274209,0.40171868,0.31696633,0.16428167,0.3944714,0.14309274,0.3388188,0.49458686,0.45431685,0.5129001,0.44996387,0.5739159,0.6677609,0.58008003,0.6549372,0.7775547,0.88910615,0.7472199,0.8654922,0
0.15783492,0.13666338,0.15348667,0.11301318,0.14117707,0.12022997,0.28498742,0.086605646,0.33082107,0.10303856,0.46757877,0.16738072,0.5269069,0.17316395,0.38990033,0.32629216,0.4053683,0.3163706,0.16365777,0.4095982,0.1546552,0.33597556,0.5061098,0.45218933,0.5444026,0.44983885,0.54374534,0.6699657,0.60604995,0.6604528,0.771926,0.9025165,0.74467593,0.8818047,0
0.1664851,0.1361112,0.16169803,0.11228941,0.14517869,0.12031463,0.2893008,0.083381034,0.32431448,0.10221644,0.49044162,0.1605408,0.52065325,0.16930029,0.4068332,0.31515238,0.42999458,0.32269716,0.13464685,0.36430445,0.19309343,0.35796767,0.5141452,0.44778106,0.53031665,0.4451749,0.5415327,0.67293906,0.60282654,0.66296023,0.7703014,0.90105057,0.72418207,0.87746257,0
0.17686385,0.1324174,0.17954418,0.109850936,0.16768046,0.11469283,0.31137478,0.08532591,0.3468397,0.097458795,0.4792067,0.16666451,0.5435972,0.17184564,0.40753633,0.32614893,0.43470132,0.3210331,0.21342908,0.4194723,0.19748679,0.35038322,0.52697986,0.45066926,0.5657951,0.44863445,0.57756025,0.67461383,0.61367434,0.6633113,0.7874713,0.89623076,0.7659651,0.87358475,0
0.16108355,0.1374984,0.1623419,0.11294007,0.14000282,0.11947986,0.31219268,0.0814455,0.31609535,0.098349765,0.49462637,0.16239026,0.52932537,0.17095213,0.4187592,0.32115543,0.4168976,0.31948176,0.20198795,0.407892,0.16801453,0.34740198,0.51526916,0.45077384,0.5369916,0.44817182,0.52644795,0.6711461,0.5659081,0.65733695,0.7591075,0.88389516,0.7276486,0.86231077,0
0.15477659,0.14019555,0.16082492,0.11913896,0.1429048,0.1237978,0.30122998,0.09407926,0.33455664,0.10490932,0.4596392,0.17156395,0.51457274,0.17023145,0.37879318,0.32763812,0.41264212,0.30771127,0.20083985,0.42148528,0.15744536,0.35967374,0.5139544,0.45364478,0.5526914,0.44968104,0.5489708,0.6756326,0.6104571,0.6678441,0.76774305,0.89569247,0.74739426,0.87973636,0
0.16812418,0.13701622,0.16786753,0.1126666,0.14382175,0.11915168,0.31359363,0.08008399,0.32672575,0.09675231,0.5241839,0.15905127,0.5466977,0.16456251,0.42239004,0.31302467,0.45174304,0.324535,0.11132338,0.3361011,0.19921486,0.37208107,0.54283327,0.45211992,0.55232763,0.44774818,0.55236727,0.6763972,0.6003959,0.66772234,0.76909626,0.8963602,0.7442198,0.8802006,0
0.17293441,0.13612466,0.17658347,0.111788556,0.14554904,0.11775639,0.33348623,0.07951731,0.32433313,0.09516963,0.52875715,0.15908122,0.54153305,0.16286243,0.41089284,0.3166855,0.43318066,0.32563528,0.13115877,0.34957373,0.20834105,0.38320777,0.55043995,0.45425552,0.5536811,0.44960025,0.5695093,0.67506427,0.6080146,0.6643857,0.76853406,0.8962163,0.74254906,0.8782783,0
0.16818321,0.13530087,0.17877398,0.11162403,0.13983756,0.118655734,0.32690108,0.083414555,0.2913192,0.1005229,0.5207513,0.16177422,0.48861542,0.16907324,0.45472196,0.30636394,0.41988683,0.31414095,0.12247653,0.33278868,0.16666362,0.35407892,0.5221306,0.45716515,0.49547777,0.45374396,0.54286075,0.68776464,0.5767141,0.6794299,0.749709,0.9043242,0.68120897,0.88648844,0
0.1725408,0.13445412,0.1781033,0.11145191,0.14846691,0.11829374,0.3193942,0.08566518,0.31596434,0.101770975,0.51739323,0.16208677,0.5217053,0.16787648,0.44140226,0.31068608,0.43895322,0.3161981,0.12644692,0.33639395,0.19064215,0.34595358,0.5463486,0.45465478,0.5428731,0.45127583,0.5579377,0.68214965,0.6185615,0.67477584,0.76921624,0.90144974,0.72286004,0.8842031,0
0.15310082,0.13331461,0.16699083,0.11122722,0.1303184,0.116281174,0.32613796,0.08349943,0.3106587,0.09532843,0.50870174,0.16263914,0.51789576,0.16251707,0.42147818,0.31913617,0.43616095,0.3114429,0.1291154,0.35116172,0.16121234,0.34224835,0.5591643,0.45927933,0.563687,0.4546551,0.64186364,0.68331486,0.6703548,0.67611647,0.7695185,0.88482434,0.7686185,0.8686094,0
0.16278128,0.12974234,0.17625926,0.107399754,0.13760278,0.11272135,0.33311445,0.07810035,0.31342596,0.09068928,0.50548065,0.15390426,0.5257417,0.15490311,0.41781735,0.30670285,0.4383973,0.30122954,0.12740153,0.35339293,0.1540383,0.33990467,0.5677854,0.4533373,0.5799407,0.44845366,0.65212035,0.6880842,0.68127847,0.67599857,0.76765406,0.8933265,0.7643601,0.8693602,0
0.14912719,0.12862,0.1645637,0.10643096,0.12892176,0.11102781,0.3286577,0.07827382,0.31006867,0.08920994,0.5018182,0.15656938,0.52730185,0.15826991,0.425306,0.30729976,0.43969405,0.3028593,0.11961945,0.34849948,0.13478369,0.3340953,0.5654445,0.44944447,0.5806921,0.4451186,0.6402767,0.68469256,0.66788524,0.6747425,0.7762975,0.89542234,0.7615233,0.87498087,0
0.14647074,0.12855092,0.16385478,0.106510445,0.1268489,0.11088247,0.33032283,0.079111814,0.30636838,0.089343786,0.49755675,0.15715764,0.52471167,0.15810522,0.429717,0.30677536,0.43654326,0.30006012,0.13555868,0.3564361,0.13365,0.3348057,0.562762,0.44901863,0.5806212,0.44467476,0.6425755,0.68333167,0.6724938,0.67351043,0.7745964,0.8932022,0.7690303,0.87301767,0
0.13487306,0.13414727,0.15059993,0.11132803,0.109640546,0.116592884,0.31289482,0.08305931,0.27589095,0.09520655,0.4791175,0.16029583,0.49931818,0.16091065,0.4527076,0.31194273,0.4323445,0.30096245,0.18700108,0.3752836,0.15009885,0.34662464,0.5549931,0.4396286,0.5722674,0.43492395,0.5847637,0.6662381,0.64398587,0.6550068,0.7649088,0.89836776,0.75756085,0.87341964,0
0.14652878,0.12980899,0.15584338,0.10852089,0.13351004,0.112761155,0.31752592,0.07934508,0.33158815,0.08952346,0.4856104,0.15142126,0.5236675,0.1521182,0.4682044,0.29756615,0.44288462,0.28858948,0.2384,0.3685995,0.14747201,0.3348334,0.56221765,0.4276018,0.59409267,0.42312813,0.6043194,0.6638664,0.66936433,0.652788,0.7621196,0.89433,0.76353896,0.8656715,0
0.16639926,0.13235116,0.16553497,0.10992951,0.14087595,0.11808135,0.31028688,0.08411817,0.31665146,0.1019535,0.50806665,0.15745345,0.5168961,0.16318826,0.4972782,0.29680377,0.44574636,0.29716083,0.20120175,0.3525592,0.1797797,0.3470082,0.5843652,0.4363586,0.5863118,0.43312982,0.62298506,0.6558898,0.6638007,0.64557374,0.7639047,0.8857043,0.755915,0.8605792,0
0.1450984,0.13077763,0.14904474,0.109779716,0.113434985,0.11451197,0.30174226,0.08042357,0.2888077,0.09255512,0.51363325,0.14833272,0.50808764,0.14843889,0.48176306,0.29480764,0.42887944,0.28578496,0.26802292,0.37745008,0.19305179,0.35581812,0.5648379,0.43314996,0.56270856,0.42894503,0.5950329,0.6506268,0.6198656,0.64305985,0.7522289,0.8856456,0.731643,0.86081433,0
0.12786074,0.11237783,0.15411757,0.09106764,0.096089765,0.09625802,0.33951408,0.068005845,0.26130107,0.07952666,0.51619685,0.14214191,0.48097733,0.14497404,0.4932899,0.2958524,0.44498202,0.3011489,0.29921436,0.40027627,0.24023145,0.4013123,0.6021065,0.42722353,0.585713,0.42363286,0.6257807,0.6614032,0.70925295,0.65104437,0.76594186,0.89525074,0.7865947,0.8718362,0
0.13659614,0.10239725,0.1733629,0.08111505,0.096590996,0.08651805,0.3598719,0.063787505,0.22860767,0.07534256,0.5235656,0.14407349,0.46179223,0.14738187,0.4918828,0.297718,0.4467208,0.30212152,0.3084452,0.39799634,0.25223708,0.39789674,0.6049552,0.43124554,0.57006574,0.4281458,0.6306865,0.66134214,0.70950574,0.6515854,0.7673562,0.89395785,0.7911328,0.8715859,0
0.124961466,0.11774702,0.15530808,0.096760124,0.10167262,0.10004149,0.36037317,0.074393466,0.29463455,0.08132925,0.5248563,0.15172592,0.51317847,0.14746276,0.47456777,0.3114123,0.4529011,0.30352244,0.27973768,0.40276536,0.22816919,0.39441314,0.6017613,0.43474394,0.60183954,0.42866525,0.6082101,0.6581222,0.7013453,0.6468511,0.77599436,0.8954126,0.7914861,0.871863,0
0.139313,0.13358106,0.13619544,0.110575914,0.11182688,0.11655678,0.2849328,0.078716755,0.3113107,0.09358501,0.5157289,0.15157904,0.5260094,0.15618572,0.49581677,0.3073222,0.46164697,0.3080693,0.30098963,0.40275505,0.22332767,0.3818354,0.5860632,0.4387957,0.59368056,0.4355108,0.5777792,0.6532713,0.65114933,0.6451375,0.792882,0.88943505,0.75989556,0.87024003,0
0.14411962,0.13064015,0.13716444,0.109361604,0.11485944,0.11465829,0.27851874,0.07717085,0.31285933,0.090737484,0.53185433,0.14285533,0.5171427,0.14392301,0.50712854,0.29284585,0.44160134,0.2875509,0.23490115,0.37163395,0.17552133,0.3619536,0.57581055,0.4293279,0.5685799,0.42456636,0.5845214,0.64971966,0.6123788,0.6432809,0.7631507,0.89257467,0.7392337,0.86580145,0
0.13403603,0.12278642,0.12057238,0.10406334,0.12831531,0.10684089,0.23771816,0.077856876,0.37629378,0.08396046,0.49242803,0.14178963,0.5537133,0.13705792,0.5347518,0.2892158,0.5312393,0.28510404,0.27789456,0.3829226,0.258029,0.37193778,0.55418193,0.4268594,0.5977019,0.4206099,0.5854733,0.6434207,0.64128685,0.6403444,0.76950175,0.8918934,0.7564046,0.87323946,0
0.14686808,0.1299966,0.13517915,0.11086841,0.12997423,0.114482194,0.25342116,0.08165587,0.35359383,0.09040232,0.5085176,0.14228559,0.5459791,0.13831218,0.52566487,0.28740692,0.5236362,0.27412152,0.28549737,0.37930247,0.27363208,0.33835277,0.5688862,0.4308874,0.59322065,0.42512658,0.5905142,0.6503707,0.6373645,0.64529353,0.7654529,0.89265645,0.7407983,0.87113374,0
0.14498813,0.1274468,0.13226442,0.108727224,0.13273802,0.11213348,0.2593515,0.08032029,0.37216341,0.08869412,0.53359395,0.14090873,0.5464797,0.13756393,0.5413251,0.28800455,0.50173646,0.28279203,0.29435197,0.3775422,0.2680133,0.3659762,0.5868975,0.4276715,0.5954823,0.42188028,0.6149341,0.6547398,0.64888376,0.65008694,0.7791695,0.89656967,0.75097495,0.87593234,0
0.1476835,0.11828558,0.14603202,0.09891995,0.13463485,0.10168748,0.2974344,0.07267037,0.36708343,0.07968533,0.5432972,0.13920781,0.56717014,0.1362509,0.5532532,0.28408757,0.5234124,0.27897477,0.30551052,0.38584572,0.26205796,0.35668495,0.58084667,0.42400745,0.59690744,0.41851643,0.6187953,0.65177864,0.6630629,0.64567053,0.7791765,0.8920317,0.7563064,0.8768038,0
0.14650063,0.12719733,0.14184277,0.107913256,0.12799883,0.1106951,0.28409073,0.08086896,0.36242747,0.08800698,0.52414644,0.14512624,0.5565543,0.14044657,0.5236818,0.2897559,0.50533503,0.28545997,0.28728554,0.40094358,0.28817305,0.3920229,0.57600844,0.43380156,0.5988187,0.42803606,0.6131628,0.654666,0.66254956,0.6487741,0.78016144,0.89422494,0.75666565,0.877492,0
0.13272853,0.12264114,0.1289394,0.1037848,0.123853035,0.10555962,0.26416603,0.08008625,0.37066716,0.08378125,0.49746534,0.14937606,0.5691689,0.13810056,0.4930584,0.297821,0.545867,0.27446586,0.28914663,0.4080189,0.36017078,0.36092067,0.5690076,0.43494406,0.6114336,0.42789534,0.6313449,0.66311276,0.678266,0.6566816,0.7871845,0.8984693,0.76666456,0.88290435,0
0.14046678,0.11861137,0.15189373,0.09924364,0.12892199,0.101522416,0.31858376,0.079834364,0.33843794,0.085320584,0.53069526,0.15428872,0.541201,0.15034005,0.4957856,0.30413163,0.43860137,0.29220307,0.25065672,0.37974364,0.14068794,0.33650738,0.5686464,0.43597746,0.5759411,0.43102872,0.6412612,0.663312,0.6624832,0.6534847,0.7904929,0.9018735,0.7863989,0.8790195,0
0.1481685,0.119446754,0.15385677,0.10135543,0.14093961,0.10263713,0.30411047,0.08185568,0.37391812,0.08444154,0.5303402,0.15305263,0.5626944,0.14091583,0.5073175,0.29855755,0.5221883,0.27103323,0.2856063,0.38224727,0.31867918,0.33656517,0.5735774,0.428205,0.59089786,0.42082617,0.6225313,0.6483315,0.6731723,0.6413917,0.7901124,0.8857393,0.772153,0.8698471,0
0.15027997,0.12122162,0.15783122,0.10253578,0.13806684,0.1042886,0.3135356,0.08161946,0.36427727,0.08524883,0.532383,0.15388027,0.5730145,0.1405437,0.4985451,0.3042738,0.55515176,0.26852813,0.26246867,0.3792998,0.3999763,0.31622764,0.57677716,0.4278239,0.5971571,0.4201981,0.61837524,0.64524794,0.68319833,0.63767284,0.7829625,0.884035,0.76625174,0.8691758,0
0.16348667,0.119825915,0.16707797,0.100312576,0.15460226,0.10278013,0.32318518,0.07899425,0.37592,0.08491202,0.5596893,0.1549093,0.568808,0.14757438,0.51204824,0.31588766,0.43880466,0.29226094,0.20423913,0.3606073,0.14232779,0.3230036,0.593062,0.43861246,0.6003987,0.43159214,0.6446762,0.6622445,0.666761,0.6527989,0.7961904,0.9001342,0.7902742,0.87171954,0
0.24713841,0.12576701,0.25185296,0.105242364,0.23359005,0.11061129,0.39991498,0.08371758,0.41803977,0.095292784,0.59227026,0.16386622,0.58776355,0.16612427,0.54686266,0.32075354,0.44464862,0.3103051,0.2553674,0.374293,0.13706636,0.31979898,0.62641144,0.44503874,0.622661,0.4409702,0.67051303,0.66536856,0.67357475,0.6536311,0.80355334,0.89618534,0.7711167,0.86944157,0
0.22827679,0.12212234,0.23100057,0.10144459,0.21255568,0.105594024,0.3737378,0.0769358,0.39519468,0.088013366,0.60021883,0.1506992,0.5747185,0.15595654,0.55215514,0.3034697,0.44193426,0.302512,0.25907782,0.37461445,0.14982572,0.32327604,0.61273074,0.4399703,0.6000639,0.4367906,0.6473716,0.6664846,0.66033745,0.6561066,0.7930738,0.9085444,0.76254475,0.88167864,0
0.18374929,0.123691514,0.19069204,0.10164435,0.17665091,0.10568238,0.36587715,0.07761951,0.38813218,0.087707326,0.5663085,0.15588923,0.5830459,0.15741922,0.50209796,0.30856043,0.43082622,0.29755574,0.24655525,0.38156,0.13091032,0.3330309,0.57101583,0.44028014,0.58344203,0.43579265,0.6022064,0.6645608,0.65308136,0.6543645,0.78132266,0.90774477,0.73697376,0.8849497,0
0.23468722,0.13136227,0.23835285,0.108436815,0.214322,0.115619704,0.3904015,0.08453951,0.38767573,0.10052888,0.5878779,0.16516416,0.57143706,0.17191432,0.5606418,0.31070954,0.4437818,0.30845645,0.24194719,0.362968,0.120460324,0.32324362,0.6108592,0.4473729,0.59506625,0.44392872,0.6420764,0.67235905,0.65731746,0.66080904,0.80338097,0.89995325,0.7520833,0.8759364,0
0.2321935,0.13116655,0.23786892,0.108477496,0.21256158,0.11531479,0.39476696,0.08491788,0.3845258,0.100274175,0.5906433,0.16527286,0.56541234,0.17225704,0.5589,0.31143987,0.4410942,0.3101675,0.24501611,0.36289337,0.12154834,0.32177013,0.61137265,0.4468646,0.58932596,0.4435786,0.6397017,0.67182785,0.655142,0.6599917,0.8039672,0.90007776,0.75265366,0.8755247,0
0.23577693,0.12637031,0.24381207,0.10493555,0.21407594,0.11065583,0.40300927,0.08069844,0.384577,0.09359645,0.5886673,0.1608087,0.5730278,0.16144566,0.5632235,0.31766486,0.4562287,0.30121702,0.24895822,0.36456752,0.13752972,0.30973563,0.6015762,0.44649124,0.58888257,0.44121194,0.64939284,0.66719687,0.6486958,0.653271,0.7926617,0.89578694,0.763881,0.868244,0
0.23785679,0.12542497,0.24449769,0.10283842,0.22159785,0.10949021,0.4028996,0.080802344,0.39503834,0.09572744,0.59949917,0.16396688,0.5711835,0.1712268,0.54213405,0.3127254,0.45172232,0.3127535,0.23718205,0.35368344,0.1426953,0.31664336,0.61709106,0.4497609,0.5895741,0.44641066,0.64842165,0.67360246,0.6626441,0.66162264,0.81346685,0.8989444,0.7747306,0.8720813,0
0.23376662,0.123518415,0.24895445,0.10283296,0.21929695,0.10716018,0.42061427,0.08220584,0.39269507,0.091843314,0.5942992,0.16541803,0.56518126,0.1665265,0.53541815,0.3234403,0.45599753,0.31751594,0.2061811,0.35737607,0.15163417,0.32387215,0.6027792,0.4525135,0.57700217,0.44734302,0.65647876,0.67334616,0.64794624,0.65920514,0.7979018,0.9002618,0.77681,0.87100273,0
0.2512232,0.13174784,0.26194113,0.110141255,0.22598073,0.11620617,0.42293647,0.08558454,0.3821917,0.09980583,0.6009111,0.16516061,0.5732095,0.17094417,0.54484534,0.31939796,0.4515806,0.31466484,0.2717797,0.38229814,0.13646027,0.32764184,0.6084807,0.44664404,0.5883507,0.44301453,0.6452338,0.6646116,0.6516725,0.64974624,0.80075955,0.89354336,0.7785787,0.8653953,0
0.24919571,0.13056356,0.26077726,0.10905915,0.2237585,0.11521321,0.42368287,0.084722616,0.3750159,0.099440865,0.60485315,0.16202118,0.56305707,0.17080723,0.55436146,0.3069284,0.46167138,0.31190807,0.27587923,0.36929423,0.14171278,0.3284676,0.6075078,0.4430275,0.5765614,0.44031936,0.6447866,0.6626391,0.6471338,0.64819396,0.80163556,0.89255536,0.7817392,0.865543,0
0.24877979,0.13033879,0.26076362,0.10886071,0.22354263,0.114950925,0.42465273,0.08468643,0.37601218,0.0992378,0.60249776,0.16202827,0.56527436,0.17084584,0.54673624,0.30712122,0.46026152,0.3121089,0.27525574,0.3732755,0.13915259,0.3289985,0.6087701,0.44348052,0.58111525,0.44083828,0.64509404,0.6632242,0.6506732,0.6483586,0.8010796,0.8927215,0.7827919,0.8661135,0
0.24772672,0.13032033,0.25894135,0.10841736,0.22088875,0.11525268,0.42478043,0.08369238,0.37356427,0.09989603,0.6041419,0.16174407,0.57159036,0.17131165,0.5514437,0.31384668,0.45455205,0.3156978,0.28900447,0.39099926,0.12298072,0.32896894,0.6049727,0.44764873,0.58167344,0.44516057,0.6438329,0.67000735,0.6508219,0.6545804,0.8120464,0.90078694,0.7912888,0.875341,0
0.24248321,0.12755625,0.25315735,0.105919644,0.21614394,0.112801924,0.41556007,0.08275556,0.36792603,0.09876442,0.61306345,0.16172509,0.5545227,0.17013052,0.5674513,0.31786275,0.43661943,0.31478953,0.3173734,0.39779505,0.12140797,0.33018768,0.6166231,0.44682503,0.5768809,0.44428787,0.654959,0.6688248,0.6551879,0.65447456,0.8081258,0.9013958,0.78657794,0.87555987,0
0.2551506,0.1333158,0.2617634,0.110580444,0.22450237,0.11836123,0.41705236,0.08390293,0.37658057,0.10199575,0.6039375,0.16547607,0.5844059,0.173196,0.54442894,0.3252096,0.47361794,0.31954998,0.25174278,0.3840298,0.13727191,0.32560095,0.6022774,0.4524895,0.5874224,0.44908607,0.64468336,0.67102665,0.6619066,0.6560612,0.80808043,0.89932185,0.79033697,0.8739372,0
0.2597196,0.13309613,0.26894817,0.11016369,0.22738978,0.11716399,0.43792796,0.08147597,0.3889924,0.09813185,0.6210842,0.1648285,0.6017737,0.1676394,0.54795855,0.3330184,0.47391462,0.31530535,0.25736773,0.39036408,0.15506935,0.32803905,0.6254299,0.45963612,0.61153126,0.45420963,0.6693297,0.6818032,0.6777783,0.6631308,0.81979626,0.9108513,0.8043522,0.8789989,0
0.27134657,0.12871677,0.27550372,0.10694828,0.24713337,0.113431334,0.42051697,0.08127194,0.40936658,0.096434884,0.6174398,0.1610258,0.58629787,0.16575776,0.5614381,0.3191214,0.47085005,0.3104192,0.28434068,0.3800414,0.18217178,0.3275643,0.6335804,0.45410225,0.60986954,0.44956675,0.6617788,0.6721656,0.6600665,0.6567308,0.7991119,0.89497036,0.77412266,0.8624558,0
0.27668583,0.12806247,0.28080845,0.10614052,0.25256085,0.11264708,0.4256757,0.0805331,0.4164177,0.09554868,0.6198777,0.16161977,0.5926298,0.16493583,0.5669374,0.31977847,0.47468117,0.310283,0.24778087,0.3588344,0.18161681,0.32532588,0.6359222,0.45312208,0.61557186,0.44796643,0.66235685,0.671592,0.6668152,0.6570712,0.79668885,0.8937174,0.77454644,0.86106724,0
0.2765067,0.12832382,0.27890474,0.106077485,0.24926384,0.113063075,0.4214083,0.08004944,0.41496438,0.09594789,0.61959165,0.16062562,0.5973266,0.16213714,0.57105315,0.32001784,0.49186417,0.30953467,0.21790347,0.34743726,0.19426729,0.3348725,0.6392097,0.45294186,0.62011707,0.446892,0.65991616,0.6711542,0.6697561,0.6575462,0.79712874,0.8945875,0.7690144,0.8632208,0
0.22318965,0.12564325,0.23240386,0.10325032,0.20255642,0.10965159,0.39915514,0.081110194,0.38291618,0.09534941,0.5959542,0.16468902,0.5651763,0.16701734,0.5357435,0.31718016,0.44315147,0.31002465,0.2091149,0.35773888,0.16272579,0.33565614,0.600706,0.45343,0.5746564,0.4480754,0.62204915,0.67250496,0.6492068,0.6595743,0.80269396,0.8948578,0.77025646,0.8695245,0
0.17793654,0.12306001,0.18388247,0.101875275,0.15569283,0.10544474,0.35769352,0.0767569,0.37359428,0.08586168,0.5750053,0.15576987,0.57699764,0.1488249,0.50674,0.31902045,0.44041362,0.30268404,0.22689618,0.38308764,0.21842086,0.37912014,0.5611013,0.45420855,0.56790155,0.44618756,0.5844454,0.67432684,0.6442469,0.6622211,0.772607,0.9047166,0.763601,0.87993526,0
0.15865798,0.12352996,0.16938598,0.10260725,0.13441616,0.10651787,0.34978014,0.07812419,0.32677928,0.08862403,0.5765162,0.15537582,0.51462185,0.1536853,0.50875944,0.31528565,0.3914307,0.30084807,0.22742088,0.38780996,0.15952599,0.35502914,0.570483,0.45306826,0.5351783,0.44732678,0.59621495,0.67909706,0.62315094,0.6662243,0.78167295,0.91524065,0.7791729,0.883604,0
0.16238531,0.12273915,0.17313817,0.10252011,0.14028962,0.10566349,0.3549336,0.0782198,0.3453109,0.08700645,0.5744345,0.15315977,0.5160115,0.1500386,0.50225174,0.30741066,0.39262164,0.29946446,0.26603276,0.3975997,0.22052673,0.39313698,0.571973,0.4508476,0.53926396,0.4449791,0.6033073,0.67693144,0.63099277,0.6652046,0.7830842,0.91266537,0.7712559,0.883672,0
0.16937952,0.12351179,0.17853363,0.103049025,0.14680462,0.106269866,0.36175793,0.07797518,0.35960048,0.08692116,0.58348274,0.15282495,0.5451545,0.14979787,0.5169164,0.30618855,0.4143831,0.29927438,0.26108384,0.39391792,0.21861298,0.39271495,0.58018553,0.44821253,0.5613641,0.44227222,0.61667633,0.6743868,0.65106976,0.6632482,0.8011634,0.91147006,0.78571445,0.8842347,0
0.15706004,0.12366858,0.17221852,0.10300975,0.13187526,0.10643769,0.36272374,0.079656914,0.32967228,0.08882204,0.5713647,0.15760083,0.5153875,0.154806,0.48471683,0.31635264,0.38300812,0.30737966,0.2369744,0.40390265,0.20542826,0.39426124,0.57460207,0.45358035,0.54340976,0.44807252,0.5983476,0.6770944,0.63144356,0.66614646,0.7794951,0.9092206,0.77092296,0.8831068,0
0.1611093,0.122064754,0.17227386,0.101659216,0.14001234,0.10497551,0.35562453,0.078999564,0.3474294,0.08763306,0.5746915,0.15522525,0.5344978,0.15094885,0.49967766,0.31066775,0.4071551,0.29946813,0.20209333,0.38444608,0.19776137,0.3806802,0.57420635,0.447018,0.5508985,0.44070446,0.6034129,0.6696162,0.63769627,0.6593528,0.7842061,0.90329003,0.7649385,0.8767403,0
0.15968907,0.12198838,0.16985813,0.10172997,0.1390514,0.10471132,0.3504576,0.07817522,0.35277435,0.086145714,0.56460404,0.15497853,0.53683996,0.15033281,0.5013393,0.31405646,0.41765082,0.30417866,0.23038837,0.3975325,0.21918926,0.3950193,0.5744223,0.45096985,0.5602152,0.44484138,0.6126458,0.67537993,0.641404,0.6655222,0.788791,0.9098917,0.7739005,0.88448757,0
0.1607921,0.12232526,0.17046887,0.10165723,0.13769266,0.1053397,0.34964404,0.07790099,0.3484511,0.08721683,0.55810255,0.15409075,0.555958,0.1507382,0.48040044,0.31121242,0.4156157,0.30169848,0.2357372,0.40022185,0.20829868,0.38665667,0.5688986,0.44866648,0.5719023,0.44295302,0.6045301,0.67579347,0.6409087,0.6658262,0.7848108,0.9103866,0.7711291,0.8869963,0
0.15719602,0.1207273,0.16607794,0.09994654,0.13302717,0.10401043,0.3428773,0.07607536,0.34105462,0.08635313,0.5595146,0.1520228,0.54613185,0.15039702,0.47948626,0.30966237,0.41908187,0.30498067,0.22649767,0.3971089,0.20607132,0.39369178,0.5669737,0.44535664,0.5619464,0.4400424,0.59622824,0.66923255,0.638181,0.65987694,0.7723389,0.9049394,0.7641089,0.8811197,0
0.16264427,0.12275035,0.1712451,0.1016392,0.13379622,0.10613734,0.34968364,0.07593941,0.3331231,0.08756111,0.5739671,0.15033387,0.53690094,0.14980309,0.49500427,0.3068871,0.41651207,0.30325013,0.22891174,0.39715543,0.20664385,0.39541954,0.5738517,0.44397482,0.5530848,0.43894118,0.5957911,0.6673667,0.63302284,0.65839434,0.77631176,0.90305847,0.761703,0.88104016,0
0.17967543,0.12316279,0.18191038,0.101795934,0.15992178,0.10833452,0.35513178,0.07951307,0.3774353,0.09363852,0.5742598,0.15461768,0.5502318,0.15801875,0.5513871,0.30186033,0.43513182,0.3068182,0.24582185,0.38829067,0.19262244,0.38509175,0.5886908,0.44012532,0.56787795,0.43557072,0.607902,0.66624516,0.6287242,0.6563259,0.8054004,0.8912671,0.7585643,0.8736877,0
0.17507909,0.123742536,0.1851408,0.10321484,0.15221836,0.10943415,0.3683764,0.08175857,0.3460298,0.09548006,0.5748086,0.15813798,0.5389492,0.16002865,0.545472,0.3179283,0.4119548,0.30751294,0.24618922,0.38994437,0.14236122,0.3363243,0.5763496,0.44454747,0.5504849,0.43991378,0.61455005,0.66459876,0.6168617,0.6502772,0.80369085,0.89319307,0.7807173,0.8682912,0
0.17356557,0.12680227,0.17967035,0.10467236,0.1468222,0.11226936,0.35954812,0.0821599,0.34089443,0.09897985,0.58063865,0.15887219,0.5316486,0.16424425,0.547597,0.31193542,0.40188757,0.30999562,0.2236193,0.38613272,0.14081475,0.35348246,0.58801866,0.44255906,0.55116373,0.43901223,0.60604715,0.66544247,0.622561,0.65483034,0.80698633,0.8938408,0.7697976,0.8760823,0
0.16617085,0.122045234,0.17888509,0.102382235,0.14604078,0.10767386,0.36804903,0.082543775,0.34753895,0.09402406,0.57876813,0.15744796,0.5223564,0.15684289,0.54802746,0.31551427,0.39918607,0.30554742,0.25084704,0.3898028,0.15098669,0.35670072,0.5822076,0.44367725,0.5432134,0.43843138,0.6193337,0.6627346,0.6145203,0.64966977,0.8036228,0.890116,0.77005935,0.86595786,0
0.16278572,0.12030041,0.17406896,0.09942677,0.13616276,0.10407142,0.36029702,0.07595563,0.3343441,0.08758712,0.5923807,0.14860213,0.5441434,0.14820533,0.53954643,0.30266836,0.41681102,0.29508808,0.24971892,0.38722402,0.18754306,0.36591285,0.5786229,0.4381377,0.54941475,0.4331851,0.5990472,0.6612299,0.62898636,0.6532012,0.7875459,0.89764345,0.7746125,0.87934625,0
0.15485588,0.120448604,0.16700153,0.09997549,0.13363703,0.10558486,0.36438194,0.07757048,0.3355344,0.090439394,0.57286376,0.15285444,0.5185735,0.1562848,0.5649634,0.31041354,0.40647793,0.30449635,0.26842645,0.390447,0.12659883,0.33580524,0.5790512,0.44220406,0.5417073,0.43792486,0.6110841,0.662553,0.6030302,0.64712787,0.79772455,0.8931256,0.77083397,0.86545527,0
0.17344236,0.120478265,0.17932197,0.0990479,0.1499881,0.10550666,0.35820696,0.07431127,0.34441134,0.08918395,0.56762916,0.1527011,0.5196419,0.15736327,0.552359,0.3093849,0.3960386,0.3033793,0.24789593,0.38063198,0.12271198,0.32859647,0.5667317,0.44359678,0.53470314,0.43969226,0.6016207,0.66274196,0.5921435,0.64892215,0.7854166,0.89198744,0.763519,0.8648687,0
0.16919698,0.121606894,0.17542705,0.10050944,0.14933851,0.10622718,0.35474616,0.07668411,0.35092142,0.08966987,0.56159604,0.15512905,0.5298463,0.15874338,0.56626946,0.3137868,0.42102963,0.3083518,0.2571597,0.38082704,0.1228627,0.32804495,0.568231,0.44490814,0.5466417,0.44048408,0.6074313,0.66239655,0.6013941,0.6477105,0.7816119,0.89217854,0.7538486,0.8631691,0
0.16597585,0.12366719,0.17479141,0.10170461,0.14295247,0.105846524,0.36918598,0.07438974,0.335041,0.086166024,0.6086116,0.15168776,0.52681696,0.15699148,0.62410206,0.3108457,0.42728767,0.30723125,0.29052782,0.37631154,0.12417351,0.32707956,0.5931317,0.43919972,0.54671097,0.4351613,0.61571115,0.6565414,0.62640095,0.645028,0.7787767,0.9005895,0.7718743,0.87016636,0
0.18351032,0.1269958,0.18600166,0.10387146,0.15409943,0.11146748,0.3661036,0.07646632,0.35186028,0.09384718,0.5916676,0.15452689,0.53698385,0.16005528,0.58649236,0.30848318,0.43876696,0.31171826,0.26012465,0.38143423,0.18460232,0.37596822,0.5988162,0.43579632,0.56291044,0.43150806,0.6075317,0.65338504,0.6383102,0.6420901,0.80568016,0.8934865,0.7672066,0.8730312,0
0.26542303,0.12692718,0.27062276,0.10484075,0.240816,0.11155314,0.42467317,0.07915087,0.4156241,0.09391036,0.60785747,0.16083388,0.62529474,0.15983129,0.54709005,0.3206974,0.5195678,0.3059258,0.14868794,0.33204225,0.22368073,0.31795716,0.6283564,0.4434971,0.63559777,0.4366322,0.6552887,0.6599332,0.6849694,0.64760804,0.79742855,0.8930183,0.78032804,0.8629652,0
0.2725092,0.12822172,0.2764676,0.10639133,0.2481817,0.113033004,0.4248477,0.080448575,0.42006436,0.09520378,0.6095571,0.16059819,0.61890817,0.16034126,0.54920965,0.31945848,0.5107328,0.3071837,0.15328486,0.33370528,0.21020742,0.32242218,0.62819254,0.44274932,0.63102144,0.43623614,0.6557956,0.65919864,0.68259317,0.6471881,0.79638803,0.89250064,0.7810468,0.8620727,0
0.28996697,0.12917046,0.2935899,0.10533485,0.26970604,0.11179893,0.43869376,0.07685241,0.42909777,0.092927404,0.6267304,0.15688285,0.62160254,0.16465317,0.5880243,0.31348476,0.53372324,0.3143809,0.26351804,0.35717383,0.2557763,0.3277767,0.64204603,0.4421842,0.6406558,0.4393048,0.65706694,0.6608492,0.70850474,0.6509912,0.81534094,0.89820063,0.8047467,0.87451535,0
0.2888981,0.12345395,0.296968,0.10030533,0.26885623,0.10654796,0.44445953,0.07488089,0.42132843,0.08992286,0.630995,0.15462612,0.6096409,0.15940678,0.57068413,0.30700296,0.5198794,0.30473846,0.2203047,0.3394877,0.25051188,0.33058116,0.64257723,0.43523493,0.6284362,0.43135384,0.6518954,0.654795,0.7039965,0.64620286,0.8191715,0.8964022,0.8081433,0.8740722,0
0.3044128,0.12613332,0.3103391,0.102544375,0.28400227,0.10955863,0.4524849,0.0755208,0.41760877,0.09333591,0.648664,0.15551215,0.5904792,0.16774057,0.62858915,0.31231564,0.5116511,0.3112598,0.36448714,0.39457998,0.21634091,0.3303407,0.64122075,0.44425672,0.60712117,0.44310534,0.6568565,0.6648288,0.692594,0.6542353,0.8218535,0.8972864,0.80236524,0.87798077,0
0.3149568,0.12863588,0.32023787,0.104585096,0.29006848,0.11158821,0.4675574,0.07424245,0.43919322,0.091944404,0.65576303,0.15159458,0.6392728,0.15975484,0.5673097,0.30350196,0.53835654,0.3089063,0.18431388,0.32755557,0.23817521,0.32832024,0.66222215,0.4428005,0.6492055,0.43928632,0.66618556,0.6623216,0.7044887,0.65389913,0.8306994,0.90571976,0.80890673,0.88366085,0
0.34820786,0.11860271,0.35614294,0.09646035,0.33066544,0.10344315,0.49264285,0.07478686,0.48161605,0.08998475,0.65572935,0.15521833,0.6548773,0.15929492,0.5699277,0.30241564,0.54477364,0.3038792,0.17201418,0.3296612,0.24075645,0.33424434,0.6827721,0.44266072,0.6771922,0.43720648,0.70393527,0.66124463,0.73003066,0.64928406,0.8588525,0.8902149,0.8388129,0.8635824,0
0.3503151,0.118231066,0.35818326,0.096144535,0.33316454,0.10300069,0.4923145,0.07474689,0.48256615,0.089625746,0.65588504,0.15608521,0.65262854,0.15972628,0.56628895,0.30437934,0.5399277,0.30451882,0.16319887,0.32942808,0.23112242,0.33265218,0.6822207,0.44335568,0.6753365,0.43782136,0.7028977,0.66127324,0.729532,0.64948213,0.85822254,0.89052004,0.8387402,0.8637552,0
0.2988352,0.12800221,0.31135106,0.10454888,0.27402547,0.1104604,0.47316396,0.07447362,0.41500074,0.089971446,0.65808296,0.15022339,0.6171135,0.15787517,0.5666539,0.29807848,0.5268326,0.3039439,0.19328941,0.33088717,0.2367231,0.33150432,0.6664331,0.43667004,0.63711137,0.4330556,0.66986203,0.65815425,0.7011198,0.6484885,0.84133947,0.8979515,0.81806463,0.87359256,0
0.33063358,0.13139053,0.3354053,0.1071482,0.30742738,0.11365951,0.48087683,0.0730155,0.4405586,0.09072065,0.6641381,0.14887719,0.6232759,0.16266248,0.6306136,0.30598238,0.5299023,0.30501014,0.41358313,0.4115873,0.21127532,0.33087945,0.68123275,0.4345982,0.65966666,0.4338048,0.6770779,0.65644115,0.705395,0.64486367,0.83584875,0.899177,0.80624604,0.8767338,0
0.3436348,0.122997835,0.35240728,0.10138934,0.32826847,0.1039227,0.49931082,0.073903844,0.48662308,0.08181212,0.66130114,0.1528102,0.6449774,0.15188535,0.56589633,0.31255457,0.5431934,0.301857,0.23831113,0.3631634,0.26542383,0.33687478,0.69189984,0.44342336,0.6839359,0.43846676,0.6990147,0.657526,0.7101347,0.64936036,0.8431634,0.903519,0.82822216,0.87575257,0
0.30829424,0.12462561,0.32270452,0.10166502,0.28539836,0.10789037,0.47601202,0.07491112,0.40206602,0.091154575,0.6470222,0.1522451,0.57888,0.16306625,0.58916193,0.31480774,0.49733764,0.30678678,0.43094742,0.44360143,0.23780338,0.34283122,0.6587074,0.44050583,0.61468786,0.43965182,0.66043055,0.6629038,0.67334884,0.65025234,0.82385695,0.8944914,0.7996673,0.876697,0
0.32078043,0.13212714,0.32312793,0.10769376,0.29601675,0.11349775,0.46720824,0.07265272,0.44054103,0.088835426,0.67889094,0.15300943,0.60055315,0.16007808,0.6108823,0.31254518,0.51795775,0.30912438,0.24435613,0.37187222,0.23113163,0.35477754,0.704797,0.44373807,0.6545787,0.43973294,0.68212557,0.6619134,0.7072704,0.65072954,0.84576064,0.8971458,0.817086,0.8682143,0
0.315962,0.1314679,0.32056627,0.10788671,0.29459664,0.11319397,0.4630615,0.07399969,0.42992315,0.08904981,0.65322727,0.15324076,0.5846843,0.16106491,0.6326502,0.32243934,0.494257,0.30465874,0.47854796,0.4637159,0.2106964,0.347876,0.67036194,0.44750395,0.63170034,0.44490907,0.6699922,0.6699943,0.690405,0.6554701,0.82852566,0.8973161,0.8017183,0.8709003,0
0.30853212,0.12929766,0.3197961,0.10546436,0.2850683,0.110041276,0.47958356,0.071440786,0.41926014,0.08491307,0.6569305,0.15258218,0.5821399,0.15884423,0.63621116,0.323819,0.4593624,0.30069774,0.5644118,0.4864786,0.16931899,0.34924576,0.68377435,0.44606465,0.6420182,0.4434329,0.6784628,0.6633091,0.6808435,0.64985824,0.8439221,0.8939969,0.8184183,0.8721447,0
0.30419192,0.121365145,0.31362233,0.09879251,0.28150967,0.10443642,0.45559937,0.071116254,0.41039664,0.086027436,0.6352356,0.1488223,0.5726995,0.15846388,0.63326955,0.31457266,0.44902763,0.30080986,0.6081669,0.4810975,0.16054103,0.35160035,0.6638321,0.45009473,0.62981975,0.44973233,0.6980139,0.6741765,0.7007093,0.66449493,0.836888,0.89459956,0.8233464,0.874172,0
0.30884975,0.13305318,0.3132075,0.10964424,0.2867226,0.11509786,0.44270682,0.07830014,0.4153262,0.09294367,0.62162256,0.158532,0.5679811,0.16550599,0.63448405,0.32489112,0.44450313,0.30443302,0.60469115,0.48518446,0.16577119,0.35707438,0.6487595,0.4522348,0.6230198,0.4505038,0.67693406,0.6811969,0.69325995,0.6683347,0.82296497,0.9037023,0.7969719,0.8771909,0
0.28699118,0.13104682,0.2979901,0.10795333,0.2620562,0.1131309,0.44455588,0.077598624,0.38571182,0.0916492,0.6248221,0.15830664,0.54960954,0.1639923,0.6235217,0.3252832,0.44593444,0.30408752,0.61050767,0.483174,0.19040586,0.36171517,0.6404105,0.45275554,0.5990558,0.45082724,0.6739757,0.6811191,0.68479896,0.6688036,0.82216954,0.9022326,0.7987825,0.879334,0
0.28151333,0.1302022,0.2846437,0.10733648,0.2624882,0.11290045,0.41572407,0.07932716,0.397353,0.09384737,0.6289126,0.16215058,0.5312003,0.16836448,0.67181677,0.33013135,0.41790673,0.30827746,0.6327985,0.49017692,0.15613343,0.3734299,0.64892715,0.45648733,0.59536433,0.4547936,0.6812563,0.6799997,0.67944396,0.6702844,0.83045346,0.90210295,0.80442953,0.8785187,0
0.27722594,0.12959617,0.28109765,0.10724049,0.26007876,0.11196707,0.41355634,0.079068184,0.40340582,0.09151235,0.61928993,0.15915047,0.5437977,0.16388586,0.6656404,0.32296854,0.4416543,0.30311376,0.6237119,0.48568502,0.17927653,0.37024304,0.6483306,0.4534222,0.60883033,0.451146,0.6840431,0.68007606,0.69200265,0.66965723,0.8260429,0.9047079,0.8045622,0.88123715,0
0.25500616,0.12622531,0.26621315,0.105728984,0.23939347,0.10954032,0.40361673,0.07959657,0.37203425,0.09048634,0.6064045,0.15921168,0.52568877,0.16167909,0.6266835,0.3252402,0.42186055,0.29940563,0.57103777,0.48090744,0.2022558,0.36420545,0.6493634,0.45345524,0.6070881,0.4510612,0.68903136,0.6797912,0.69206786,0.66994286,0.8410687,0.9009856,0.8118858,0.8814091,0
0.263393,0.12893084,0.26725277,0.1057035,0.24042507,0.111832626,0.40862128,0.07497459,0.37820154,0.09094386,0.62091786,0.15306498,0.53695154,0.16114242,0.6665192,0.31577942,0.45642412,0.29989433,0.6004566,0.48066202,0.22661765,0.37002355,0.6491842,0.4509433,0.6017892,0.44956487,0.68623227,0.68031937,0.69015193,0.67042446,0.8254517,0.90594137,0.8058371,0.8853386,0
0.262467,0.13065962,0.27274013,0.10784531,0.23782203,0.113171294,0.4240167,0.07803702,0.36703637,0.09238329,0.62610745,0.15735447,0.5325808,0.16232069,0.65485334,0.32225162,0.44899797,0.2996542,0.5830562,0.4823888,0.22518897,0.3695507,0.6526948,0.45643854,0.59618765,0.45349702,0.67831147,0.68293875,0.66722614,0.6695532,0.8206316,0.9056381,0.7916725,0.8807755,0
0.2656714,0.12800023,0.27299562,0.10484281,0.24479528,0.108924225,0.4298626,0.07316962,0.40445203,0.08443356,0.6130167,0.15628617,0.58033895,0.15670915,0.6309537,0.32804167,0.45336208,0.30101973,0.55500674,0.47949606,0.20309967,0.36972037,0.64542675,0.45574036,0.63397133,0.4512478,0.6682463,0.6800788,0.68002707,0.6671101,0.8237503,0.9060396,0.8076902,0.8797518,0
0.26254794,0.12908702,0.26572713,0.10661331,0.24529622,0.1115357,0.4048501,0.07861653,0.396779,0.091161296,0.6183364,0.15761653,0.55902815,0.15998153,0.640319,0.32248566,0.46874416,0.2976162,0.49765167,0.4730534,0.2397119,0.3674262,0.6682901,0.4489994,0.6326815,0.44573575,0.6852373,0.6781889,0.6898021,0.6688677,0.81464326,0.9057333,0.792078,0.88502824,0
0.2697267,0.1265222,0.2690122,0.10363929,0.253462,0.108656734,0.40316826,0.07293529,0.41228926,0.08599586,0.61738116,0.15225849,0.5683037,0.15519518,0.62769777,0.32097998,0.4649599,0.29707292,0.50084627,0.47371364,0.23648487,0.36690184,0.66560775,0.44680542,0.63896865,0.4434957,0.68176824,0.6751238,0.69242364,0.6651261,0.8254381,0.9015003,0.8019551,0.878329,0
0.24876206,0.13092856,0.24915998,0.10742356,0.22817,0.11324527,0.3903252,0.077679634,0.38949388,0.09209737,0.5961527,0.15935344,0.5697019,0.1621602,0.6163547,0.32712007,0.4548481,0.30277604,0.4703509,0.47217572,0.21733567,0.369456,0.64470434,0.453594,0.6346641,0.4502441,0.6691403,0.6792147,0.687983,0.6691309,0.81912994,0.90559405,0.8089471,0.8833093,0
0.24783012,0.13059476,0.2557913,0.10706082,0.22317797,0.113068156,0.41472623,0.077214286,0.37007996,0.09242678,0.61804986,0.15646072,0.5594372,0.16111211,0.6025815,0.32026482,0.45455948,0.29952013,0.43116495,0.4617045,0.22347157,0.36606696,0.6615227,0.4450172,0.6272441,0.44212288,0.67139614,0.6729632,0.68738675,0.66182655,0.81350815,0.9064353,0.80267537,0.88562393,0
0.24158548,0.1292262,0.24307145,0.10491485,0.21671517,0.11184306,0.3898008,0.07335467,0.3659817,0.090959735,0.6009072,0.15311454,0.54579794,0.1629407,0.59343827,0.3175717,0.44188222,0.30876946,0.3854048,0.45006374,0.17018221,0.3675296,0.6380355,0.44376695,0.60831124,0.44238552,0.6577059,0.6656308,0.67981505,0.6554547,0.81981486,0.90136415,0.8052996,0.87664884,0
0.25352114,0.13176396,0.25706315,0.107415155,0.2260465,0.11491056,0.4073639,0.07403784,0.35844475,0.093989566,0.62304866,0.1501038,0.52030694,0.16574988,0.5867384,0.29976645,0.42796063,0.30981264,0.3198303,0.41039985,0.1314518,0.38148308,0.64572585,0.44497108,0.58432436,0.445403,0.65386987,0.66917896,0.6720387,0.6604448,0.81818146,0.90412045,0.7938277,0.8879677,0
0.25525588,0.13032292,0.2584368,0.106354885,0.23110606,0.11350093,0.40566498,0.07358909,0.37770697,0.09191151,0.593768,0.14621428,0.56591904,0.15909974,0.5422241,0.29282004,0.45723674,0.30316442,0.254441,0.393276,0.16852918,0.37858507,0.6348676,0.43013316,0.62299496,0.42978752,0.6434674,0.65365386,0.6800239,0.64653933,0.82194966,0.8914057,0.7989057,0.8751459,0
0.25142294,0.1294759,0.25731373,0.10556984,0.22341482,0.11343956,0.40620765,0.07401261,0.3456801,0.0944644,0.61835635,0.14573358,0.51400846,0.16259265,0.6016747,0.28694868,0.4368141,0.3012408,0.3266122,0.38871077,0.14605287,0.3771323,0.64036113,0.42536741,0.5770497,0.42605624,0.6435483,0.64893603,0.66506195,0.64124274,0.8170292,0.89247674,0.781543,0.873865,0
0.2507341,0.13109326,0.25611627,0.10707524,0.22426805,0.11457352,0.40964124,0.075250104,0.35703304,0.09471359,0.622686,0.14790958,0.52867615,0.16153406,0.5841548,0.292668,0.44618663,0.3023821,0.25496185,0.3827917,0.17742299,0.3736649,0.64037687,0.42904398,0.58276236,0.4284928,0.6312662,0.65018374,0.6516408,0.6436124,0.8174618,0.8937601,0.79230833,0.876898,0
0.2267023,0.12994917,0.23631692,0.10667423,0.20375434,0.11145854,0.39986175,0.07278905,0.35391593,0.086704254,0.60501444,0.15194842,0.54498786,0.156912,0.5435882,0.3111253,0.46300197,0.3059658,0.25657278,0.3975453,0.19367297,0.37142903,0.60890937,0.43520024,0.5757831,0.43136588,0.6193704,0.6515702,0.65598404,0.6415088,0.8265912,0.89206815,0.80343914,0.8757504,0
0.14691809,0.1268495,0.15451849,0.10521568,0.120159835,0.112036005,0.34120837,0.07667251,0.30205172,0.092959024,0.5547425,0.14527765,0.47388056,0.15155175,0.49559045,0.29059598,0.40759578,0.29854363,0.18364699,0.39224955,0.15932167,0.39516637,0.56706876,0.42676896,0.50821584,0.42283762,0.5818223,0.64659154,0.593372,0.63492996,0.80381715,0.88380164,0.76957965,0.864978,0
0.12534945,0.12719655,0.13549483,0.10324566,0.09643194,0.10899718,0.32848272,0.069656275,0.27981335,0.08468666,0.5492454,0.14133823,0.50934565,0.14865552,0.4882158,0.29159176,0.43249792,0.29918256,0.15806161,0.3752121,0.14807802,0.37178808,0.5703609,0.41701236,0.54535955,0.41340464,0.5555481,0.63507646,0.6073996,0.6261079,0.8069427,0.88987726,0.7667796,0.8688262,0
0.12840211,0.12584968,0.14087215,0.10263483,0.10014843,0.10762858,0.33876222,0.070651725,0.29488015,0.08359194,0.5426882,0.14323778,0.52219725,0.14503978,0.44189528,0.29565212,0.45765382,0.29954886,0.18596858,0.40738735,0.20495193,0.41304606,0.554601,0.42679423,0.5351272,0.4214506,0.55004334,0.6469773,0.60276586,0.63663906,0.7954152,0.89405143,0.7592796,0.87912923,0
0.12740192,0.12558818,0.14255574,0.10250563,0.09848215,0.10779355,0.34171012,0.07113037,0.27875462,0.085069515,0.541278,0.14312832,0.498775,0.14873509,0.42973024,0.29378358,0.41206542,0.30143338,0.19293506,0.4090198,0.15956892,0.40281144,0.5522601,0.42898393,0.52065825,0.4252393,0.5617864,0.6517585,0.6003548,0.6406898,0.79489195,0.8949652,0.756962,0.8772376,0
0.16407049,0.116836384,0.18748827,0.0937337,0.13352971,0.09960175,0.3888608,0.066795826,0.2813339,0.08172026,0.59333134,0.13999338,0.48540246,0.14624524,0.49180865,0.28913435,0.4430583,0.29602224,0.20062514,0.38940093,0.19963247,0.3940528,0.5798495,0.4185314,0.5045525,0.41516262,0.57735455,0.63703406,0.6196463,0.6283446,0.8026268,0.888311,0.78041464,0.87562746,0
0.13549863,0.12205786,0.15267196,0.09923725,0.112623006,0.10371771,0.3517486,0.071662806,0.31119147,0.08265232,0.52761567,0.14761439,0.53837335,0.14825922,0.39789614,0.30011535,0.42622128,0.30228335,0.12687255,0.4003598,0.15413825,0.40473792,0.5481443,0.4267801,0.5543518,0.42229107,0.55040956,0.6451011,0.62733287,0.6379857,0.8148916,0.8968784,0.78235996,0.88984656,0
0.23527975,0.11901319,0.2458865,0.09654731,0.21707246,0.10058567,0.3991887,0.0695343,0.40963513,0.07944298,0.5513154,0.15186624,0.6345552,0.15294093,0.46033445,0.31071424,0.5114637,0.31162053,0.14745869,0.4119539,0.1888261,0.4085259,0.61663026,0.44352347,0.6747362,0.43957022,0.6366382,0.6634614,0.7273404,0.6564134,0.84503686,0.89511377,0.8293315,0.88504994,0
0.24294668,0.1155565,0.2506541,0.093849465,0.22949626,0.09813633,0.38955703,0.06939964,0.4179911,0.07963805,0.5618975,0.1523619,0.6230859,0.15265135,0.469837,0.315965,0.5211961,0.31276625,0.13224341,0.4198391,0.19243336,0.41597342,0.61444545,0.44364622,0.655828,0.43916816,0.62941366,0.6662383,0.71210325,0.65941954,0.84875,0.8955473,0.8208143,0.8833879,0
0.30346245,0.12289905,0.3134352,0.10099735,0.2819766,0.10763969,0.45607388,0.07768201,0.4395995,0.09134541,0.5744443,0.15752535,0.6058321,0.15809998,0.4661245,0.3134863,0.50678337,0.30925348,0.15424679,0.4294134,0.2074719,0.42748606,0.6372759,0.44468793,0.65498024,0.43949398,0.6748539,0.66993654,0.7014035,0.66174734,0.8496757,0.8947785,0.8324584,0.88073504,0
0.30129606,0.12201551,0.3106247,0.10015215,0.28176686,0.10660915,0.45203397,0.07734299,0.44310704,0.09036393,0.5691687,0.15821104,0.6118019,0.15713815,0.46363744,0.31645843,0.5266314,0.30910504,0.14698888,0.42815188,0.23559052,0.42372507,0.6317944,0.44223785,0.6558768,0.43647513,0.66651034,0.6647546,0.6969739,0.6567873,0.8502387,0.8948882,0.8339735,0.8809415,0
0.31015494,0.12408991,0.3252276,0.10157324,0.28445473,0.10887371,0.4732079,0.08296276,0.43344086,0.09755469,0.5855609,0.17002682,0.6228873,0.16986348,0.45213652,0.32952362,0.5203799,0.32150447,0.13023855,0.43772724,0.23366268,0.43036106,0.6563126,0.45425805,0.6757552,0.44848374,0.6787731,0.6697876,0.7057463,0.6601597,0.8608217,0.8981888,0.8550339,0.8812001,0
0.31897578,0.12486387,0.33371764,0.10267692,0.2922658,0.11020985,0.47558063,0.08323184,0.4344957,0.09843645,0.581798,0.16684298,0.6244243,0.16716339,0.45731562,0.32615688,0.54565066,0.31807876,0.14305712,0.437852,0.27616426,0.42498544,0.64340925,0.4521683,0.6646509,0.44681457,0.67767346,0.67556477,0.7065806,0.6667819,0.84907985,0.89577967,0.84181076,0.88178945,0
0.3072982,0.12088321,0.32545254,0.09858323,0.29172266,0.10505701,0.48699445,0.08519364,0.4517433,0.09717265,0.59881,0.17901845,0.65624666,0.17662536,0.45695138,0.32578483,0.5206759,0.31727666,0.12535958,0.42797738,0.24251968,0.41572604,0.65832335,0.45921418,0.68737715,0.45176885,0.69717824,0.6808116,0.7124588,0.6658342,0.8395145,0.8857354,0.8405348,0.870194,0
0.3090961,0.11929341,0.33878416,0.09639521,0.28392336,0.10144983,0.5032332,0.07697931,0.43246496,0.08717695,0.5856315,0.16720873,0.64589953,0.1645013,0.42199776,0.33447874,0.5201853,0.3208903,0.15809976,0.44374722,0.20896715,0.43147033,0.6355026,0.47030252,0.6753505,0.46504375,0.6626418,0.6915433,0.73126256,0.6820543,0.8556032,0.89714456,0.8339656,0.88137114,0
0.3201031,0.110032946,0.3562774,0.08976016,0.29224163,0.09287225,0.5110703,0.07814069,0.41405982,0.08297697,0.5919569,0.17473269,0.5875721,0.16701236,0.4469978,0.33932146,0.5023491,0.31943417,0.16700457,0.43967995,0.2111857,0.42328295,0.64654994,0.47179917,0.65226287,0.46438193,0.67968,0.6947393,0.7283759,0.6819535,0.87771434,0.9045378,0.8653105,0.88511825,0
0.31830993,0.11003624,0.35601774,0.08934313,0.2904333,0.092648126,0.5165344,0.07772413,0.4148506,0.08315731,0.5956363,0.17588873,0.5874836,0.17142959,0.4311498,0.3406508,0.475548,0.33237502,0.16450605,0.4416453,0.1847598,0.4436052,0.657265,0.4793482,0.66114354,0.47291178,0.6921598,0.70312315,0.7366194,0.6899986,0.88044304,0.90501994,0.866014,0.88584185,0
0.30094144,0.100814745,0.34610373,0.081386514,0.28782466,0.083825774,0.51311886,0.07982797,0.40243548,0.08264527,0.5718263,0.17525233,0.61947864,0.16847421,0.40937144,0.33614147,0.46956638,0.31230113,0.15884316,0.436412,0.23306237,0.3692804,0.6062701,0.4622595,0.6367408,0.45712316,0.6594806,0.68249714,0.7103106,0.6678844,0.85446036,0.89288795,0.84037006,0.87144506,0
0.28986517,0.12802213,0.3172883,0.10650024,0.27143595,0.10908581,0.47931662,0.08804626,0.41379553,0.09400319,0.58110946,0.17772906,0.60970145,0.17418092,0.43621638,0.3361427,0.4640303,0.32971036,0.16819015,0.43904188,0.19147636,0.43537602,0.6120953,0.46331862,0.634664,0.4576225,0.65207255,0.68325543,0.7046908,0.66815317,0.8500273,0.8981073,0.8177647,0.8787277,0
0.26231894,0.098125465,0.30687335,0.079478696,0.25285277,0.0819026,0.4861776,0.07942677,0.38575527,0.08261595,0.58033633,0.16978052,0.5826389,0.16557117,0.42251715,0.3262866,0.44663003,0.3206693,0.13283667,0.4377222,0.16046262,0.43565157,0.60302615,0.46115705,0.5976797,0.45623112,0.65225023,0.6829005,0.68412465,0.67156297,0.84882945,0.8970847,0.7937794,0.8806435,0
0.20710354,0.10391708,0.24618551,0.08409033,0.20289968,0.08639508,0.43233523,0.0815074,0.38432083,0.08330016,0.5323657,0.17286311,0.59408313,0.16125026,0.37390926,0.33637208,0.46231768,0.30797467,0.07697503,0.44696763,0.19278705,0.39757252,0.5665359,0.4573398,0.59900814,0.45074406,0.5905664,0.67165685,0.69080114,0.6655859,0.77506727,0.89094985,0.74532527,0.8906863,0
0.20222576,0.10052707,0.24648388,0.08109598,0.19342335,0.08333034,0.43358192,0.0794549,0.35177886,0.081514835,0.5276196,0.16884953,0.5558181,0.15973115,0.3725883,0.32450092,0.41911057,0.3038301,0.12763976,0.42896175,0.17088082,0.38852873,0.54644865,0.45245418,0.5577893,0.44636402,0.56178784,0.67041844,0.6478488,0.6621176,0.7718585,0.8934447,0.73593915,0.8879253,0
0.20126449,0.100516796,0.24622475,0.081122875,0.19185628,0.083337255,0.43553883,0.07952561,0.35507247,0.0814249,0.5272098,0.16703793,0.5649695,0.15872853,0.37382057,0.31910127,0.43681884,0.30660796,0.13607708,0.4314212,0.19110155,0.4142646,0.55001277,0.45211774,0.5672389,0.44639346,0.56885576,0.6733304,0.66095936,0.66689205,0.7757042,0.89328384,0.7397429,0.8917531,0
0.14462495,0.12545712,0.1760632,0.10552263,0.14378275,0.105826855,0.38627884,0.09123517,0.37463513,0.090839766,0.49833566,0.17339078,0.5651576,0.1617643,0.3566925,0.31777164,0.42413017,0.30476445,0.14757776,0.40074524,0.18158561,0.39870396,0.50730467,0.45047703,0.54458517,0.44313073,0.55419225,0.6691907,0.6389022,0.66135085,0.825244,0.88770753,0.7781529,0.8824467,0
0.1606558,0.10958186,0.18576953,0.089523226,0.16041343,0.091778085,0.37062484,0.07920704,0.37824064,0.08250942,0.5065414,0.16355228,0.56232977,0.15602374,0.39433065,0.31415534,0.439555,0.304272,0.1946301,0.4122613,0.19765347,0.4043612,0.51963246,0.43867147,0.5500106,0.43280065,0.5551389,0.65078634,0.64197266,0.64590484,0.8085767,0.8849883,0.78412664,0.8839619,0
0.14603727,0.11696129,0.15180628,0.09757023,0.1557162,0.099847175,0.29091817,0.08653451,0.40125602,0.08968806,0.4651199,0.17126663,0.56573826,0.16275154,0.3814016,0.3202011,0.43328562,0.30189085,0.19012466,0.40646112,0.18468449,0.3709393,0.50877833,0.45429277,0.5680831,0.44802228,0.58058727,0.6731419,0.64519167,0.6671755,0.82026976,0.8903786,0.79703635,0.8777815,0
0.15605538,0.117349535,0.15838899,0.09801073,0.16720419,0.10036991,0.28028035,0.08888045,0.41540772,0.09171915,0.45822605,0.17530356,0.57196164,0.16693358,0.3833213,0.32110238,0.4534414,0.31061357,0.1582999,0.40080577,0.19042428,0.3959495,0.5100823,0.45252362,0.57709515,0.4462484,0.5696088,0.66921794,0.65204954,0.6656424,0.8194661,0.8881035,0.7862686,0.8802166,0
0.18001501,0.12758008,0.20476706,0.10694392,0.1698925,0.10902891,0.387101,0.090169765,0.36826053,0.094194226,0.50565296,0.17431946,0.5583352,0.16552153,0.38354045,0.32214302,0.41813597,0.30606475,0.15610367,0.39363295,0.16151483,0.38038337,0.5059033,0.44138613,0.538325,0.43450648,0.5237771,0.64750904,0.611785,0.63999534,0.8016834,0.8832299,0.7732529,0.8772564,0
0.18044332,0.119326524,0.20909746,0.09903598,0.17372625,0.100848414,0.39326587,0.086437464,0.37073764,0.08920565,0.5048173,0.1726568,0.5554036,0.16298456,0.38427255,0.3224473,0.4181515,0.3056958,0.16042966,0.39524797,0.1665039,0.38037646,0.50422657,0.4377461,0.53464156,0.43094927,0.5172637,0.6409569,0.6141697,0.63454217,0.7983298,0.8834048,0.7733565,0.8800724,0
0.18573704,0.12835479,0.21432726,0.1080811,0.18120997,0.10909079,0.39701754,0.09319869,0.37125307,0.09489403,0.5312429,0.18297216,0.5395087,0.170327,0.42568117,0.3375499,0.39401492,0.3058779,0.19056007,0.39688933,0.1463763,0.36027333,0.49846232,0.4640833,0.4985634,0.45609713,0.5787595,0.6864712,0.6095153,0.6756289,0.8186919,0.89369357,0.7666215,0.8785267,0
0.17985193,0.117048025,0.20109268,0.097547,0.18220279,0.09912567,0.36140025,0.0873486,0.39017123,0.0894887,0.510044,0.17737909,0.544099,0.16725673,0.41679966,0.32841435,0.41311756,0.31116143,0.20933463,0.39902332,0.19094028,0.39425763,0.50616384,0.4567051,0.52208066,0.44942358,0.5715184,0.6800367,0.6248946,0.6705781,0.82423526,0.8914893,0.778448,0.8778922,0
0.16003905,0.10778932,0.18232225,0.08927736,0.17205699,0.09032021,0.3330673,0.08592052,0.38419285,0.08569999,0.48386326,0.18029386,0.52875865,0.16800036,0.41347724,0.33757338,0.40034938,0.31070578,0.2355076,0.4128573,0.17998941,0.37679783,0.49644423,0.46389556,0.5207949,0.45684266,0.57399935,0.6868064,0.62939936,0.67805296,0.8329507,0.9008239,0.79887635,0.884608,0
0.1891878,0.11813938,0.22811197,0.09845009,0.18086307,0.100670315,0.41952193,0.08779297,0.3298452,0.092204235,0.5415975,0.17249659,0.49926153,0.16742754,0.43518674,0.3276259,0.36419538,0.30344003,0.23311861,0.4023575,0.12804551,0.3386092,0.5114442,0.45561078,0.48088586,0.4509507,0.56853354,0.681895,0.61111885,0.67145723,0.8124951,0.9021019,0.76860654,0.88672495,0
0.15547748,0.10504355,0.18954566,0.088105105,0.15718947,0.089877896,0.3695171,0.082043454,0.33953878,0.08464866,0.5102399,0.17171803,0.49988675,0.15931101,0.40706235,0.32866922,0.39390063,0.2881149,0.15998429,0.3781547,0.1304889,0.32868654,0.5077924,0.45618823,0.49810845,0.44915462,0.58733916,0.68868256,0.63527244,0.6813013,0.8353736,0.9031787,0.80444306,0.8882448,0
0.14203717,0.11474853,0.17591892,0.09682302,0.14595777,0.09758349,0.3736846,0.0866312,0.35396734,0.08760447,0.49698213,0.17376614,0.5073634,0.1632955,0.39114347,0.330105,0.38826707,0.308109,0.18111666,0.3992516,0.16461326,0.3914013,0.5112012,0.45987406,0.51463175,0.45363197,0.58621025,0.68771493,0.6192863,0.680763,0.8401732,0.8986171,0.76649106,0.8860792,0
0.14593393,0.11405218,0.18570216,0.09527225,0.14293513,0.096801475,0.38611996,0.089254096,0.32198697,0.091301106,0.5280843,0.17493853,0.48272914,0.16655187,0.41342878,0.32607353,0.35398057,0.3083413,0.18189847,0.39396435,0.14214267,0.37852117,0.51098347,0.46686515,0.4711344,0.46107566,0.57530284,0.6924142,0.6003491,0.684648,0.81439716,0.9012089,0.75441813,0.8885657,0
0.19576773,0.13141565,0.24303377,0.11249123,0.18210094,0.11225586,0.4476531,0.09655857,0.33480114,0.09574084,0.54442847,0.18264659,0.49510968,0.16547056,0.40337172,0.34191522,0.36126462,0.29120597,0.16225669,0.38523558,0.1269572,0.3349839,0.5408947,0.45646214,0.5096838,0.44839552,0.60007405,0.68952423,0.61733854,0.6825418,0.85901624,0.8984966,0.7871798,0.88527775,0
0.20555073,0.13061583,0.25088954,0.11077065,0.1888279,0.11092875,0.45134827,0.09705639,0.33085027,0.0972188,0.5582235,0.18603782,0.4902087,0.17128658,0.43036252,0.34220943,0.3445708,0.3073431,0.1918383,0.39474186,0.1404051,0.36308613,0.5191443,0.4666509,0.4733991,0.45805153,0.54579526,0.68559074,0.5850422,0.6719611,0.8062516,0.89889026,0.75685465,0.8828217,0
0.21534473,0.1348609,0.25836542,0.11418245,0.19349916,0.11535182,0.4539348,0.09595537,0.3250514,0.099117465,0.55703247,0.1819468,0.49346453,0.17270173,0.396237,0.33333036,0.34370968,0.30262047,0.2018496,0.39910883,0.13049313,0.34258598,0.53087264,0.46692118,0.48682168,0.46072927,0.5794574,0.69212013,0.6068119,0.6790045,0.807962,0.9031837,0.7499664,0.88936,0
0.21466795,0.13393,0.2594962,0.11332111,0.1951393,0.1137949,0.4602852,0.09577446,0.33150172,0.09717417,0.56264436,0.1822678,0.50111425,0.17060122,0.40795854,0.33499923,0.3566226,0.30118322,0.1725346,0.38966247,0.12621664,0.33678922,0.5335351,0.46447206,0.49008107,0.45725507,0.56572604,0.68832284,0.60034275,0.67593926,0.8080913,0.90273225,0.74836725,0.88923144,0
0.2149828,0.13501501,0.26151514,0.11421775,0.19159597,0.11500256,0.46254098,0.09601612,0.3179406,0.098180056,0.5650541,0.18176985,0.4955087,0.17069992,0.40802372,0.33300304,0.35482413,0.29779547,0.18347423,0.39204296,0.12954843,0.33075327,0.53513116,0.46248737,0.48657823,0.45553693,0.5696385,0.68751305,0.60314,0.67482066,0.8100504,0.9016961,0.74980634,0.88922685,0
0.21509108,0.13571736,0.25701857,0.11517961,0.19313966,0.116157964,0.44450486,0.097559355,0.31954286,0.10024199,0.553424,0.1844934,0.4842566,0.17375283,0.4123527,0.33784878,0.33613926,0.29996526,0.21326455,0.39675042,0.12514058,0.32873097,0.52932847,0.46152896,0.48330694,0.45515147,0.55500585,0.67866343,0.59173596,0.6671617,0.8052161,0.89721507,0.7466662,0.88392437,0
0.20930058,0.13630205,0.24750909,0.115311004,0.18787366,0.11688194,0.43708363,0.0954545,0.318803,0.100043796,0.55390644,0.1819315,0.48159164,0.17519188,0.41848782,0.33572635,0.32911325,0.30247238,0.22728878,0.4111751,0.10036669,0.32848814,0.5320369,0.46393046,0.4867341,0.4584335,0.55929047,0.68371075,0.5909752,0.6694164,0.81082374,0.8996337,0.7668744,0.88159806,0
0.21270277,0.13459162,0.2574565,0.114422455,0.19652933,0.114481404,0.44764304,0.099779606,0.3214512,0.100265,0.55935097,0.19093215,0.45595422,0.17637384,0.42656577,0.3475049,0.31023994,0.3016459,0.19199283,0.37777817,0.11923898,0.3183998,0.5288942,0.46397352,0.46016908,0.4566496,0.53386766,0.6741812,0.56965816,0.66313106,0.808878,0.89118826,0.7539993,0.8766891,0
0.22668327,0.13568088,0.26752093,0.11707563,0.21849577,0.116011545,0.44830313,0.103335954,0.36788908,0.1014966,0.551537,0.19239254,0.49932933,0.17566752,0.46285486,0.3495693,0.38435054,0.3018704,0.17566524,0.37950706,0.17433675,0.32766905,0.5378875,0.47019306,0.5041876,0.4624145,0.5759364,0.6867526,0.59797716,0.67847955,0.83351284,0.8901169,0.73806536,0.87873966,0
0.21385047,0.13326576,0.26357067,0.11277063,0.19069101,0.11349163,0.45317703,0.09962034,0.29344073,0.10131912,0.5543641,0.18933241,0.44250947,0.17739305,0.4558591,0.3422346,0.3074422,0.29320255,0.27537176,0.41545317,0.12623833,0.31284836,0.53545207,0.46537796,0.46268377,0.459969,0.57331806,0.681936,0.59287244,0.67067736,0.798771,0.89734876,0.74208313,0.8845656,0
0.21424295,0.13317367,0.2639267,0.11270275,0.19167444,0.113423586,0.4531551,0.0998249,0.2936417,0.10151937,0.55591166,0.1901133,0.4424386,0.1777004,0.45641276,0.34365344,0.30417642,0.2897215,0.2736172,0.4144452,0.12350159,0.29764426,0.5366802,0.46594867,0.4623704,0.46056527,0.5751575,0.6821926,0.59154814,0.67092246,0.79716074,0.8970474,0.7396768,0.88380736,0
0.21701439,0.13524437,0.25562432,0.11524367,0.19881597,0.11638536,0.42483884,0.10041225,0.31356794,0.10344815,0.55275923,0.18748184,0.44371223,0.17638569,0.45284787,0.3385739,0.30729157,0.28665364,0.2628559,0.40039605,0.1173997,0.2920828,0.53466976,0.46132538,0.46318808,0.456216,0.5734613,0.677596,0.5921529,0.6680048,0.8042511,0.89913636,0.7536421,0.8834108,0
0.21486743,0.13625824,0.26569718,0.11616294,0.19198844,0.11652901,0.45063487,0.10058396,0.27563694,0.102686405,0.5566116,0.18362683,0.39117494,0.176097,0.39980987,0.3181318,0.26590404,0.2910976,0.12900752,0.30657062,0.087238446,0.26661676,0.52809495,0.45284972,0.4163541,0.44814453,0.5400605,0.6708373,0.563604,0.6586952,0.8009557,0.9004965,0.7604188,0.88109666,0
0.21798342,0.11549153,0.26060632,0.09706803,0.20436488,0.098668,0.4138468,0.09310756,0.30396277,0.096021935,0.5383829,0.18383238,0.4280415,0.17601293,0.43162617,0.3361972,0.3104938,0.301336,0.26538193,0.41829675,0.14793278,0.3453069,0.5375265,0.46499556,0.45613173,0.46139017,0.5829044,0.68331116,0.5808363,0.67486167,0.8111833,0.8971859,0.73679996,0.8839973,0
0.21744373,0.11426441,0.28100893,0.09513054,0.19019252,0.09550323,0.46666026,0.09048682,0.25713304,0.09057165,0.5458573,0.18072581,0.41829428,0.16936749,0.42708054,0.33532894,0.302634,0.29641503,0.26174796,0.42388052,0.14340706,0.348423,0.537001,0.4643224,0.44795585,0.45960006,0.577199,0.6856366,0.5855845,0.675013,0.81123,0.9002807,0.7308641,0.8885771,0
0.19810425,0.13211767,0.24673478,0.11205492,0.17547615,0.11217113,0.43662268,0.09600687,0.28541547,0.09692368,0.5333282,0.18365899,0.42758003,0.17178747,0.39877537,0.3360365,0.2884036,0.29400045,0.22228053,0.41741118,0.102551304,0.33352983,0.51662964,0.46504337,0.44208685,0.4594414,0.5739664,0.68305147,0.5694251,0.6705294,0.81227386,0.89846253,0.7300852,0.88450676,0
0.19870265,0.13225286,0.24741758,0.11225798,0.17636243,0.112269975,0.43692875,0.09628424,0.28618163,0.096958965,0.53355014,0.18389395,0.42629382,0.17159727,0.4022713,0.33556306,0.28836656,0.29278976,0.22705159,0.41675556,0.103743136,0.33257818,0.51489574,0.464765,0.43952382,0.4589854,0.5724479,0.6827909,0.5678386,0.66999847,0.81095517,0.89835036,0.7296963,0.88410085,0
0.19310376,0.1153327,0.25238818,0.09621477,0.17002447,0.096916676,0.4386942,0.09061413,0.24806117,0.09161186,0.5341763,0.18105155,0.40353698,0.17058206,0.40952232,0.3370582,0.29027602,0.29492766,0.2242392,0.41442195,0.108472176,0.32156894,0.51598525,0.4615592,0.4230083,0.4571563,0.56278396,0.679574,0.56498295,0.66947985,0.80649257,0.89752597,0.73541427,0.8848126,0
0.205569,0.13756411,0.2500358,0.11712032,0.1745987,0.11747017,0.43072194,0.09651957,0.28012297,0.09868365,0.5391468,0.18080483,0.40020335,0.17165637,0.41032225,0.3289899,0.29399672,0.31070495,0.2306839,0.4279467,0.15515234,0.42255744,0.5198227,0.4640786,0.42610162,0.4585314,0.56068194,0.6812624,0.5588291,0.67026675,0.7906796,0.89719945,0.71576965,0.8849039,0
0.16635823,0.12283447,0.18434368,0.10388422,0.16340818,0.10560233,0.3144134,0.093646094,0.3373522,0.09694257,0.49918443,0.18253002,0.42556134,0.17538144,0.45225614,0.3381512,0.34272775,0.32184273,0.23748112,0.4317533,0.16850324,0.41834965,0.5004382,0.4640772,0.44608644,0.45943308,0.5381332,0.6734389,0.5603404,0.6688804,0.81997615,0.8965772,0.7371355,0.8873105,0
0.18064843,0.120962285,0.21735175,0.101626635,0.15995681,0.10359087,0.3720131,0.09103947,0.28111443,0.09542541,0.51627004,0.1791769,0.41310203,0.17344078,0.43237153,0.33697763,0.33086908,0.3210748,0.22152597,0.4370289,0.16639405,0.41923636,0.5160309,0.46449673,0.44134668,0.46071494,0.55452716,0.6804517,0.5701741,0.6732878,0.82055664,0.89906734,0.73043436,0.8892861,0
0.1929745,0.1146631,0.23857209,0.0949954,0.1620287,0.09743233,0.39780372,0.085954,0.25013393,0.09128151,0.51958716,0.17355351,0.40294057,0.16892944,0.42308018,0.33012748,0.32901555,0.31965688,0.18578531,0.4401955,0.15508734,0.43958297,0.5079924,0.4574104,0.42708826,0.45397264,0.5450754,0.6685984,0.57007456,0.66296864,0.8032394,0.88946307,0.7338138,0.883996,0
0.17920105,0.11616474,0.21740262,0.09691458,0.15771364,0.09885674,0.3713116,0.0878656,0.27141088,0.09195524,0.5139012,0.17581658,0.40666935,0.16995302,0.4355367,0.32846653,0.33317417,0.31806338,0.1975931,0.42734414,0.16972825,0.43722343,0.51121366,0.4579087,0.4348862,0.453883,0.55388623,0.6706318,0.5741799,0.66464657,0.8071049,0.88781476,0.73433983,0.8798256,0
0.18924658,0.11612158,0.2329089,0.09690447,0.16381742,0.09854221,0.39837176,0.08768835,0.26992452,0.091289714,0.5380316,0.17269611,0.4082027,0.1664639,0.46438906,0.32495582,0.3416015,0.3166244,0.20315288,0.41026947,0.17898428,0.43239394,0.53386104,0.45470226,0.4434436,0.45044363,0.5705881,0.66999006,0.59143823,0.6633856,0.8024771,0.89453423,0.72879815,0.88306344,0
0.1818258,0.1184181,0.23417088,0.09834643,0.1499063,0.09972506,0.39910176,0.08813763,0.22625872,0.090978146,0.52384305,0.1790177,0.37962484,0.1685752,0.43711808,0.33255133,0.32212797,0.3079535,0.18622243,0.39023402,0.15350376,0.38949874,0.4995802,0.45449555,0.3999567,0.449009,0.5345038,0.6683961,0.576023,0.66151935,0.808274,0.88469815,0.7509412,0.87803507,0
0.20080969,0.14002413,0.23517838,0.11864622,0.16523157,0.12014425,0.3941597,0.09278202,0.26838267,0.09789362,0.54581887,0.17850661,0.39409944,0.16678014,0.46054688,0.33428997,0.3277094,0.30428624,0.15758029,0.36493698,0.14081956,0.36834997,0.5002145,0.45700994,0.3998739,0.45020926,0.52740765,0.6663972,0.55566233,0.659622,0.8081376,0.8868576,0.73659587,0.87973577,0
0.15921551,0.1204479,0.21233758,0.101415604,0.12907867,0.10310898,0.3884154,0.09410285,0.20746915,0.098035,0.5206992,0.18053031,0.35026357,0.17539826,0.46530822,0.33322963,0.3142577,0.3217287,0.23703675,0.42766544,0.15316303,0.43532002,0.5112573,0.46536973,0.39657605,0.46106434,0.5420096,0.680408,0.55355227,0.6683453,0.7998305,0.8975029,0.7525481,0.8745407,0
0.13814227,0.12266483,0.16170745,0.104557775,0.1335858,0.10610604,0.30809587,0.09561958,0.29206258,0.09915561,0.49858877,0.1794196,0.37107134,0.17612123,0.46451095,0.3313798,0.32124668,0.3251222,0.22760321,0.4305756,0.15572977,0.44002202,0.5086834,0.46335492,0.42009443,0.45955503,0.5428166,0.6748263,0.53552586,0.6671859,0.8055022,0.89697033,0.7502709,0.8685056,0
0.12398468,0.11866202,0.14939816,0.100932024,0.12558264,0.10209823,0.30253932,0.09569816,0.29781145,0.097653195,0.4968214,0.18198748,0.37745154,0.17663151,0.4622366,0.33621493,0.3222581,0.32623315,0.2220847,0.43635616,0.15230782,0.44179592,0.506189,0.4676033,0.42241684,0.46313518,0.5486736,0.6783526,0.54433084,0.67086095,0.80251133,0.89814603,0.7525288,0.8699237,0
0.15565124,0.11900759,0.20092505,0.10041309,0.13680167,0.10102518,0.37538427,0.09244662,0.2523536,0.09379926,0.5119952,0.1777761,0.37472463,0.17106453,0.454565,0.32727194,0.31863487,0.31686938,0.24796605,0.42910513,0.16184005,0.43655884,0.51794875,0.46230656,0.42267555,0.45815095,0.557869,0.67650235,0.5671501,0.66771835,0.80341893,0.89433193,0.7465417,0.8761625,0
0.16527894,0.12095668,0.1910734,0.10299441,0.15856962,0.10474825,0.33446062,0.095799826,0.30891368,0.09943924,0.51658225,0.18058947,0.40770644,0.17666216,0.4792062,0.3358087,0.3527078,0.32917204,0.23005177,0.4368372,0.15097801,0.44749,0.52620804,0.4681806,0.45023203,0.46393576,0.5705684,0.68325686,0.5731536,0.6750656,0.80623436,0.9002012,0.7594842,0.8753909,0
0.15629025,0.120064095,0.17873092,0.101265624,0.14728923,0.10323351,0.31709498,0.09077644,0.30443463,0.0950573,0.5006946,0.17675722,0.40485644,0.17295437,0.46883932,0.33160532,0.3515293,0.32660028,0.20043042,0.4268872,0.15795258,0.43931174,0.50275284,0.46627948,0.43521976,0.46201092,0.55376524,0.6810757,0.56742865,0.6735094,0.7983662,0.9011096,0.7352773,0.879593,0
0.15814675,0.11842993,0.18199097,0.0998229,0.14879248,0.10177658,0.3196601,0.089997865,0.29462975,0.094482325,0.5072219,0.17591043,0.3815391,0.17363316,0.47167602,0.32921037,0.33788604,0.3263436,0.21348253,0.42843726,0.16224167,0.44200042,0.50879484,0.46436387,0.42089912,0.46086362,0.55979234,0.6794425,0.55758125,0.6721018,0.799926,0.9012184,0.73827624,0.8774269,0
0.102437004,0.11545785,0.12040084,0.09784289,0.11036101,0.0992774,0.27022165,0.09340372,0.30986404,0.095391564,0.48726484,0.17722383,0.38836557,0.17325132,0.47339585,0.3295266,0.33653328,0.3265266,0.20693947,0.42907545,0.16097146,0.44233337,0.50847423,0.4645491,0.4369573,0.46041113,0.5624367,0.67809373,0.5565326,0.67349786,0.7943988,0.90113145,0.74416286,0.87494755,0
0.10658172,0.11569305,0.12222,0.09813223,0.11608406,0.09954005,0.26601052,0.09322768,0.31918165,0.09515276,0.48484474,0.17705193,0.3917096,0.17280479,0.47412282,0.3298896,0.3389438,0.3261439,0.20925945,0.42998052,0.1616663,0.44278744,0.5055946,0.46436626,0.43874773,0.4600585,0.5602155,0.6779709,0.5568325,0.67330265,0.79796284,0.90136874,0.74648076,0.8747785,0
0.15170884,0.11917229,0.17834952,0.1002321,0.13953236,0.10231934,0.3269941,0.090369895,0.29254365,0.09486742,0.5148689,0.17686301,0.40595248,0.17238946,0.4823162,0.3325912,0.34579465,0.32137185,0.24116407,0.42830393,0.16425338,0.42542928,0.52862483,0.46361113,0.45201138,0.4598024,0.56644106,0.6763103,0.5802838,0.6703682,0.814803,0.8877218,0.74539816,0.8728585,0
0.13282876,0.115480974,0.1543686,0.0967989,0.12871437,0.099022105,0.2990242,0.089080766,0.30049744,0.09328838,0.49877283,0.1756691,0.40669063,0.17072366,0.48324442,0.33442524,0.35054937,0.32206643,0.25736,0.43155962,0.16003495,0.4239854,0.50841475,0.46466604,0.44274327,0.46048266,0.5541915,0.67904747,0.5693089,0.67330384,0.8068106,0.89520055,0.7456443,0.877825,0
0.12769185,0.11535564,0.15825081,0.096636966,0.12051876,0.09830957,0.32672015,0.08899269,0.285386,0.09225845,0.50981975,0.17504841,0.39878166,0.1692665,0.47837725,0.33370858,0.3388053,0.31961623,0.28509593,0.4283959,0.1724938,0.4167253,0.51740056,0.4664212,0.43737894,0.4624459,0.55704325,0.68177485,0.56977767,0.6758947,0.80370986,0.8946145,0.7374967,0.88000965,0
0.13523504,0.116996154,0.16468282,0.09837141,0.12621959,0.10020619,0.32854757,0.08974251,0.28273243,0.09360065,0.51201934,0.17334962,0.38777316,0.16888718,0.47995526,0.32826686,0.33099204,0.31948903,0.26644638,0.42759803,0.1675185,0.43211505,0.5132924,0.46052018,0.42479265,0.45687345,0.55969816,0.6768208,0.55937487,0.67110676,0.80573744,0.89444655,0.73048747,0.8779234,0
0.16215141,0.12203064,0.1991928,0.102305755,0.13681073,0.104670905,0.36463526,0.08904028,0.25216347,0.09487343,0.5260477,0.17295091,0.38151878,0.16942668,0.47346562,0.3267556,0.32141024,0.31789148,0.25317985,0.42520267,0.166108,0.4345716,0.5164825,0.45940095,0.41750252,0.45602316,0.55913866,0.67754376,0.5628093,0.67063004,0.80767167,0.89239955,0.72634757,0.8791052,0
0.16517264,0.12919858,0.19818117,0.10898676,0.13683052,0.11138447,0.3654329,0.090185694,0.2576081,0.096842535,0.5315008,0.17187947,0.3819541,0.16881008,0.4763833,0.32564616,0.32137576,0.3174324,0.25226682,0.42365485,0.16573776,0.43494004,0.5160022,0.45926973,0.4163939,0.45568067,0.5566332,0.6774901,0.559755,0.6699377,0.8102247,0.8940973,0.731885,0.8790432,0
0.15277521,0.12419331,0.18660718,0.10480013,0.13114893,0.10664322,0.35619208,0.0900054,0.26277113,0.09491968,0.5229929,0.17101438,0.38145667,0.1667834,0.47846934,0.32354486,0.32188743,0.31399426,0.28536955,0.42334938,0.18112098,0.42874548,0.52269673,0.4568886,0.42604235,0.45321935,0.5499665,0.6759888,0.55388814,0.6686043,0.8041763,0.8937916,0.7272339,0.877981,0
0.13082483,0.11729601,0.16019946,0.0981267,0.11508992,0.10079243,0.31735802,0.08739557,0.25803176,0.09347649,0.5021616,0.1704341,0.37699795,0.16874048,0.4711584,0.32260692,0.3212535,0.31804517,0.24946609,0.4209947,0.15905026,0.42971912,0.5095495,0.45897493,0.42204797,0.45582315,0.53805244,0.67969936,0.55539656,0.6724439,0.79289556,0.8940595,0.7229505,0.87459725,0
0.12780406,0.11767164,0.15227683,0.09861818,0.11682002,0.101070695,0.30112433,0.08764315,0.27413183,0.09302616,0.48678467,0.17181785,0.39205238,0.16915719,0.46110827,0.3276196,0.3308374,0.3179258,0.27515298,0.432983,0.14655575,0.41830212,0.5029662,0.46008462,0.4357924,0.4566341,0.53891814,0.67667514,0.55765635,0.6688528,0.7936005,0.8931371,0.71989113,0.8734715,0
0.10365452,0.115601994,0.13154182,0.096922494,0.09673443,0.09875855,0.29917035,0.08814802,0.27176225,0.09169611,0.49321723,0.17239238,0.38761297,0.16733246,0.470118,0.32856458,0.33526284,0.3197152,0.27285877,0.4353941,0.17295054,0.43815738,0.502284,0.45981207,0.42566964,0.45577422,0.5349657,0.6770135,0.5506546,0.6716343,0.79424816,0.89203346,0.71720153,0.87752306,0
0.1204845,0.116154596,0.13911152,0.09754377,0.11728306,0.10002046,0.2772682,0.087151244,0.2862002,0.092390254,0.48000783,0.16992182,0.39608288,0.16780281,0.46715662,0.32598653,0.33007073,0.30781442,0.24159369,0.42492357,0.11584138,0.3644841,0.49661282,0.45772633,0.43797362,0.4546436,0.53610003,0.67397237,0.5575256,0.6673415,0.7917618,0.8928182,0.730563,0.87101215,0
0.12534189,0.11612616,0.14410102,0.09721108,0.1201207,0.099834114,0.28051287,0.08619042,0.28426543,0.09186745,0.48216623,0.16973795,0.39409062,0.16813408,0.46948764,0.32509512,0.33009383,0.30816552,0.24320321,0.42413136,0.118368685,0.36737984,0.4983911,0.45747834,0.4371156,0.4545285,0.53526485,0.673083,0.55687207,0.6665043,0.78871566,0.89224637,0.72688055,0.8708645,0
0.14317772,0.1335297,0.16654074,0.11370054,0.1241481,0.11537481,0.3264416,0.09192844,0.28384897,0.09712105,0.4991898,0.17150468,0.39207304,0.16773826,0.45586377,0.32455456,0.32298967,0.31283754,0.25160274,0.4261982,0.14671178,0.4076273,0.50148606,0.4613825,0.43075126,0.45761377,0.5326649,0.6783903,0.55551445,0.67090714,0.7901695,0.8944554,0.7154304,0.879109,0
0.13780653,0.14331837,0.16714875,0.12244957,0.105422564,0.12474859,0.3470749,0.09483843,0.24273661,0.102276325,0.5062966,0.17207943,0.4019907,0.16892105,0.4653359,0.3277586,0.30841362,0.3001725,0.2641471,0.42140126,0.09488547,0.3389953,0.50413924,0.46476966,0.44092348,0.46091804,0.5406299,0.6830836,0.5618275,0.6711645,0.787729,0.89913774,0.72108483,0.87601167,0
0.14186226,0.14220794,0.17039593,0.12152029,0.110104635,0.12364136,0.3484559,0.09406872,0.25529942,0.10095282,0.5093447,0.17151566,0.40871373,0.16734524,0.46571344,0.32774568,0.32347214,0.3052653,0.25951335,0.42326516,0.12582576,0.3691617,0.5053526,0.46537733,0.44415084,0.46095708,0.53654766,0.68324566,0.56551474,0.6724579,0.7846684,0.8969983,0.71732,0.8769788,0
0.11415916,0.12424312,0.13264918,0.10603561,0.110182896,0.10823536,0.27529782,0.09370027,0.28533924,0.09854526,0.48204526,0.17485142,0.39200348,0.1715227,0.47013357,0.33179468,0.31596893,0.30859545,0.26421764,0.43132672,0.10484495,0.35867897,0.5043972,0.46300542,0.445661,0.4594833,0.5469421,0.67917424,0.5696499,0.6710042,0.7878834,0.8964458,0.7432141,0.8707756,0
0.1141557,0.12440415,0.12968269,0.1064769,0.11250284,0.1083024,0.2691261,0.09409847,0.30275154,0.09793,0.48100954,0.1751276,0.39236623,0.16980499,0.4618673,0.33249256,0.3195083,0.31471598,0.26643658,0.43199378,0.14445105,0.40003747,0.50611293,0.46376696,0.44647825,0.45941907,0.5392758,0.67933047,0.56069565,0.6726359,0.7900206,0.89437836,0.7295768,0.87141407,0
0.11343095,0.124127194,0.12899981,0.10622434,0.112008266,0.10804789,0.2687799,0.09405727,0.3031595,0.09784179,0.48137096,0.17503609,0.3927449,0.16964656,0.46278542,0.3324525,0.31974196,0.31418473,0.26932496,0.43170288,0.14426005,0.3977038,0.50745225,0.4637281,0.44763926,0.45945835,0.54088384,0.6792501,0.5618516,0.6729448,0.78866225,0.89455986,0.7280912,0.872579,0
0.10944537,0.12270879,0.13958995,0.10479589,0.1044696,0.10542703,0.31122333,0.09542112,0.28646412,0.09644923,0.48637325,0.17829284,0.39642188,0.16978833,0.4584789,0.33308354,0.32875186,0.31539682,0.2796947,0.43332082,0.16639316,0.41700125,0.5083873,0.46520874,0.44425294,0.46021223,0.5348637,0.67869055,0.5570814,0.67168766,0.786211,0.8916486,0.7191968,0.87369895,0
0.14881715,0.1257025,0.18631242,0.10786786,0.13164613,0.108253434,0.3548007,0.095183134,0.2577246,0.096666075,0.49858147,0.17629296,0.414095,0.1693982,0.466851,0.33853167,0.32541376,0.31033096,0.27337313,0.4309443,0.10336844,0.33379474,0.5039304,0.46257144,0.45318705,0.45740527,0.5620966,0.67784035,0.56499374,0.6612068,0.78208405,0.89735484,0.7630091,0.8639988,0
0.15987708,0.1400836,0.17952248,0.11949985,0.13802028,0.12219839,0.3359454,0.09439554,0.29287043,0.10212402,0.5017394,0.17418233,0.44154963,0.17202629,0.465458,0.3369271,0.34240758,0.30984673,0.28364766,0.4368542,0.11473843,0.33852366,0.5088224,0.46620825,0.47553656,0.462736,0.5567421,0.6821091,0.5838982,0.6703814,0.78442997,0.8988433,0.73741317,0.8761203,0
0.13359387,0.1220787,0.1534472,0.10364013,0.13424054,0.105942346,0.3004939,0.09283571,0.30681837,0.09775981,0.47947824,0.17409648,0.444295,0.17246895,0.4668809,0.33582804,0.3423701,0.3110727,0.28041086,0.43541,0.100462765,0.33083174,0.50512826,0.46229836,0.48258403,0.4594267,0.5574302,0.68233496,0.5834641,0.6721741,0.79746807,0.90081996,0.75613505,0.8753435,0
0.13355865,0.1218878,0.15791205,0.10318834,0.12959671,0.10516366,0.3057837,0.093248844,0.29700762,0.097353265,0.4759627,0.1775794,0.43339306,0.17403564,0.4493825,0.33435607,0.33598825,0.31131127,0.25506854,0.42685527,0.10940992,0.3473799,0.50943846,0.46668825,0.47869232,0.46324515,0.54591143,0.6880934,0.5795929,0.6777685,0.79160804,0.9043247,0.73083305,0.881845,0
0.13346605,0.12188127,0.15763782,0.10317511,0.12954238,0.10515132,0.3053537,0.09322805,0.29749814,0.09732933,0.47544438,0.1775074,0.43338034,0.17397623,0.44911993,0.3342479,0.3352802,0.3113245,0.25495136,0.42684677,0.10973757,0.34760752,0.50914824,0.4666756,0.47851044,0.46329543,0.5459359,0.6880727,0.5781529,0.6780428,0.7919397,0.90465903,0.72811985,0.88274,0
0.17419644,0.12228102,0.21351585,0.102659814,0.1564235,0.104715824,0.37829182,0.09268656,0.27101845,0.097158246,0.51971555,0.17929003,0.44372094,0.17472024,0.45439094,0.33828613,0.36405328,0.31710446,0.14736646,0.37583598,0.1207974,0.3277634,0.5350032,0.46840078,0.4793403,0.4639614,0.5834487,0.6943485,0.6103671,0.6811943,0.7930099,0.90816706,0.7536334,0.8839081,0
0.14955398,0.11892127,0.19198284,0.10027428,0.13896152,0.10187974,0.37087747,0.09345212,0.26735476,0.09687118,0.5003265,0.17867504,0.4324351,0.17683235,0.43564928,0.3439448,0.33922493,0.32450292,0.26195866,0.43368566,0.10298588,0.3400636,0.5184016,0.4698669,0.46975178,0.4667155,0.5660703,0.6902486,0.5850219,0.6742757,0.7982523,0.9046273,0.7613489,0.8759127,0
0.07859006,0.11801906,0.08188953,0.100968696,0.098874725,0.10241251,0.20777817,0.096109495,0.35655463,0.09680152,0.44002807,0.17919566,0.4594901,0.17129603,0.4527065,0.33728313,0.39551842,0.3263033,0.2656514,0.43415958,0.19281167,0.42280766,0.489952,0.47333223,0.50027275,0.46757853,0.5694389,0.6875518,0.59683824,0.68349934,0.8040316,0.9045433,0.7656453,0.8832801,0
0.088880695,0.11616517,0.09227634,0.09872685,0.108684935,0.100874476,0.21431461,0.09310274,0.3507927,0.095715284,0.44797254,0.17654485,0.46733752,0.17248644,0.4458861,0.3375301,0.3631241,0.3195105,0.25807792,0.4382212,0.12553188,0.36824325,0.49680877,0.47640973,0.5083632,0.47189346,0.5853835,0.69406116,0.5944395,0.6873519,0.8116823,0.903391,0.7585542,0.8758826,0
0.13101263,0.123460986,0.14831932,0.10502634,0.13284998,0.10689497,0.29939455,0.0954176,0.3410085,0.09847613,0.46971434,0.17914653,0.49572867,0.17305858,0.4399481,0.34202158,0.378005,0.32114932,0.28074703,0.4406827,0.14707506,0.3777172,0.51936173,0.4752866,0.5342105,0.47096863,0.5921864,0.69575316,0.62188464,0.6876664,0.8139935,0.902266,0.75675,0.88471013,0
0.13237068,0.12372382,0.14640926,0.10527678,0.13570544,0.10730314,0.29059175,0.09487639,0.34560794,0.09837379,0.46694106,0.17795599,0.496752,0.17255731,0.44386694,0.34238994,0.37658182,0.32003406,0.29187465,0.4492102,0.14555122,0.3725178,0.51744336,0.47494584,0.5362077,0.47084934,0.5946648,0.69595635,0.6207394,0.6876049,0.81653357,0.9032134,0.7603191,0.8839078,0
0.14098811,0.13525333,0.17069359,0.11531048,0.1262802,0.117007785,0.3659917,0.098374985,0.32079664,0.10205021,0.50501883,0.18140692,0.50658184,0.1723854,0.4330767,0.3396719,0.38142347,0.31715226,0.25731263,0.42775106,0.17893755,0.39498484,0.5297458,0.47764105,0.52802575,0.47138152,0.586692,0.70119834,0.6204828,0.6894604,0.80029994,0.90077806,0.7398283,0.8852607,0
0.143729,0.12692495,0.16840778,0.10675015,0.14015724,0.1087467,0.3603248,0.090610124,0.34040037,0.09515486,0.5249254,0.17453894,0.5127383,0.16813494,0.43746877,0.3378467,0.3829416,0.31592184,0.20199135,0.39393783,0.13862017,0.35249108,0.52292603,0.46893305,0.5106758,0.46334684,0.5787172,0.6898882,0.60025877,0.68089753,0.79380655,0.9016596,0.7492314,0.88370335,0
0.1377735,0.1250997,0.18177138,0.10514021,0.12547418,0.10618534,0.4056718,0.094035625,0.304205,0.09533138,0.53584856,0.17801695,0.50267744,0.16587272,0.44995806,0.33844107,0.39606887,0.3162454,0.2169154,0.40626243,0.18619758,0.40080452,0.5271986,0.4709559,0.4977963,0.46349895,0.57278705,0.6919888,0.6033729,0.6825697,0.79893225,0.8984931,0.74521434,0.88754106,0
0.14085513,0.1257915,0.18173839,0.105123565,0.12621123,0.10723672,0.39967176,0.092845485,0.30580956,0.096359156,0.52636766,0.17616515,0.52111447,0.16627248,0.42863488,0.33308378,0.40810466,0.3135879,0.20607166,0.3951026,0.18822564,0.38947102,0.5310775,0.4634209,0.52014035,0.4569861,0.5767214,0.6831686,0.62698257,0.6755259,0.7990961,0.8920735,0.7477825,0.88659143,0
0.11449458,0.1360001,0.14531097,0.114869975,0.09664131,0.11659155,0.361052,0.09514513,0.30006066,0.09861889,0.5068019,0.17881183,0.5134515,0.16601253,0.4316491,0.3406457,0.4459194,0.30639955,0.19918773,0.41950023,0.27388886,0.36882618,0.5158354,0.4657825,0.5159987,0.45821336,0.55374134,0.68025637,0.612174,0.67084444,0.7938826,0.89558834,0.74882436,0.8843209,0
0.11528562,0.13635722,0.14534621,0.11530819,0.09743894,0.11694977,0.36067915,0.09546013,0.3028686,0.098954104,0.51124287,0.17970547,0.50395495,0.16815796,0.4468277,0.3448845,0.40438372,0.31971014,0.21083868,0.42442188,0.17880899,0.40373752,0.515719,0.46740612,0.5115164,0.45990637,0.55554825,0.68024665,0.61400014,0.67115325,0.79325265,0.8951933,0.75414735,0.88352704,0
0.13317536,0.13658309,0.16900498,0.114734195,0.116273485,0.11571803,0.38526595,0.09518423,0.30906948,0.09673004,0.50825655,0.18615888,0.53367454,0.17130633,0.42930177,0.3586243,0.41934678,0.32665515,0.11383368,0.38214055,0.14751074,0.36865625,0.52008635,0.46806124,0.5365865,0.4589848,0.5624515,0.682268,0.6267642,0.6711235,0.78756166,0.8975997,0.7565569,0.8796282,0
0.14258197,0.13876203,0.17017174,0.11654959,0.11902379,0.11898374,0.3671299,0.095079415,0.30986005,0.10008433,0.49344334,0.17845722,0.53386664,0.16991562,0.3895084,0.3362787,0.41695753,0.32133448,0.17142814,0.42298946,0.19105683,0.4140246,0.5398321,0.45692024,0.56413335,0.4509339,0.5713946,0.6766461,0.64442706,0.66909254,0.79762924,0.8944845,0.76920104,0.88609385,0
0.16312654,0.13494067,0.19590418,0.11338427,0.14810151,0.1148236,0.3979579,0.0966238,0.33521837,0.09898757,0.5166928,0.18352908,0.53468364,0.17247896,0.40147725,0.33952558,0.40387285,0.31986365,0.15013711,0.42209697,0.15731597,0.411366,0.5314436,0.45801076,0.5424038,0.4506256,0.561276,0.6717001,0.63449204,0.6618678,0.7978388,0.8952527,0.76594573,0.88300645,0
0.1824624,0.13834374,0.21286888,0.11596467,0.15972568,0.119294904,0.41369092,0.095685385,0.3304627,0.10283687,0.5419266,0.17979969,0.5528443,0.17386408,0.41803634,0.3385364,0.40760973,0.31964043,0.17870142,0.43205857,0.17512442,0.4079852,0.5576404,0.46162054,0.5657413,0.4556435,0.58247006,0.67805034,0.6473969,0.668338,0.7989614,0.8938263,0.7491129,0.8806648,0
0.25733176,0.1377811,0.28351673,0.11589172,0.23769273,0.118468806,0.46335295,0.09420671,0.40896717,0.10002532,0.5717814,0.18112661,0.62806964,0.1746713,0.4544226,0.34457296,0.49195057,0.32990977,0.18312086,0.43061122,0.2162413,0.422504,0.61360526,0.46876854,0.6534234,0.46243772,0.6488941,0.6897877,0.71539795,0.6773167,0.8483794,0.90280855,0.8188609,0.88754237,0
0.2590648,0.13738906,0.28449652,0.115374275,0.23969421,0.11800868,0.45991194,0.09394102,0.40867576,0.09975519,0.566425,0.1812564,0.62602407,0.17454953,0.44379866,0.34390798,0.48972973,0.32951587,0.16607967,0.43009737,0.2053393,0.42364913,0.6110738,0.4671876,0.65365046,0.4607032,0.63612556,0.6856362,0.71589947,0.6735129,0.83487487,0.8996433,0.8181098,0.8863229,0
0.30041575,0.13737448,0.32504648,0.11362078,0.2757229,0.118437454,0.49148566,0.09273706,0.42182457,0.102446154,0.5934846,0.18306689,0.6433808,0.1740834,0.4703735,0.34350798,0.54497105,0.31016794,0.18417689,0.43454978,0.2714477,0.39050773,0.62260544,0.46859083,0.651221,0.46081147,0.64348006,0.6849687,0.7060093,0.6726809,0.8153735,0.9000799,0.79915744,0.88649005,0
0.33040026,0.13509208,0.35436925,0.11314039,0.30781543,0.118844844,0.5142712,0.09660053,0.4538931,0.107748315,0.6085459,0.18214911,0.619598,0.17963152,0.46614432,0.33819908,0.49127585,0.3234878,0.17681567,0.44063967,0.22011776,0.42527342,0.6645824,0.46648058,0.66701394,0.46034145,0.6808032,0.6818213,0.705151,0.6728215,0.83906996,0.8891716,0.81766385,0.87132853,0
0.32286444,0.13352127,0.3503113,0.111251734,0.2984308,0.11673637,0.51811266,0.09456087,0.43920344,0.105497174,0.6180591,0.18528189,0.60088444,0.18259443,0.48234305,0.34831455,0.45697257,0.33158618,0.18091762,0.43375215,0.17615695,0.41819015,0.66199666,0.47808677,0.64738935,0.47159934,0.6751238,0.69033957,0.6889896,0.6804591,0.8403918,0.8928102,0.8140422,0.87436414,0
0.32884,0.13467698,0.3527293,0.11204544,0.3039439,0.11779728,0.5116046,0.093220234,0.44444862,0.10479851,0.6152881,0.18141682,0.61928356,0.17706187,0.49259523,0.34597266,0.5248018,0.31877208,0.16990988,0.43703005,0.26968643,0.39930835,0.6750051,0.46983182,0.6716564,0.4630707,0.6822372,0.6839881,0.70518607,0.674626,0.8371875,0.89146215,0.8123763,0.8711448,0
0.31372622,0.1357907,0.33275402,0.11323429,0.2950724,0.1181727,0.49297643,0.09242721,0.46015576,0.1020702,0.59258235,0.18192406,0.65789163,0.17485204,0.46670726,0.34076685,0.54249316,0.3137423,0.14734359,0.44094002,0.27892894,0.39136767,0.66982675,0.46891108,0.7043356,0.4606097,0.688338,0.6921788,0.716901,0.6757029,0.82485574,0.9005345,0.80933815,0.874692,0
0.32266325,0.1348731,0.34355685,0.11265793,0.30264208,0.11793571,0.5040788,0.09382539,0.45856753,0.10403986,0.6167355,0.17918013,0.6272403,0.17454906,0.49202645,0.33960524,0.52613217,0.31950742,0.17717564,0.4397649,0.2562537,0.41631156,0.6822822,0.4635153,0.6826002,0.45661908,0.6917761,0.680652,0.71386546,0.67204976,0.82651246,0.89716995,0.80759525,0.87931865,0
0.3188335,0.13261552,0.34296992,0.11095157,0.30350778,0.11532093,0.5095737,0.09328804,0.46218795,0.10147564,0.60092705,0.18127353,0.6513143,0.1731593,0.46008202,0.3391686,0.5391447,0.30953804,0.15118176,0.44756415,0.3076487,0.387689,0.6712956,0.46290025,0.6944197,0.45467708,0.6929927,0.67969716,0.72022164,0.66320854,0.8243971,0.8967374,0.8062051,0.8740162,0
0.32081866,0.13527031,0.34175745,0.113040164,0.3038797,0.117561586,0.5076517,0.09151273,0.46861058,0.10028453,0.61057216,0.18027106,0.65598583,0.17102757,0.46654657,0.344021,0.5375709,0.31202468,0.13964425,0.45267555,0.28460887,0.3988136,0.67909276,0.46154615,0.70281774,0.45258665,0.69889385,0.67993325,0.73492986,0.6632092,0.8305873,0.90050197,0.82317626,0.87753963,0
0.31232357,0.13655451,0.3286287,0.11467645,0.2976795,0.119293265,0.4930858,0.09209585,0.4766044,0.10100294,0.5926832,0.17577858,0.68550766,0.16614428,0.45365214,0.3396318,0.5862693,0.30287883,0.13838677,0.4582654,0.3259204,0.37773347,0.69152194,0.45979187,0.7429733,0.45090434,0.716091,0.68365383,0.7588118,0.66601574,0.8399306,0.9044131,0.842107,0.87673926,0
0.3134817,0.1364599,0.3243391,0.11408086,0.30078354,0.118573286,0.47929692,0.09102568,0.49408314,0.0992024,0.58766097,0.18223506,0.6909461,0.16981392,0.45156443,0.35396078,0.6064173,0.31781587,0.1618861,0.4582394,0.34717208,0.4152301,0.68976444,0.46907425,0.7462724,0.45884842,0.71059144,0.68328726,0.7523744,0.6668223,0.81978685,0.90117306,0.8053286,0.87386715,0
0.30348825,0.13624689,0.31216013,0.11418997,0.29241663,0.11821842,0.46452573,0.09050198,0.49218833,0.09757786,0.5707148,0.17924781,0.69826525,0.16532665,0.44460472,0.34241807,0.60084516,0.29368383,0.14798659,0.45247757,0.3459893,0.34668845,0.68727404,0.46627006,0.76239294,0.4567028,0.71763784,0.6842857,0.76825655,0.66905844,0.83699626,0.9068496,0.84786123,0.8807808,0
0.30312437,0.13526517,0.31285426,0.113357544,0.29234526,0.11724503,0.4649959,0.0907856,0.4906618,0.09733805,0.5664022,0.17968106,0.69853055,0.16450725,0.43745473,0.34204295,0.61003554,0.2899402,0.1459804,0.4520568,0.36217687,0.34261397,0.68520314,0.46399176,0.76217574,0.45427686,0.71385694,0.67952484,0.76743674,0.6651118,0.83621776,0.90544987,0.8478458,0.8807263,0
0.27419338,0.13238883,0.2862199,0.10997253,0.25642675,0.11397705,0.42282596,0.087852724,0.4399936,0.0933146,0.53626835,0.1769299,0.6491332,0.1634243,0.4387942,0.34476936,0.5872854,0.31420797,0.17704356,0.44715828,0.2814188,0.42017365,0.6893232,0.46325922,0.76266825,0.4538817,0.72234344,0.69293684,0.8013889,0.67842114,0.85996985,0.90731865,0.8742144,0.8799531,0
0.27344668,0.12338662,0.29017076,0.10160842,0.2554694,0.10512495,0.42246854,0.08288955,0.42138144,0.08678445,0.51824796,0.17799272,0.626694,0.15864411,0.39765772,0.3541254,0.5472276,0.29988745,0.16399309,0.4443888,0.28863963,0.37225804,0.64945906,0.4690928,0.7220054,0.45739564,0.6893901,0.69430536,0.7756435,0.67531925,0.83463764,0.90974045,0.86288786,0.87345344,0
0.27701578,0.112546876,0.29343897,0.09130935,0.2662827,0.0939413,0.42306882,0.07715716,0.43588102,0.08044858,0.50115144,0.17311399,0.62289196,0.16094713,0.3644878,0.34408388,0.5437835,0.32070154,0.11470636,0.45305517,0.27694783,0.41591433,0.62696093,0.46700498,0.7052355,0.4576476,0.64835924,0.68428093,0.75692445,0.66012937,0.7816978,0.89902353,0.813764,0.8649889,0
0.26007277,0.12208476,0.27584556,0.10101781,0.24732056,0.104008004,0.4014124,0.084129095,0.42213032,0.08648753,0.48489612,0.18050209,0.62622714,0.16465874,0.3621447,0.3496944,0.5541941,0.32713598,0.16667753,0.4426238,0.2423574,0.4315109,0.6232635,0.47250587,0.71938777,0.45660797,0.6381689,0.69890577,0.75930756,0.6596791,0.74943084,0.9145214,0.8604728,0.84172225,0
0.24757448,0.12165695,0.2498966,0.0970242,0.23776817,0.10075798,0.36000893,0.07328258,0.42521712,0.079929404,0.4554777,0.178856,0.6028062,0.16658798,0.3365388,0.36018938,0.48428822,0.33979243,0.11323168,0.42170447,0.16105944,0.41305628,0.5829584,0.47791854,0.6895909,0.46350747,0.5741511,0.6979696,0.73147744,0.653874,0.6840021,0.90612453,0.8076459,0.8396763,0
0.23429714,0.12045766,0.2400074,0.09799647,0.22238934,0.10139938,0.35605395,0.07877884,0.39923105,0.08382707,0.45434967,0.18668772,0.559925,0.175177,0.34471294,0.36217907,0.45829526,0.3522023,0.120811105,0.42645267,0.16041528,0.4277222,0.59002113,0.48383492,0.6760178,0.46866417,0.58746374,0.70227396,0.732577,0.65227914,0.7006419,0.9037794,0.8309097,0.8286511,0
0.23451343,0.104587935,0.24830689,0.08334613,0.23686323,0.0837882,0.37055,0.07401528,0.4419432,0.070077516,0.428325,0.18310598,0.64767843,0.15693197,0.32931808,0.35978037,0.5980942,0.31974414,0.10907818,0.39280698,0.26068863,0.37996778,0.55976784,0.47735834,0.71089834,0.46026668,0.55467796,0.69422686,0.76363254,0.6571885,0.66451144,0.90843374,0.82996833,0.8548426,0
0.2197401,0.10721364,0.2301448,0.08824897,0.23421001,0.09109335,0.36007372,0.081279755,0.41537932,0.082698725,0.44070518,0.1862405,0.60911775,0.17147996,0.3629457,0.36209258,0.569438,0.33265242,0.08271419,0.3939795,0.22252774,0.37939584,0.56148016,0.4879012,0.67705643,0.4742234,0.5676357,0.7047656,0.708509,0.67320085,0.60851836,0.9065855,0.8029237,0.8555385,0
0.2012019,0.102453984,0.21385029,0.0817801,0.21482946,0.08294644,0.3259369,0.080378816,0.42793304,0.07655434,0.3894991,0.19305985,0.61742944,0.16737005,0.24198408,0.35966197,0.55737174,0.31853038,0.059290476,0.36879286,0.19265716,0.3613221,0.50953275,0.47712272,0.6688495,0.4593558,0.5013484,0.69548434,0.73695385,0.6637124,0.5231044,0.910173,0.8371458,0.8529883,0
0.16792895,0.11219359,0.17043027,0.09442902,0.18724541,0.094612986,0.2656298,0.08957458,0.43261668,0.08232227,0.31080234,0.20205738,0.6479191,0.17547627,0.16805822,0.36904514,0.72728693,0.34485364,0.055775754,0.3557798,0.51259714,0.39559627,0.49075654,0.49307883,0.7116314,0.4742692,0.49647853,0.71685547,0.756256,0.67946535,0.5463829,0.9207453,0.86226857,0.84908354,0
0.16002774,0.101951115,0.17390203,0.08752632,0.15817754,0.09031218,0.2740068,0.087584116,0.3077186,0.089851566,0.43046805,0.1826,0.42161694,0.17885917,0.4224423,0.32515794,0.27262107,0.3208801,0.21933073,0.4136154,0.10957216,0.40087175,0.5178125,0.46037737,0.5516548,0.4497628,0.48847148,0.6910063,0.64702934,0.6607431,0.5331942,0.9084576,0.8263535,0.83271754,0
0.2261392,0.10212128,0.25036147,0.085009664,0.22228022,0.08887343,0.35629958,0.08851437,0.31682774,0.09391564,0.46719503,0.18283683,0.4505708,0.17866021,0.38471577,0.32261267,0.34408632,0.3113802,0.16181442,0.41008842,0.34379733,0.40059915,0.5554607,0.45049784,0.5577134,0.4455241,0.5191479,0.67385423,0.61294657,0.6578269,0.5831048,0.89942807,0.72557586,0.86082923,0
0.19772385,0.10171756,0.21080326,0.085139744,0.21264423,0.08620247,0.30576813,0.08886813,0.4193124,0.0853331,0.34241635,0.18818246,0.65815866,0.17819281,0.20608374,0.32555607,0.79844683,0.32595968,0.123355255,0.4179035,0.7995147,0.4376386,0.49400356,0.4622173,0.69758713,0.45309612,0.4618497,0.6973673,0.69521123,0.67959625,0.5032587,0.8993352,0.79955274,0.85318387,0
0.27694532,0.10079745,0.2831805,0.084670655,0.30261263,0.085508585,0.3391549,0.08795924,0.48552316,0.083766356,0.3633932,0.19103135,0.70569,0.17968573,0.20747215,0.33151117,0.8381459,0.3221769,0.100173146,0.423859,0.84332335,0.4342032,0.51312274,0.46370223,0.7279453,0.45790634,0.5174497,0.67919546,0.7087046,0.6818056,0.56571925,0.89469856,0.7906366,0.8834205,0
0.3058925,0.0982707,0.32350767,0.08103242,0.330441,0.08160639,0.4059953,0.08778715,0.52764326,0.0827137,0.36398464,0.19236368,0.742685,0.18010107,0.16592905,0.33285874,0.8778076,0.32873172,0.15265712,0.40916947,0.8679923,0.4473487,0.49464962,0.46362695,0.7305342,0.45702296,0.47912362,0.6770536,0.68975616,0.67260915,0.5001746,0.88958055,0.7465845,0.86720425,0
0.2958836,0.09783235,0.32317185,0.08067961,0.30587786,0.08209419,0.41655064,0.08663021,0.43599668,0.08686114,0.45285314,0.18718639,0.53216887,0.18345954,0.26107243,0.3281807,0.3918254,0.32126185,0.3960249,0.43224546,0.24258418,0.4271828,0.5857237,0.47197014,0.60047054,0.47324255,0.6301516,0.688113,0.5391685,0.69891816,0.72815245,0.8672646,0.53453124,0.8902493,0
0.2910071,0.10570054,0.29272163,0.091269344,0.31520775,0.09286937,0.35224238,0.09319296,0.5017718,0.09388184,0.41691497,0.1934829,0.56700385,0.19099806,0.34225282,0.3383983,0.3297713,0.33302826,0.43963334,0.44463828,0.12771587,0.43141824,0.5069258,0.48150155,0.630554,0.47696522,0.469752,0.69816417,0.5947112,0.6894051,0.5373446,0.90269816,0.6329921,0.8791341,0
0.28303808,0.105878256,0.27877998,0.09167975,0.31594425,0.09205083,0.33224872,0.09532308,0.5716676,0.09135498,0.30796853,0.19629106,0.73449886,0.18631457,0.12626003,0.33550465,0.665176,0.33051798,0.11877437,0.42279142,0.3802237,0.4413104,0.4470732,0.4827213,0.7433414,0.47409368,0.39142027,0.69861853,0.6886478,0.68704265,0.46090424,0.9045306,0.7314903,0.87390697,0
0.3062138,0.10948362,0.30434203,0.09538459,0.33945042,0.095616244,0.34154242,0.098490864,0.5797163,0.09458403,0.2890513,0.19952804,0.7744871,0.19361648,0.16684638,0.3456465,0.88104624,0.34851694,0.10394707,0.4390394,0.8408507,0.46461466,0.4035698,0.48320737,0.7380736,0.47829857,0.35600975,0.6967806,0.709204,0.69650894,0.42653003,0.8971561,0.7536634,0.8898693,0
0.33223468,0.10638046,0.3257861,0.09167585,0.36096555,0.09120063,0.35691026,0.09463071,0.5561497,0.09382439,0.35392496,0.19890565,0.6060881,0.19339515,0.32237092,0.34945273,0.46453705,0.33727303,0.48732206,0.465141,0.14938453,0.446802,0.492639,0.48513663,0.66674507,0.48473886,0.4754882,0.70387083,0.55518204,0.70376587,0.5379196,0.9016882,0.5541819,0.89834744,0
0.24814644,0.13050953,0.25806305,0.11170025,0.245212,0.114702135,0.36736557,0.09291864,0.38250452,0.0996779,0.538764,0.17000662,0.52531075,0.16958638,0.4835951,0.30011472,0.4620102,0.28448325,0.1276557,0.3336948,0.1469541,0.3039175,0.6163904,0.45612365,0.59749836,0.45133796,0.64807695,0.68595314,0.6202961,0.6771248,0.83009064,0.90251493,0.67261666,0.88403034,0
0.2607545,0.13217068,0.27418664,0.112261586,0.25118256,0.11619702,0.3915475,0.09184561,0.38059995,0.10044776,0.5497773,0.17046905,0.52730244,0.16890965,0.43469632,0.2962304,0.43880796,0.28577334,0.09661803,0.32577345,0.13103712,0.3077326,0.62439144,0.45376685,0.61868924,0.44559857,0.6108704,0.687068,0.6755225,0.6694033,0.7102329,0.909491,0.80208904,0.87230194,0
0.26410896,0.13265868,0.2752018,0.11283379,0.25571173,0.116981655,0.38598117,0.091942795,0.38352552,0.10123091,0.5485127,0.17037736,0.52422863,0.1709071,0.4582062,0.29855847,0.43825203,0.28835496,0.1066578,0.33876395,0.12530841,0.31036896,0.6243766,0.45451492,0.62023014,0.44710073,0.6084241,0.686392,0.68099,0.6689216,0.7081834,0.9083152,0.80534303,0.87127346,0
0.26008236,0.13204475,0.2682713,0.11263409,0.25564814,0.11654173,0.36709157,0.09202547,0.3794589,0.101009086,0.5318061,0.16841915,0.52092886,0.16986027,0.46903247,0.2987236,0.45171204,0.28385693,0.1334279,0.3413099,0.15133822,0.31173578,0.6028296,0.45071363,0.58725655,0.44628555,0.62167656,0.6830484,0.6008422,0.67318714,0.8393571,0.9022273,0.67808515,0.8826298,0
0.2426537,0.13699722,0.25777817,0.11619596,0.23581742,0.120201014,0.3871408,0.09277228,0.3572782,0.10330367,0.57164997,0.17046663,0.47585717,0.17583476,0.51514393,0.29540318,0.3571858,0.2917899,0.19546331,0.31714007,0.11059414,0.31067264,0.6101592,0.45851544,0.5527941,0.4539335,0.6188197,0.6869692,0.6071542,0.6741388,0.80198836,0.9055989,0.71001416,0.88018507,0
0.25407338,0.13346843,0.27034417,0.112988845,0.24485539,0.11673803,0.3967177,0.088504165,0.3658751,0.0978261,0.5673326,0.16672479,0.5050018,0.16752277,0.48865217,0.30225655,0.40317705,0.28590533,0.13653097,0.34364927,0.1026044,0.319074,0.6098806,0.45645425,0.57159346,0.45077533,0.6277816,0.6951885,0.6231082,0.68278706,0.81969064,0.90852374,0.7229024,0.88773006,0
0.2648638,0.13289976,0.278717,0.11183157,0.25374472,0.1164482,0.40482375,0.090719506,0.34987247,0.10285665,0.5929745,0.16826852,0.47565743,0.17378296,0.6336801,0.31797397,0.4063533,0.28641763,0.6091576,0.46708077,0.13340221,0.32325462,0.6070807,0.45557716,0.53778034,0.45391905,0.62993306,0.68146926,0.62746215,0.66995484,0.8295468,0.8956644,0.78726405,0.87607867,0
0.29687428,0.13503073,0.30876595,0.11348519,0.2820727,0.11813915,0.42567015,0.08879571,0.36884797,0.10178687,0.62696755,0.16748151,0.47697774,0.1723247,0.671273,0.32390344,0.39839405,0.28983298,0.63012993,0.46836928,0.13973176,0.33105645,0.6294417,0.455953,0.54342055,0.45375875,0.6375196,0.67854065,0.64151853,0.66818786,0.8348354,0.8938159,0.797569,0.8747225,0
0.3018969,0.1356271,0.31086716,0.11355576,0.28487644,0.119384766,0.42167667,0.0876605,0.37108862,0.10333302,0.62397695,0.16451888,0.48563084,0.17328712,0.66496265,0.31966507,0.40953776,0.2948052,0.6088538,0.46079895,0.15009315,0.33031905,0.62795305,0.45218676,0.5497013,0.45109442,0.6355224,0.6721848,0.6439797,0.6622547,0.82890135,0.89096767,0.79854405,0.8727639,0
0.2945741,0.13141048,0.3086683,0.11309414,0.28276825,0.11627715,0.42890882,0.08910115,0.38133156,0.09876533,0.62399256,0.16363059,0.48321462,0.16413142,0.6774164,0.3185745,0.40908498,0.28160706,0.68515617,0.47281697,0.15642403,0.32489237,0.6382974,0.45534128,0.5642874,0.45224765,0.68808097,0.6748973,0.66441315,0.6665423,0.82296675,0.882675,0.7821894,0.85691154,0
0.25979054,0.12756062,0.28014377,0.106301546,0.23677272,0.11192489,0.42120668,0.08231764,0.34070855,0.0934061,0.6244333,0.1633223,0.46087816,0.15854296,0.73051405,0.32294208,0.39262983,0.26986104,0.6993372,0.45977014,0.117303625,0.33005524,0.66843486,0.4533491,0.57937056,0.4483385,0.6867512,0.6821875,0.67945707,0.67341584,0.8614128,0.8969832,0.82409966,0.8791445,0
0.28593177,0.1329606,0.28982037,0.11278547,0.26915866,0.11708271,0.42308754,0.08525185,0.41199327,0.09766917,0.63033944,0.15026012,0.5346581,0.15711804,0.5012501,0.2796157,0.4133957,0.2839433,0.18228878,0.32675177,0.16665827,0.32256553,0.696204,0.45145252,0.6318216,0.4492148,0.7098693,0.6748905,0.70825756,0.66555876,0.83176935,0.8896497,0.8274711,0.8565955,0
0.2793102,0.12147519,0.29306316,0.10040841,0.26370907,0.10494618,0.43459308,0.077130266,0.38205153,0.089119725,0.6580431,0.15369923,0.52650696,0.16097994,0.7376671,0.30689463,0.47934,0.28552243,0.6836873,0.4390529,0.20516843,0.31881866,0.693935,0.448999,0.6149508,0.44846618,0.7286695,0.6774819,0.727148,0.6694592,0.84838486,0.88777214,0.82111084,0.8663327,0
0.28059375,0.1199182,0.29652965,0.098687075,0.26075974,0.104225844,0.43297628,0.077311896,0.38489214,0.09076113,0.61644334,0.15041967,0.559266,0.15757075,0.4715519,0.27957195,0.4452203,0.2822694,0.09687144,0.32072723,0.15732917,0.32277068,0.6855164,0.43769398,0.6441364,0.4364393,0.7151049,0.65620786,0.748513,0.652102,0.843875,0.8834093,0.83704656,0.86454827,0
0.27391127,0.12085905,0.29074728,0.09971986,0.2568665,0.10469194,0.43373558,0.07788601,0.37598047,0.09067015,0.6220493,0.15065902,0.5340159,0.15963899,0.5070127,0.28174946,0.43919402,0.2858778,0.15577962,0.33379272,0.142605,0.3237537,0.67863697,0.43681574,0.61854523,0.43611163,0.7055208,0.6532386,0.73121476,0.6474878,0.8368882,0.8834648,0.8333043,0.8640668,0
0.3439896,0.11531682,0.37709254,0.0926434,0.30015624,0.100252144,0.50582784,0.07459206,0.33119237,0.09360246,0.657635,0.15074326,0.51110953,0.16699941,0.50561744,0.27908126,0.43642956,0.29399008,0.10966658,0.32380995,0.15206255,0.3254404,0.7038144,0.4422363,0.60480523,0.44450787,0.7377912,0.6665659,0.7414994,0.661233,0.84323835,0.88897735,0.83033353,0.87525207,0
0.28585944,0.13010302,0.29286164,0.10862425,0.26574558,0.11447257,0.41662678,0.082371674,0.39611378,0.09681616,0.61000085,0.15120627,0.57573014,0.15761048,0.50510865,0.27840158,0.5084117,0.27654424,0.14204983,0.3227665,0.25258127,0.3038058,0.6820499,0.43447092,0.65267307,0.43292814,0.7179656,0.6566039,0.7482865,0.6523719,0.855055,0.8832397,0.83871686,0.86569214,0
0.27609128,0.13298272,0.28657407,0.11085644,0.25265887,0.11621802,0.42001563,0.082891375,0.35698992,0.09718728,0.6482546,0.15930496,0.5007564,0.16762872,0.7794005,0.30904347,0.46406507,0.28641468,0.75461197,0.4504191,0.19293536,0.32427025,0.6815326,0.44526988,0.595798,0.44556743,0.7375924,0.65791047,0.7243295,0.65223724,0.86170614,0.8855518,0.83667046,0.8693758,0
0.28855422,0.13022146,0.3016111,0.10768442,0.26081988,0.113436386,0.43954995,0.07721539,0.3516682,0.09303898,0.6693401,0.15520786,0.4989512,0.16414946,0.7915849,0.31043527,0.46677992,0.28441837,0.7455343,0.44958928,0.18646553,0.31960335,0.68314224,0.446675,0.5836306,0.44606292,0.73403394,0.6655742,0.7185223,0.6563882,0.8704147,0.894975,0.8479859,0.87293446,0
0.2873497,0.13458642,0.2921008,0.11258199,0.26563048,0.11830458,0.4118958,0.08304309,0.37801248,0.0980586,0.63960934,0.15733063,0.527239,0.16630939,0.7643379,0.3093962,0.48272315,0.2891416,0.714247,0.44777644,0.19446246,0.3185361,0.6673559,0.4511275,0.6053172,0.4503268,0.7171177,0.6741707,0.72305673,0.66457856,0.8644202,0.89847046,0.8396038,0.87625384,0
0.28717,0.13532273,0.29275283,0.11320049,0.2635156,0.11900632,0.41273168,0.08323364,0.3700785,0.09851909,0.64080256,0.1581761,0.5200277,0.16658953,0.7662178,0.31073067,0.47788832,0.28791675,0.71488017,0.44789055,0.18897676,0.3203743,0.66592133,0.4509529,0.5990386,0.44982138,0.7096531,0.6728273,0.71690816,0.66276854,0.861535,0.89826804,0.8353604,0.8751107,0
0.2678758,0.1330631,0.27284136,0.111626476,0.24985613,0.1168025,0.39055002,0.08561868,0.36943814,0.09874348,0.6145482,0.15904379,0.52120185,0.16706964,0.73078287,0.30835962,0.47479895,0.28980106,0.6557478,0.43938908,0.17453155,0.32316595,0.65715337,0.44516495,0.6075118,0.4449188,0.70071226,0.6676974,0.7171142,0.6617582,0.86188453,0.89468,0.83708334,0.87366045,0
0.24785274,0.13345669,0.25572348,0.11515429,0.24008828,0.11795201,0.38589272,0.09129872,0.37976873,0.10120125,0.64007854,0.1542141,0.5034099,0.1640184,0.6137075,0.29217008,0.4242073,0.30207962,0.13799937,0.32428607,0.13143672,0.31308657,0.68078077,0.4496641,0.59929657,0.44832215,0.7219681,0.672047,0.71667135,0.6680263,0.89543474,0.8878768,0.8694468,0.86258304,0
0.2476605,0.13134632,0.25021598,0.11273295,0.23982944,0.11581306,0.38058236,0.089449644,0.420837,0.098105185,0.60666496,0.15435378,0.5834413,0.15569305,0.49388427,0.29574242,0.43540308,0.2947703,0.1147946,0.30430812,0.15777025,0.30133978,0.6832509,0.43866447,0.67254907,0.43499914,0.7122832,0.66296095,0.7526004,0.6587055,0.8904261,0.88141036,0.87849516,0.8568864,0
0.23829742,0.1300036,0.2496304,0.108699314,0.21783255,0.11564177,0.38855496,0.08826375,0.33287022,0.10514643,0.6384417,0.16292939,0.48636833,0.17547777,0.7142235,0.31306422,0.4046701,0.29614097,0.58914024,0.4455939,0.15054391,0.3063396,0.6447947,0.4521013,0.5532118,0.45318443,0.69469154,0.6792719,0.6972248,0.6710796,0.85852796,0.8941143,0.82974666,0.87679493,0
0.23060086,0.13429113,0.23276989,0.11201877,0.20860618,0.11816811,0.36238188,0.0876471,0.36681208,0.10187003,0.6139452,0.1627116,0.5309766,0.16408364,0.5331052,0.29824904,0.42484722,0.28848022,0.09396088,0.3057658,0.15216738,0.31066102,0.69702035,0.4427088,0.6359663,0.4383695,0.6826136,0.66617095,0.70688504,0.66039854,0.858495,0.88952404,0.83527887,0.86649054,0
0.2270764,0.13253516,0.2293747,0.11051203,0.20584911,0.11681118,0.35921454,0.08658437,0.36128974,0.101192944,0.61775744,0.159985,0.5158529,0.1639605,0.5580086,0.29659763,0.41260865,0.29112646,0.092845045,0.3047637,0.13689579,0.30599663,0.6943586,0.44043675,0.62192327,0.43722212,0.6812578,0.6641577,0.697526,0.6608279,0.84962195,0.8853258,0.8251411,0.864266,0
0.22175442,0.12756582,0.22818115,0.105641484,0.1967675,0.11058047,0.3634986,0.081334256,0.35458556,0.09332409,0.5911951,0.15956794,0.52249575,0.16257022,0.4672648,0.2899986,0.48600122,0.31229442,0.09030067,0.29185238,0.35278398,0.40061817,0.69394904,0.4495822,0.6334454,0.44614467,0.6928203,0.66988254,0.70052534,0.6679653,0.8563653,0.89239824,0.83304334,0.87185115,0
0.2262979,0.12655307,0.24340987,0.1050015,0.20812851,0.109815486,0.39530858,0.084418826,0.34022015,0.096362785,0.6270678,0.16515647,0.49447381,0.17106383,0.5526825,0.3062436,0.40231484,0.30590355,0.122375056,0.29624623,0.13836017,0.29680383,0.6712598,0.45890686,0.5784152,0.45687857,0.68421316,0.68363,0.6845459,0.6796598,0.84126246,0.9001471,0.8156773,0.8842979,0
0.2667412,0.11960527,0.3029302,0.097712606,0.22722158,0.10451636,0.4543944,0.081979275,0.27067044,0.09913225,0.647971,0.16520901,0.44262925,0.1801607,0.61203456,0.31795233,0.3806161,0.30765417,0.29375252,0.38296288,0.12257134,0.28664583,0.6746702,0.4571682,0.54188406,0.46015936,0.6920173,0.6827251,0.6873152,0.67556584,0.84936464,0.89378303,0.8123603,0.87930506,0
0.21720985,0.13321227,0.22638558,0.111646555,0.19847402,0.117349334,0.36976168,0.087221526,0.3409939,0.101826,0.6099583,0.16336031,0.48191118,0.17298606,0.5055019,0.29912195,0.35697687,0.3058515,0.10684895,0.26969272,0.11954713,0.27466312,0.65846175,0.45975593,0.5690426,0.45937073,0.6913797,0.6815221,0.6924135,0.6780516,0.85144544,0.89930284,0.8249819,0.8778124,0
0.2613017,0.11804107,0.29914308,0.09757963,0.2346501,0.10148554,0.46299693,0.08073769,0.30384812,0.09136176,0.6322577,0.16522299,0.46518546,0.17059423,0.5625932,0.3264154,0.3718047,0.2983716,0.3099992,0.38676274,0.12920208,0.2665347,0.6407783,0.45905715,0.5372289,0.45889658,0.68942773,0.6786006,0.69629353,0.67024547,0.8637475,0.8949614,0.82759666,0.87834793,0
0.2720867,0.117740564,0.31053272,0.096624285,0.2394273,0.1014789,0.47109768,0.07933302,0.29447594,0.09222699,0.6403783,0.16297625,0.4606999,0.1716537,0.56116503,0.3187848,0.36638457,0.29979184,0.2819457,0.3671103,0.12767315,0.26681665,0.6510415,0.45640147,0.53960174,0.45712188,0.6942318,0.6777842,0.6993385,0.669787,0.8657257,0.8940845,0.82947767,0.8783967,0
0.23454887,0.13523504,0.2458213,0.1138221,0.22060175,0.118864976,0.3978154,0.087739944,0.35787198,0.10158868,0.6172488,0.16196485,0.48980385,0.1742005,0.539872,0.30537823,0.36850432,0.309084,0.18711151,0.29915443,0.12022149,0.2572222,0.64937896,0.46019095,0.56609994,0.46134493,0.6947462,0.6795104,0.70242906,0.67440444,0.84668475,0.8960534,0.82772076,0.8769648,0
0.2696955,0.13698165,0.2809355,0.114374034,0.24918362,0.120610714,0.42850924,0.08609237,0.3608352,0.10319359,0.634038,0.16227654,0.5005857,0.17752774,0.6229812,0.31682408,0.40676874,0.30437228,0.38500342,0.37849325,0.13367215,0.2522814,0.6516614,0.45889163,0.568638,0.46130988,0.7048009,0.67868304,0.7135758,0.6691089,0.86268485,0.89987636,0.8327314,0.8783188,0
0.2641155,0.13496445,0.27508375,0.113144055,0.25030395,0.11845364,0.41938573,0.08972063,0.39076757,0.103340425,0.6371086,0.16657001,0.5241206,0.17327851,0.5189491,0.30660474,0.3793428,0.30683652,0.15607662,0.25959927,0.17663175,0.2560007,0.6591543,0.46100014,0.58166766,0.45975274,0.6980221,0.6804886,0.70872504,0.6767757,0.8455943,0.9020714,0.8207494,0.8839129,0
0.29138938,0.12174404,0.31158805,0.10237779,0.27526432,0.10641143,0.45329857,0.08276594,0.38602215,0.09369109,0.63453865,0.15732488,0.5130087,0.16312264,0.4898036,0.30745536,0.36848664,0.30800286,0.14294212,0.26011387,0.15608914,0.2523629,0.65496594,0.4545392,0.5718393,0.45316958,0.71004343,0.6799678,0.703143,0.67078394,0.84962636,0.90104854,0.82839763,0.87148035,0
0.27225974,0.13006105,0.28878838,0.10853451,0.25327188,0.11451335,0.4363645,0.086117364,0.35502726,0.10215786,0.64608973,0.16341124,0.47187793,0.17924117,0.6284284,0.3130555,0.35109484,0.3042181,0.39866424,0.36195236,0.13361341,0.25569326,0.6658196,0.45727107,0.55619836,0.4612448,0.714651,0.6797061,0.7092019,0.6755179,0.86146826,0.8990792,0.82596046,0.881439,0
0.27364007,0.13299416,0.28865477,0.11111424,0.25494477,0.11719888,0.43723887,0.08742791,0.35981914,0.103828244,0.6441335,0.16535138,0.4744861,0.1806551,0.61682516,0.31785476,0.34855026,0.30400154,0.41771382,0.37676328,0.13390203,0.25459167,0.66687435,0.4605711,0.55954194,0.46460047,0.7164368,0.68302196,0.7090636,0.67795986,0.86282027,0.89933234,0.8280497,0.88241786,0
0.26787233,0.13155879,0.27760816,0.1101396,0.25206825,0.116218135,0.41064057,0.0868247,0.3670615,0.10282142,0.6336805,0.1632516,0.47787473,0.17867534,0.6264639,0.31377226,0.36470863,0.3070644,0.38775736,0.3672338,0.14388838,0.2661644,0.65415114,0.45714444,0.557867,0.46036455,0.69657606,0.6804632,0.7020266,0.67600626,0.8562085,0.9015243,0.82182705,0.8817133,0
0.27709967,0.13115524,0.28640825,0.11075247,0.2607551,0.115534075,0.42678753,0.085477166,0.3888904,0.09895664,0.6388579,0.15519024,0.50932115,0.16544132,0.5600499,0.30134732,0.38790685,0.3083259,0.19510347,0.29538754,0.16621429,0.272643,0.6558416,0.45070165,0.5719622,0.44991118,0.70203257,0.672245,0.68840927,0.66121024,0.8466304,0.8965193,0.82540923,0.8626144,0
0.27891567,0.13248412,0.29397738,0.10997619,0.25897712,0.115918726,0.4453997,0.08503599,0.3727898,0.10074155,0.6404476,0.163212,0.51731503,0.17633653,0.612336,0.31697217,0.40263152,0.3057917,0.38291702,0.38323393,0.15894176,0.27913815,0.6609941,0.452308,0.58561623,0.45443484,0.7024421,0.6712425,0.7123626,0.66577715,0.84814745,0.8904893,0.82047087,0.87458855,0
0.26139107,0.13072918,0.27489632,0.10847933,0.24250153,0.11445145,0.42554462,0.084115595,0.37008595,0.099456206,0.6284748,0.16218911,0.5224255,0.17356667,0.5933127,0.31333354,0.40415645,0.30682105,0.26376203,0.3578521,0.12403212,0.28595188,0.63587,0.45912403,0.57128924,0.45945272,0.6803786,0.6825219,0.7008324,0.6753838,0.84925973,0.90065396,0.81902856,0.882822,0
0.26226753,0.13284197,0.27178589,0.11045868,0.23982735,0.117261335,0.4127193,0.0849914,0.36499992,0.10228697,0.6192505,0.16060787,0.52113265,0.17478135,0.60870314,0.3171123,0.40841785,0.3119564,0.37986872,0.3932916,0.1408734,0.2956639,0.63982743,0.46158406,0.58104444,0.46346495,0.68953806,0.68954295,0.70142716,0.6817935,0.85243297,0.90996236,0.8117361,0.8932561,0
0.26101464,0.13294387,0.27159697,0.110572435,0.23742008,0.11780257,0.41296065,0.084960364,0.3507746,0.103705786,0.62235236,0.15879717,0.49340326,0.17706631,0.6176207,0.31258816,0.388125,0.31526932,0.40740782,0.3872765,0.1381734,0.29270706,0.6400797,0.46044064,0.56084883,0.4638745,0.681725,0.6917536,0.68638045,0.68403214,0.84595084,0.9135625,0.8034204,0.89644784,0
0.26432046,0.13321282,0.27229574,0.11109563,0.24604014,0.11710378,0.41224727,0.08484306,0.37689176,0.10066103,0.61763984,0.16002287,0.5125115,0.17361368,0.6227737,0.31208172,0.41787416,0.30891287,0.40187898,0.37988997,0.13276027,0.29326877,0.63487554,0.45586902,0.57183194,0.45736057,0.6753596,0.68252885,0.6968919,0.6756905,0.84763455,0.9061603,0.82011384,0.8881507,0
0.24622154,0.13650627,0.25413868,0.112867944,0.22106397,0.11973883,0.40836853,0.08182774,0.35240316,0.10027801,0.6172429,0.1604964,0.5043968,0.17605108,0.6242651,0.3187328,0.39797825,0.31107286,0.3896677,0.41298994,0.12576987,0.29372984,0.64782083,0.46609476,0.58144885,0.4682116,0.69689554,0.6965187,0.7016466,0.68582237,0.85259473,0.9251858,0.83360726,0.9052325,0
0.24290305,0.13249807,0.2497552,0.10981934,0.21902737,0.11593208,0.39718834,0.081568144,0.3617541,0.097777456,0.6187523,0.15629283,0.50874037,0.16795877,0.6359313,0.3096924,0.43534943,0.30478743,0.4083988,0.411811,0.16363676,0.3225388,0.64459425,0.46468636,0.5774751,0.4646049,0.68789893,0.7017683,0.6858943,0.68907475,0.8494973,0.9297401,0.81715196,0.90314806,0
0.17315413,0.13703068,0.18433318,0.114592075,0.14149722,0.12211485,0.35881507,0.08840237,0.3015723,0.10597918,0.58340853,0.16695152,0.4636681,0.17205653,0.5711643,0.3240375,0.36366233,0.31063646,0.30943036,0.41879395,0.13070878,0.35631937,0.59396344,0.4634032,0.51776993,0.46027556,0.65397286,0.6959899,0.6561565,0.68000466,0.8289386,0.9205276,0.79101264,0.89743215,0
0.12612909,0.13412337,0.13573863,0.111908585,0.09414964,0.11785545,0.3084382,0.084202,0.2673301,0.09954405,0.566184,0.1596476,0.43088782,0.16531599,0.555368,0.317894,0.38195193,0.3205538,0.28706262,0.4272552,0.1992294,0.42931098,0.5858739,0.46723482,0.4986094,0.46447584,0.62440705,0.70132154,0.63598084,0.6913687,0.826281,0.930976,0.7762,0.90872574,0
0.13012531,0.1362283,0.14261621,0.113455795,0.09537657,0.119213216,0.3252224,0.08474684,0.26646653,0.09992485,0.57544243,0.16181716,0.4372816,0.1674744,0.5684678,0.31988516,0.3887769,0.32365584,0.2903489,0.43104973,0.21824902,0.43678683,0.59577817,0.47206238,0.50628126,0.4690947,0.6317994,0.7084772,0.6346696,0.6971955,0.8289284,0.9355343,0.7702138,0.91308075,0
0.12982392,0.13730326,0.14303668,0.11387698,0.09480637,0.119812004,0.3266014,0.08556742,0.2656408,0.10078206,0.57457286,0.16584691,0.44830555,0.1699642,0.56286424,0.32451665,0.38771623,0.32189703,0.3015923,0.42526168,0.20628183,0.42242458,0.6023792,0.4713275,0.5219473,0.4683304,0.64577705,0.7036251,0.6662137,0.6931684,0.82821417,0.9308726,0.7866115,0.9122318,0
0.13423581,0.13471052,0.14859942,0.11113863,0.095064715,0.11740859,0.33450437,0.08000441,0.25616542,0.09647556,0.57316375,0.15806605,0.4411806,0.16383667,0.54586774,0.3181321,0.37294933,0.31808278,0.2852717,0.4253522,0.19187994,0.41784975,0.5901204,0.46023637,0.5085462,0.4577643,0.6336796,0.68495125,0.66557187,0.6745595,0.82719463,0.9260544,0.79194987,0.90879995,0
0.13120067,0.13151996,0.1430647,0.10858398,0.09523314,0.114733316,0.32380974,0.07929125,0.2620141,0.09534698,0.5772803,0.1555775,0.43429074,0.16203748,0.56535316,0.31540212,0.38649482,0.31993032,0.2972117,0.42617765,0.22088918,0.4311398,0.5968723,0.4618492,0.50493723,0.45964718,0.64358985,0.6899027,0.65715754,0.6813123,0.8303896,0.92905307,0.78568405,0.9100331,0
0.16648433,0.11531839,0.1732426,0.095489286,0.14606339,0.100315064,0.32636622,0.07452557,0.3375256,0.084507175,0.55377454,0.15704331,0.471805,0.1538957,0.5870914,0.3166431,0.41899788,0.30721748,0.32593152,0.41910204,0.20719095,0.402118,0.5785229,0.45975164,0.53107834,0.4536493,0.6647568,0.6825828,0.6555027,0.66695225,0.82625574,0.91813886,0.8087724,0.89060485,0
0.16414978,0.12619047,0.17983052,0.104020864,0.13103363,0.11053236,0.36395267,0.07839894,0.2976896,0.09346227,0.5720854,0.15962024,0.4597801,0.16155407,0.5610145,0.32207838,0.3845721,0.31550193,0.24751593,0.42181864,0.17950687,0.4083978,0.5886934,0.4599442,0.5159133,0.45598987,0.662938,0.6867524,0.6581403,0.67446405,0.82048094,0.917803,0.78300816,0.9007131,0
0.16546176,0.12570783,0.18086956,0.10364232,0.13394825,0.11000624,0.36504778,0.07817998,0.3054536,0.09276924,0.57010907,0.16006795,0.47106367,0.16134456,0.5620077,0.3240309,0.39724,0.31602177,0.24521405,0.4213483,0.1775531,0.40397462,0.5841828,0.46107846,0.5205266,0.4567629,0.6651525,0.68749964,0.66440797,0.67496514,0.8163089,0.9197557,0.78424937,0.9016024,0
0.17289568,0.124110915,0.19114675,0.103032015,0.13901584,0.1080935,0.3702162,0.07827983,0.30627498,0.089762375,0.5650531,0.16227749,0.47022325,0.15891013,0.5735311,0.32720843,0.4103101,0.31453732,0.26469973,0.4269914,0.20985678,0.4227314,0.59373116,0.46273315,0.5403581,0.45763865,0.69594544,0.6830262,0.6937769,0.67017126,0.8231619,0.91775435,0.81404537,0.89933056,0
0.15343322,0.119795345,0.17129621,0.09764328,0.121987805,0.10290033,0.35064885,0.07373204,0.28813672,0.08676967,0.57872593,0.1547142,0.46685806,0.15718889,0.54906094,0.32113335,0.38815472,0.318081,0.25152707,0.4274018,0.20334068,0.4253604,0.59742725,0.4622824,0.5276232,0.45977524,0.66806686,0.6872098,0.70302033,0.68250024,0.8392086,0.92577595,0.8068007,0.9158932,0
0.13143931,0.11386137,0.14709723,0.09249096,0.109010115,0.09691734,0.32579082,0.07209282,0.29794845,0.082674794,0.5582119,0.15364867,0.46457392,0.15367007,0.52982295,0.32178715,0.40913177,0.31851456,0.24821877,0.4330537,0.22252081,0.43902817,0.5876428,0.46296206,0.5245872,0.4597918,0.65677226,0.685711,0.6772211,0.6822599,0.8362959,0.92366123,0.806972,0.91221946,0
0.18262316,0.12041859,0.20310616,0.10051679,0.15651399,0.10387175,0.38507205,0.07781079,0.33631736,0.085225984,0.5564718,0.15769021,0.4925816,0.15098494,0.56170285,0.31549817,0.4285338,0.30281645,0.31455636,0.41630882,0.21892612,0.4099265,0.5714051,0.4558946,0.5356227,0.44941807,0.664944,0.67989516,0.6677242,0.66546166,0.8191833,0.9130515,0.80689734,0.8954528,0
0.17450926,0.123823114,0.19293496,0.10153014,0.12310037,0.10772595,0.37044245,0.071924426,0.25711358,0.08804385,0.5879243,0.1438082,0.47716212,0.14654383,0.5753497,0.2993432,0.4505502,0.29603204,0.31551605,0.40235183,0.24938612,0.40629762,0.5899904,0.44013095,0.5217909,0.43643394,0.64743525,0.6630966,0.6780551,0.65185165,0.8386057,0.8953968,0.8045631,0.8760761,0
0.17977631,0.124279685,0.19586688,0.10200996,0.12925878,0.10818099,0.3687235,0.072354056,0.26966769,0.08827972,0.58365,0.14462872,0.48572364,0.14677568,0.56806856,0.30035496,0.44619867,0.29632792,0.31053078,0.40266722,0.25382903,0.40610915,0.6002314,0.44261467,0.5405267,0.43897521,0.66046625,0.6667972,0.69429016,0.6557168,0.8384843,0.8939286,0.8118328,0.8763268,0
0.18305519,0.124890774,0.1979773,0.102290906,0.1327137,0.10881664,0.37119237,0.07198152,0.27542636,0.08871602,0.5912059,0.14562283,0.49655104,0.14815621,0.574362,0.3055427,0.45919946,0.30060497,0.30913338,0.41016343,0.25425503,0.41045195,0.59597486,0.44543472,0.5384239,0.44176763,0.6637221,0.6695099,0.6888908,0.6587533,0.83989966,0.8992446,0.80900395,0.8819624,0
0.1741121,0.12365193,0.19204387,0.101258755,0.12499287,0.107168026,0.3689785,0.07146411,0.26093504,0.08705435,0.58207166,0.14554806,0.46985415,0.14795046,0.56005037,0.30317244,0.43274128,0.2990559,0.3183515,0.4111838,0.24027525,0.41100293,0.5862022,0.44492623,0.5158698,0.4415726,0.64678967,0.66800356,0.6574093,0.65833217,0.8239418,0.8986446,0.79527223,0.8819093,0
0.17521389,0.12220418,0.19512364,0.10012795,0.13063653,0.10601615,0.37074587,0.07230837,0.2611816,0.08780925,0.587213,0.1464569,0.4678242,0.15178928,0.56750906,0.30111986,0.40354156,0.29940403,0.32369378,0.3990357,0.20127068,0.37050024,0.57962203,0.44343308,0.5078773,0.44109255,0.65678746,0.6724398,0.6645522,0.660795,0.8286125,0.9037227,0.8063485,0.88459927,0
0.17064095,0.12308253,0.19332007,0.10074116,0.12145915,0.10704433,0.3709943,0.0737101,0.24054591,0.090118736,0.58937186,0.15022038,0.44492364,0.15561366,0.56159246,0.3073014,0.4065182,0.3074068,0.3289949,0.41282552,0.22447355,0.40752855,0.5895057,0.44929314,0.4990299,0.44720376,0.66550344,0.6768779,0.66076034,0.6665064,0.82737327,0.9053697,0.8067564,0.88633657,0
0.18005145,0.12366685,0.20320396,0.10058505,0.12150737,0.10809979,0.3780794,0.071981594,0.22610892,0.09117322,0.59388316,0.14694618,0.45538348,0.15387066,0.5652977,0.3026397,0.4195047,0.30319583,0.32003367,0.41357592,0.24588646,0.40774304,0.59269565,0.4465409,0.50793654,0.44440404,0.6645033,0.6750538,0.6704398,0.6628961,0.8211908,0.9010124,0.8029428,0.88143176,0
0.1802703,0.12354419,0.20351961,0.10038201,0.12125293,0.10809154,0.37857616,0.071774125,0.22312029,0.0914504,0.5959424,0.14661445,0.4520944,0.15437445,0.5672483,0.30188915,0.41730642,0.3034398,0.3240308,0.41347456,0.24513769,0.40670362,0.5919328,0.4453554,0.5037525,0.4435887,0.66646945,0.6737614,0.6700358,0.6622038,0.82046276,0.9007559,0.8040075,0.88165927,0
0.17301424,0.12358229,0.19471993,0.10074753,0.11752159,0.107970804,0.37132108,0.07234297,0.22808757,0.09108559,0.5963461,0.14654526,0.4399631,0.15382282,0.56667715,0.2985172,0.39403692,0.29979357,0.33369416,0.40340123,0.22561415,0.39570954,0.5957442,0.44696268,0.49905786,0.4451913,0.6675706,0.6740222,0.6694853,0.6622652,0.8236672,0.8993959,0.8089356,0.8791692,0
0.17330404,0.123264976,0.1959589,0.10040009,0.11850221,0.107548855,0.37346777,0.072060175,0.22167976,0.09078879,0.59949833,0.14724372,0.4263575,0.15483607,0.5687003,0.30100122,0.37871793,0.29831266,0.31889856,0.4043203,0.19756365,0.38120914,0.5970342,0.44491595,0.48967367,0.44301304,0.6596038,0.674198,0.6531499,0.66083986,0.81946254,0.9008294,0.80298966,0.8754753,0
0.17718421,0.12303664,0.19960238,0.10003531,0.12257616,0.10711721,0.37705097,0.071853876,0.23419099,0.09013187,0.5955405,0.14763582,0.44899395,0.15369405,0.57348883,0.30238602,0.39576352,0.30008632,0.3062036,0.40113112,0.22888148,0.39403632,0.59277385,0.44828036,0.5038094,0.4456541,0.6483106,0.6760202,0.6604534,0.66334844,0.8171162,0.89746237,0.7984285,0.87583405,0
0.17601828,0.122442715,0.19816765,0.099519946,0.12236829,0.10649135,0.3754882,0.07121894,0.22830343,0.08949849,0.596318,0.14704661,0.44033605,0.15445937,0.5677768,0.302943,0.38859883,0.30134973,0.27652675,0.3964952,0.17425738,0.38319635,0.58987635,0.44670972,0.49483135,0.4442241,0.6568147,0.67657363,0.64982796,0.66211075,0.8172375,0.9002172,0.7982419,0.8712999,0
0.17863849,0.12197959,0.20208023,0.098911114,0.120889366,0.10694761,0.3743414,0.072337225,0.20965205,0.092917465,0.6016864,0.1490846,0.4148978,0.15834427,0.5692116,0.30944243,0.35077605,0.30607226,0.267265,0.4076881,0.14022553,0.39601293,0.59936935,0.44929406,0.48258808,0.44844887,0.66610044,0.67949367,0.63064617,0.669748,0.82684314,0.90409684,0.7849071,0.88029724,0
0.1721129,0.12129848,0.19476883,0.09842539,0.116670616,0.10594253,0.37321118,0.070972964,0.21498777,0.09054193,0.6028571,0.14612079,0.41740808,0.1551341,0.5679317,0.30330744,0.3490961,0.30131477,0.25387084,0.4017753,0.1299946,0.38883856,0.59017235,0.44294176,0.47664842,0.44124842,0.64002496,0.6703329,0.62520945,0.6586931,0.81956935,0.90004706,0.7851205,0.87153584,0
0.16915339,0.122989155,0.19256483,0.09877358,0.10837201,0.106932186,0.3754026,0.06975848,0.20697854,0.090739004,0.59510374,0.15036045,0.4369916,0.15969993,0.5447389,0.3124033,0.3598807,0.30971757,0.22644407,0.41098347,0.14347951,0.39784595,0.5907841,0.4551481,0.49427432,0.45379552,0.6612481,0.6805242,0.64777166,0.6693127,0.82942164,0.89922655,0.7905952,0.8752796,0
0.17585044,0.12152851,0.19980107,0.09773442,0.115524575,0.105792925,0.37899193,0.06996116,0.21894047,0.0901684,0.5927289,0.14967394,0.45798877,0.15663335,0.5486374,0.31028527,0.3880283,0.3062245,0.25688985,0.41435552,0.19973694,0.40695772,0.5984745,0.45355707,0.5159336,0.4516011,0.67378145,0.68314964,0.6715904,0.67232645,0.8300269,0.9059854,0.8004517,0.8863243,0
0.1725515,0.12248489,0.19384305,0.09851274,0.11341748,0.1067682,0.37013754,0.0703716,0.22339457,0.09088735,0.5877581,0.15222886,0.46408033,0.15734181,0.5328056,0.3171036,0.38058868,0.30682132,0.25149226,0.41826105,0.19542432,0.40740603,0.587591,0.45792225,0.5132258,0.4553277,0.66984576,0.68533254,0.66682357,0.6739102,0.83531576,0.90676415,0.80677354,0.8862762,0
0.17163883,0.12292418,0.19317214,0.09864506,0.108633295,0.10757522,0.36922735,0.06926455,0.21100238,0.0915482,0.5941867,0.15075316,0.4478059,0.15776089,0.5389923,0.3170647,0.37477726,0.30784976,0.2537694,0.4134366,0.20296824,0.40093383,0.5978209,0.45619467,0.5072855,0.45448592,0.67074215,0.683524,0.6692885,0.67370135,0.8343664,0.9053921,0.8009791,0.88852334,0
0.17024556,0.11949348,0.18663734,0.09503782,0.11151918,0.103574626,0.3584454,0.064815655,0.23276305,0.08621904,0.5793383,0.14546484,0.47615847,0.15449613,0.5314418,0.30687153,0.41222352,0.308375,0.24252228,0.4035027,0.21133472,0.3989339,0.59650683,0.45470536,0.5325222,0.453399,0.6688565,0.68449867,0.68063873,0.67476195,0.8232436,0.90135264,0.80058223,0.883118,0
0.17215781,0.11900813,0.19126385,0.094317615,0.10966953,0.10364384,0.36293697,0.06496951,0.21602668,0.08821739,0.58525294,0.14544638,0.45966792,0.1570072,0.53785145,0.30529365,0.40366843,0.30955198,0.24286589,0.40191168,0.20675857,0.39886126,0.59939957,0.45524496,0.52066016,0.45484024,0.6714889,0.6869162,0.67883956,0.67735666,0.828053,0.9019846,0.80383027,0.88385814,0
0.17383313,0.120089434,0.19531827,0.09512016,0.111677244,0.103879325,0.37493622,0.065634586,0.21013775,0.08784873,0.59409297,0.15093146,0.450202,0.16051824,0.53620195,0.3143437,0.37130812,0.30999944,0.24319181,0.40384758,0.1398138,0.3924636,0.605883,0.45576292,0.5170136,0.45418528,0.6744828,0.6840407,0.65671396,0.6710373,0.8211732,0.9028873,0.79853505,0.87606585,0
0.17002152,0.11881625,0.18995848,0.09493088,0.11275606,0.10266892,0.36433417,0.06681153,0.23100209,0.086145535,0.5851282,0.14768903,0.47400656,0.15360747,0.55609787,0.30532867,0.4353906,0.30354178,0.29691404,0.40551192,0.24884523,0.4056515,0.5910915,0.44971302,0.5201118,0.44714987,0.6645891,0.676934,0.668748,0.6658633,0.8265242,0.89807653,0.7971685,0.8798348,0
0.16634195,0.116807334,0.19066478,0.093171,0.110914774,0.10065428,0.36953065,0.06768946,0.21770065,0.08640227,0.59637946,0.15082666,0.43916434,0.15585698,0.55743784,0.3129945,0.41046926,0.30571783,0.2845747,0.41097894,0.24546942,0.4034658,0.59383607,0.45258865,0.49037966,0.4503734,0.66613394,0.6800764,0.65210116,0.67119384,0.82858646,0.8994705,0.8040324,0.88147575,0
0.17004041,0.12269143,0.18966766,0.09771194,0.10280691,0.10703961,0.36634132,0.06653156,0.20518625,0.0899502,0.59014004,0.1466038,0.45208296,0.15558098,0.54810065,0.30773562,0.4147003,0.30556524,0.26057404,0.409135,0.23041011,0.41204333,0.6016697,0.45198095,0.5139071,0.45058313,0.67045844,0.67820853,0.67023575,0.6688323,0.8211663,0.8986625,0.79677206,0.8802426,0
0.16547216,0.12374362,0.18283093,0.099057555,0.102218635,0.10759975,0.36101067,0.06709959,0.21825458,0.0887349,0.59124357,0.14756483,0.45986503,0.15362777,0.546469,0.31078,0.41253126,0.3041292,0.25305718,0.40696475,0.23638333,0.4093479,0.6043439,0.45221978,0.52063996,0.4499025,0.675873,0.6763878,0.67311454,0.6669576,0.82263273,0.89766014,0.7940708,0.88000065,0
0.16801591,0.1235552,0.18549882,0.099364534,0.10972427,0.10720863,0.36524934,0.06849036,0.2376234,0.08816923,0.5873527,0.14781265,0.48021683,0.15146504,0.53840303,0.30967528,0.41849503,0.30038586,0.2528312,0.40867084,0.23957333,0.4057886,0.59704727,0.4499894,0.5297932,0.4469082,0.66922516,0.67521244,0.6793421,0.66570044,0.82418597,0.8974021,0.79890907,0.88144827,0
0.16196448,0.120874226,0.18437111,0.09691314,0.10299823,0.104365006,0.3686082,0.067731015,0.22427766,0.08633606,0.5791806,0.14838308,0.47249165,0.1512359,0.52679193,0.31191337,0.41275328,0.30117708,0.23620537,0.41231376,0.21952891,0.4070806,0.59136254,0.45160323,0.5253436,0.4486924,0.66901267,0.6728092,0.68138,0.6646669,0.8194108,0.89521664,0.8021097,0.8811169,0
0.16278626,0.12173693,0.18453202,0.0978924,0.10665526,0.10545516,0.3650367,0.068451926,0.22709137,0.08750663,0.5609034,0.1473725,0.47775853,0.15355691,0.51912063,0.31401497,0.39482307,0.30781624,0.25921538,0.41839108,0.21731298,0.39069456,0.56838846,0.44964957,0.52172166,0.4481705,0.63446355,0.6698018,0.65408033,0.66243505,0.80916315,0.90121096,0.78154445,0.8882233,0
0.16366157,0.12443227,0.17996538,0.10115501,0.11363671,0.107236214,0.36222142,0.06840982,0.25877303,0.08461713,0.57522327,0.14472441,0.48028514,0.14909138,0.54909986,0.30665094,0.4031693,0.30020905,0.26360717,0.40029028,0.2134628,0.37273216,0.59002405,0.44676742,0.5341697,0.44496223,0.66543937,0.6744082,0.6688173,0.66875166,0.82643604,0.8987969,0.7998623,0.88604736,0
0.1690744,0.12422174,0.18946804,0.1001296,0.11609769,0.108278766,0.3682201,0.06900064,0.22394304,0.09002108,0.56134814,0.14637995,0.4719384,0.16102903,0.51414,0.32021782,0.34935406,0.31660798,0.21282265,0.38743082,0.11000454,0.29293913,0.59417343,0.45333478,0.5429082,0.45551983,0.6922007,0.68721515,0.68033004,0.677149,0.82004434,0.9058689,0.8088405,0.88490623,0
0.1656451,0.12458567,0.18504892,0.10075328,0.11677101,0.108095355,0.36360922,0.069002055,0.23069133,0.08854448,0.5596563,0.14466932,0.4759384,0.1595357,0.5157649,0.31108123,0.34459028,0.31060445,0.20377488,0.37934002,0.09768451,0.2795764,0.5758759,0.44978663,0.5286442,0.45102876,0.6519893,0.6826406,0.63602805,0.66880095,0.8253147,0.9080458,0.7821402,0.88251984,0
0.16388093,0.12333168,0.1837096,0.09966451,0.11540999,0.10688013,0.36272267,0.06849999,0.22793025,0.0877088,0.56431323,0.14462298,0.47005972,0.1586962,0.53128344,0.31331787,0.3437127,0.31032166,0.22612013,0.38388586,0.098244034,0.28092036,0.57766056,0.44790027,0.524896,0.44877726,0.65047723,0.6779545,0.6402347,0.6637133,0.8215436,0.90505177,0.78687555,0.87795025,0
0.16562755,0.11927847,0.17633238,0.097535,0.12939793,0.101131044,0.34144396,0.06800969,0.31261444,0.07736109,0.5554277,0.14608882,0.52564377,0.14048593,0.5621565,0.30953982,0.4644135,0.29328722,0.2556561,0.40539587,0.23534492,0.3887334,0.5681998,0.44043592,0.5546234,0.43504092,0.63855237,0.66422737,0.67304343,0.659719,0.8233097,0.89711523,0.78716856,0.88825744,0
0.16019948,0.12937225,0.17164308,0.10585952,0.106599584,0.11243949,0.34845042,0.0703201,0.26200506,0.08738508,0.5547675,0.14540535,0.5110614,0.14783499,0.5330851,0.30936465,0.41858602,0.30033907,0.24364781,0.40735704,0.20291817,0.3859832,0.5779898,0.4433488,0.5607274,0.4397176,0.6362211,0.6625229,0.6777214,0.65318155,0.80795646,0.8946651,0.7806329,0.8794992,0
0.17060855,0.119481534,0.18325792,0.09840688,0.1365872,0.103940144,0.35687628,0.07254657,0.31429332,0.08526647,0.5791204,0.15411858,0.4787592,0.15153907,0.5860929,0.31588978,0.40120804,0.30182528,0.24481991,0.39998198,0.19650841,0.38675278,0.6127718,0.45987308,0.5517309,0.45452148,0.70313907,0.68152755,0.68237275,0.6683345,0.8415124,0.9048934,0.8166543,0.8832008,0
0.116153814,0.11660938,0.13619839,0.09511966,0.09936251,0.098547734,0.3224178,0.078032725,0.28870273,0.085605234,0.56835794,0.16448769,0.46772316,0.1595554,0.53684634,0.33536547,0.35235947,0.31171477,0.24097799,0.41257995,0.14183912,0.37902945,0.62129664,0.46565574,0.5531583,0.4614351,0.6993398,0.69430274,0.707537,0.68854326,0.8425858,0.9239732,0.7957182,0.90724397,0
0.11383593,0.12486156,0.12342472,0.10516736,0.09416707,0.10779628,0.28198442,0.08469328,0.274695,0.091358796,0.55038035,0.16308254,0.42428595,0.15861969,0.57383466,0.32320234,0.38804638,0.30114043,0.27019432,0.40280807,0.18891567,0.3518687,0.5934455,0.45060518,0.5101021,0.44605863,0.66683215,0.6575687,0.63195556,0.6519436,0.8222987,0.891122,0.7884529,0.86584926,0
0.11503194,0.12122471,0.12729402,0.10213553,0.099350475,0.10371904,0.2890791,0.08383385,0.29077098,0.087701075,0.54571074,0.16360511,0.43933013,0.15486997,0.56705874,0.32474825,0.39718482,0.29781517,0.28059924,0.40727156,0.20614536,0.3607278,0.59671724,0.4525541,0.5257811,0.44691813,0.68011814,0.6609412,0.64815134,0.65500987,0.836896,0.8857572,0.8025974,0.8618366,0
0.105128475,0.114402,0.118887365,0.09613123,0.09715883,0.09780974,0.275388,0.081738286,0.27615878,0.08543968,0.5425224,0.15939888,0.38485816,0.1515501,0.52984333,0.32586092,0.29441085,0.2951037,0.24433917,0.40359253,0.10164137,0.3509435,0.58007866,0.4434014,0.47742727,0.43854716,0.6293416,0.65244853,0.5922877,0.64823717,0.80447066,0.891426,0.75684696,0.86422783,0
0.1321657,0.123632476,0.14897442,0.10388979,0.117311865,0.10675554,0.29995894,0.08297014,0.2726479,0.09023814,0.5003873,0.15960954,0.3994964,0.15829453,0.46644548,0.31686565,0.3044144,0.30117816,0.18140826,0.37741828,0.08787509,0.35426497,0.5415655,0.44087464,0.47544023,0.43823364,0.57763124,0.6465841,0.5880322,0.6442291,0.7979311,0.8827726,0.7138153,0.8665193,0
0.1410091,0.13197206,0.16149041,0.11081969,0.108750984,0.11351902,0.31642386,0.08112378,0.23774602,0.0894115,0.5256186,0.15741949,0.39509442,0.15134169,0.5174699,0.32000208,0.35146552,0.29815227,0.25804716,0.3922252,0.19380529,0.38615277,0.55669665,0.4453765,0.4695983,0.4395529,0.5777112,0.66038275,0.5844557,0.65219337,0.8007889,0.8898005,0.7133077,0.8717774,0
0.11228106,0.1340569,0.13179894,0.113997504,0.09154616,0.11431226,0.2940491,0.085695595,0.24248941,0.08882417,0.49886942,0.16284084,0.36852834,0.15245833,0.4829156,0.3268907,0.35317707,0.30262402,0.22349983,0.3958941,0.20590614,0.39596072,0.5261168,0.448134,0.4350969,0.44084355,0.54513246,0.6550004,0.5280847,0.64634025,0.78555983,0.8875985,0.6923652,0.8634248,0
0.13989176,0.13074307,0.15868011,0.11033596,0.11875732,0.11242127,0.3069628,0.08341388,0.2432916,0.09067497,0.50446326,0.16033867,0.36350214,0.15795177,0.48855513,0.32351583,0.29722667,0.3030727,0.20395988,0.38627142,0.11864744,0.35112625,0.5202274,0.44071448,0.42792195,0.4363214,0.52552944,0.6458317,0.5123887,0.63936335,0.77829665,0.8811142,0.70439935,0.85880005,0
0.13199542,0.13211136,0.14961532,0.1124706,0.11397192,0.11398765,0.29911146,0.08540349,0.24997377,0.0913031,0.5064528,0.16078871,0.36328763,0.15627125,0.49257988,0.32470015,0.30535603,0.30130747,0.20073223,0.39207032,0.12644175,0.35437232,0.5224729,0.44226447,0.43041182,0.4369217,0.5293225,0.6486901,0.52068526,0.641432,0.7783336,0.8819345,0.72155154,0.85857093,0
0.21164167,0.11696083,0.25177702,0.09641003,0.1706464,0.09911041,0.38003084,0.07608894,0.19641326,0.08445281,0.52326125,0.15796822,0.32108825,0.1582816,0.4989919,0.32209218,0.32148364,0.30890885,0.21637623,0.3878627,0.14761709,0.3662949,0.51428676,0.43617985,0.38091886,0.43357807,0.5381325,0.65272003,0.51738346,0.64391077,0.809122,0.88511807,0.7220048,0.8660205,0
0.1580584,0.120853394,0.2018932,0.09974532,0.12276072,0.10152523,0.35913283,0.08123932,0.1749418,0.08725271,0.5242558,0.16638088,0.30284137,0.16270141,0.50938267,0.32414123,0.2734577,0.30813575,0.2300601,0.3517902,0.14028804,0.35829312,0.52398944,0.44562462,0.37729862,0.44154215,0.52973306,0.6609577,0.5134856,0.65281534,0.7996666,0.8843761,0.72156924,0.86725104,0
0.14243636,0.12178019,0.16334635,0.10417343,0.119058296,0.10580324,0.2903974,0.08374875,0.21976325,0.089485414,0.49979737,0.15699793,0.30112365,0.15213142,0.49830943,0.31314775,0.25363833,0.28865272,0.28346273,0.3878854,0.14944416,0.3533825,0.51442254,0.43878868,0.39096087,0.4351338,0.5418647,0.6463219,0.5098959,0.6415154,0.76385653,0.8761344,0.74921626,0.84848905,0
0.12951471,0.13208467,0.14714463,0.11141601,0.104070865,0.115108564,0.28662094,0.086795524,0.21185088,0.09740048,0.51092416,0.16255766,0.3023474,0.16177016,0.514152,0.3108291,0.2053598,0.29245737,0.26383176,0.35634163,0.16311005,0.34340444,0.5282658,0.44120386,0.38851458,0.43903792,0.56356496,0.6559247,0.5063782,0.6528311,0.8096374,0.8883756,0.70151633,0.8708937,0
0.17948495,0.13577422,0.19574676,0.1155291,0.15824088,0.1179984,0.32500887,0.09090127,0.2673932,0.098844,0.538211,0.16999945,0.35804918,0.16492806,0.5567556,0.32660815,0.29920554,0.30109528,0.28772402,0.35957357,0.18955262,0.34597033,0.55305725,0.45689428,0.43346155,0.4521078,0.5935447,0.66916245,0.5526065,0.66178995,0.8132319,0.8905984,0.7193778,0.8677236,0
0.19513215,0.13532427,0.21477054,0.114059016,0.1697637,0.1182404,0.34608722,0.093371674,0.2621209,0.10389103,0.536328,0.17442597,0.35400745,0.17369962,0.5611612,0.32206407,0.31909576,0.30217817,0.3105353,0.35906595,0.19055553,0.3423784,0.55804074,0.45531213,0.43237832,0.45314884,0.5984394,0.6634032,0.5522916,0.6570935,0.8005013,0.8917622,0.71251774,0.87023693,0
0.25274837,0.116727054,0.2732907,0.09824829,0.24264325,0.100985065,0.37717682,0.087729014,0.31720304,0.09500865,0.5762275,0.17427053,0.39503148,0.17169568,0.5934986,0.32590425,0.3391366,0.29303455,0.33320943,0.3623773,0.15479808,0.31166816,0.5753228,0.45490947,0.45208514,0.45108297,0.63117844,0.6651306,0.57353926,0.6582489,0.8353215,0.88114154,0.7365597,0.8574782,0
0.251794,0.13624784,0.27650476,0.114857055,0.22468077,0.11847167,0.40375176,0.09277992,0.29358554,0.10240483,0.5856835,0.18023987,0.4056924,0.17575866,0.60168976,0.33739543,0.35798404,0.29675272,0.3181809,0.3622702,0.15865235,0.30820546,0.57726985,0.46057048,0.45903572,0.4560884,0.61781603,0.6678192,0.595847,0.65838367,0.80683935,0.8889457,0.73392284,0.8663709,0
0.23800519,0.111032814,0.2529099,0.094065614,0.24153914,0.0952567,0.34597614,0.08664178,0.3519074,0.089524835,0.55995405,0.17403536,0.43722203,0.17027627,0.5966395,0.33750704,0.4071868,0.31257728,0.2588307,0.34351918,0.18081461,0.2987886,0.585104,0.46000192,0.49756852,0.45512006,0.6569546,0.67150587,0.61663884,0.66406435,0.84390444,0.8856437,0.7479998,0.85905546,0
0.2267681,0.12285394,0.23046106,0.10531587,0.21795249,0.110727824,0.3358739,0.09273642,0.34237087,0.10295901,0.53907454,0.16776957,0.4493238,0.16813935,0.5356097,0.30952492,0.37360358,0.29410526,0.20677811,0.35709566,0.14135507,0.3164778,0.5956036,0.44454104,0.53252375,0.44139168,0.63078284,0.6539895,0.60285735,0.6460778,0.79475385,0.88690007,0.7312436,0.8657894,0
0.21978791,0.11574229,0.23515143,0.09593205,0.20354588,0.10062894,0.34822044,0.08174614,0.30807653,0.091940686,0.55738735,0.16547564,0.4079375,0.16425923,0.58642274,0.32774615,0.3602093,0.29729614,0.2851334,0.36928496,0.15845008,0.31960934,0.5791075,0.45136964,0.47871578,0.448343,0.6221239,0.663521,0.5900001,0.6578362,0.7951931,0.89504284,0.7115524,0.8698865,0
0.2292134,0.108302206,0.24918379,0.08823032,0.20957924,0.09324531,0.3633015,0.075837225,0.3041337,0.086900994,0.5499951,0.15965796,0.42278317,0.16172795,0.50432676,0.31210443,0.35143262,0.29709846,0.20426556,0.33799878,0.15868929,0.31961742,0.5849445,0.4455665,0.49515674,0.44377545,0.61706644,0.6590377,0.60008794,0.65363526,0.79821235,0.89369464,0.71978897,0.8704932,0
0.21344475,0.12633575,0.22660008,0.108185165,0.20080347,0.11302115,0.34621298,0.09448418,0.3130917,0.10398769,0.5571181,0.17422643,0.41739735,0.17262654,0.55192316,0.32017723,0.36540163,0.29842815,0.17555246,0.3421383,0.13509695,0.3101103,0.5871163,0.45675313,0.48951852,0.45268276,0.62595403,0.6655617,0.5932806,0.65654314,0.7989615,0.88329476,0.73566973,0.8617802,0
0.25482246,0.109997526,0.28468874,0.0895398,0.22616528,0.09477243,0.4027633,0.07887849,0.28264853,0.09082812,0.58286005,0.16431636,0.42395756,0.16589652,0.5395832,0.31638378,0.38398236,0.29940665,0.16050915,0.30930197,0.17144807,0.30622846,0.607204,0.447324,0.4929315,0.44511867,0.63597023,0.66636115,0.6153162,0.6605492,0.8180146,0.89330095,0.7297193,0.8697015,0
0.21639578,0.13046123,0.23710082,0.110867925,0.20480764,0.11475519,0.37482724,0.098650634,0.33293524,0.106641114,0.559832,0.1765726,0.47650856,0.17612113,0.4723809,0.30763346,0.3777264,0.29910436,0.1839595,0.31205678,0.194596,0.31666172,0.62126523,0.44067663,0.55312043,0.43805644,0.64082944,0.65799135,0.6254276,0.6549066,0.8223335,0.889533,0.7458007,0.87051594,0
0.17017241,0.12519912,0.19008508,0.1062401,0.1588999,0.10781378,0.32746583,0.08922758,0.30340812,0.09339013,0.535788,0.16721329,0.4688039,0.16201274,0.4674807,0.30685383,0.37714127,0.292305,0.12617053,0.31008068,0.14273281,0.3081558,0.5836187,0.44103467,0.5354017,0.4349344,0.5920012,0.6551355,0.61995715,0.64843637,0.79683036,0.8889865,0.7399615,0.8643626,0
0.19119208,0.1123878,0.22646677,0.0921813,0.1726761,0.09562301,0.38269883,0.083944455,0.2813199,0.09103937,0.5482053,0.16806787,0.43850034,0.16741742,0.432231,0.30503982,0.34838235,0.299682,0.109418534,0.3133415,0.15773828,0.3300814,0.60539436,0.4495517,0.51293504,0.44705188,0.6321604,0.66432595,0.5973675,0.659946,0.8106697,0.885875,0.7089744,0.8680068,0
0.1913064,0.112140894,0.22531883,0.09175872,0.1721355,0.09534254,0.3776101,0.08357357,0.28138223,0.0908226,0.54514784,0.16922136,0.44433275,0.16827092,0.4422705,0.3098911,0.3503975,0.30230513,0.115971774,0.31490755,0.15598433,0.3290191,0.61370593,0.4513826,0.52979034,0.44893816,0.64298415,0.66652733,0.6178969,0.66211784,0.8151238,0.88721293,0.719787,0.8674606,0
0.20260704,0.12747854,0.22452453,0.10789503,0.18622775,0.111486316,0.36288908,0.09288082,0.30849707,0.10131979,0.57388043,0.17109218,0.43217242,0.17171997,0.5125997,0.3095856,0.37131774,0.30248305,0.13971995,0.30881277,0.15318176,0.31790346,0.6125194,0.4584373,0.50462085,0.455477,0.6408615,0.6727396,0.58372676,0.6682414,0.8106207,0.88777333,0.70403373,0.866515,0
0.20616283,0.12397837,0.2429497,0.10325732,0.16651739,0.107676625,0.39847168,0.085561365,0.23678231,0.09615249,0.5878205,0.16406134,0.36930466,0.16387041,0.5596846,0.30138278,0.31429467,0.29358461,0.1735584,0.3172308,0.120949425,0.34148207,0.5824733,0.4343808,0.43176562,0.43039423,0.61495715,0.6512515,0.57170254,0.6437037,0.8245115,0.8845826,0.6943373,0.867415,0
0.20434001,0.12687649,0.23492646,0.10682079,0.18195716,0.10984768,0.4004226,0.09257516,0.31025457,0.09960269,0.5848489,0.17153135,0.4853083,0.16869621,0.49541205,0.30779728,0.42158282,0.29966328,0.16303894,0.30276203,0.19912134,0.31928712,0.6311166,0.4579243,0.5509937,0.45259544,0.62449163,0.67213744,0.6217608,0.66201943,0.8011387,0.8884052,0.7172575,0.864022,0
0.15551166,0.13113011,0.177098,0.11361863,0.14444953,0.11398827,0.3420834,0.09987488,0.30979106,0.10080914,0.58195144,0.17015177,0.44271895,0.15784526,0.55140257,0.31153703,0.36582953,0.28655034,0.20138815,0.33407438,0.1628604,0.33468878,0.5957728,0.4423971,0.50212365,0.4342582,0.58529496,0.64666635,0.5896251,0.64176464,0.7609282,0.88032657,0.72183764,0.85832083,0
0.19081195,0.13007402,0.21321283,0.10988898,0.17546579,0.11214949,0.378974,0.092382565,0.34235635,0.09716486,0.56435114,0.17200507,0.4983678,0.16409905,0.4941018,0.31035846,0.3891349,0.29591966,0.1701529,0.30632922,0.18759015,0.32986158,0.61108506,0.45202988,0.5644669,0.44482657,0.58194697,0.66617745,0.62741804,0.6576209,0.7344473,0.89103556,0.69887483,0.86911166,0
0.17519042,0.1295976,0.19365484,0.10923342,0.16130579,0.11210026,0.35634428,0.09287414,0.3424989,0.09835891,0.5502192,0.17235002,0.5114259,0.16461618,0.49454302,0.31041166,0.39798585,0.29701623,0.16208711,0.3063527,0.18763566,0.32997563,0.6121786,0.45371982,0.5887311,0.44620824,0.5716598,0.66703796,0.6554468,0.65822744,0.7078809,0.8923625,0.7304463,0.8672287,0
0.18407847,0.1293461,0.1966051,0.109156765,0.17375223,0.11275347,0.34409964,0.092673965,0.34931624,0.10003402,0.55818564,0.17183284,0.50702435,0.16615242,0.49237484,0.31024918,0.39478502,0.2919719,0.12869772,0.30470505,0.15608041,0.3106528,0.6149922,0.45013696,0.56681263,0.4434795,0.59893584,0.6660993,0.58418715,0.6595018,0.76265436,0.89029247,0.64689004,0.86678934,0
0.15362665,0.12699033,0.15522358,0.10935726,0.15266621,0.11205074,0.28717434,0.095026106,0.38076434,0.09748005,0.52748835,0.1753007,0.53365374,0.16021821,0.43516648,0.31035623,0.41071975,0.2838564,0.09809597,0.3034022,0.17718676,0.30447358,0.58909935,0.44929424,0.5994482,0.4385335,0.55695015,0.6532961,0.66921324,0.64492583,0.6726311,0.8787981,0.78962684,0.8523325,0
0.17048432,0.12427454,0.18307954,0.10614259,0.16344456,0.10944376,0.34162682,0.09384005,0.36856094,0.09845869,0.57992876,0.17524205,0.5139383,0.16371311,0.5355696,0.31457448,0.4155286,0.29101208,0.12952653,0.30535075,0.1831857,0.31231797,0.6198566,0.45308653,0.5788353,0.44355628,0.59764683,0.6605882,0.65951455,0.6511385,0.7030075,0.8807224,0.7657658,0.8552111,0
0.12685373,0.13050693,0.13411103,0.11245627,0.13338524,0.11470176,0.30909258,0.10096983,0.37692067,0.102951236,0.58190876,0.18152435,0.5251578,0.16819888,0.5483434,0.32631564,0.46100724,0.30178717,0.10065261,0.31196558,0.18641116,0.31647813,0.62740755,0.4631813,0.567314,0.45219156,0.6433149,0.66982263,0.5736229,0.6603427,0.8052619,0.8904387,0.66643745,0.8648566,0
0.11736632,0.13040146,0.114768684,0.11287674,0.12915377,0.11453132,0.25848106,0.10182333,0.38514647,0.101646066,0.5382338,0.18084468,0.5191671,0.16749133,0.49372646,0.31592795,0.44736814,0.30232295,0.081514895,0.3219224,0.15317336,0.34460694,0.60776395,0.4618175,0.5736041,0.4511628,0.63523674,0.6667057,0.56276536,0.6605842,0.78258127,0.88784045,0.66102546,0.86545223,0
0.14727446,0.12807308,0.16421807,0.111018606,0.14746356,0.11160404,0.34597597,0.09638624,0.36568603,0.096344136,0.57871366,0.1731893,0.50379914,0.16385049,0.52219725,0.31399226,0.45805874,0.30565077,0.11091294,0.3145213,0.16955172,0.33309817,0.62154317,0.46130776,0.5477483,0.45242137,0.65371513,0.67494476,0.55582935,0.66647744,0.80377245,0.88678336,0.65158284,0.8673057,0
0.1691215,0.12715623,0.17613658,0.1092612,0.16923453,0.11200547,0.33371,0.09550834,0.40005443,0.09897813,0.55837667,0.17235032,0.5705041,0.16137522,0.5067572,0.30804583,0.46689048,0.28673744,0.11243655,0.30320227,0.1941138,0.2967219,0.62531334,0.45526665,0.6212223,0.44605353,0.6263329,0.6708851,0.6372074,0.6635059,0.7468991,0.8903756,0.7033559,0.8706041,0
0.13418907,0.12896098,0.12995824,0.111435264,0.1458613,0.11394259,0.28587127,0.097276606,0.42148077,0.099405184,0.5366484,0.16932504,0.58120406,0.15896577,0.47869617,0.30183262,0.4745562,0.29256257,0.117522955,0.29960167,0.20503576,0.31389084,0.6217327,0.44616386,0.6422033,0.43632397,0.6062078,0.66076297,0.6533141,0.65222204,0.72410136,0.8895166,0.72981125,0.86227506,0
0.21591231,0.12671584,0.2467642,0.10949005,0.20695157,0.11031135,0.41738015,0.09875572,0.36991963,0.09915547,0.6069765,0.18255255,0.52376604,0.17169724,0.55661803,0.32695788,0.44642228,0.30849403,0.1749502,0.30126482,0.18277992,0.3116752,0.63024104,0.45742705,0.5597522,0.4489041,0.6472389,0.6748421,0.60177505,0.66493815,0.7789737,0.889784,0.6709979,0.87273896,0
0.13366686,0.12932804,0.14125927,0.111509815,0.13506219,0.11433748,0.30765235,0.09950093,0.36259168,0.103670254,0.5592643,0.17673579,0.5076559,0.17064536,0.56164944,0.31820315,0.42980632,0.30522802,0.2710027,0.32805264,0.16249335,0.31375146,0.6199546,0.46177673,0.5765972,0.4550811,0.64299196,0.6727307,0.6197346,0.6636612,0.75169045,0.88925564,0.698114,0.86532986,0
0.14737724,0.12809876,0.16518667,0.11083946,0.14785416,0.113107525,0.35269582,0.09937395,0.3668769,0.1027167,0.57578874,0.1766114,0.52184373,0.17040257,0.49801943,0.30472478,0.44102708,0.29474998,0.13796656,0.3062663,0.18464933,0.31035912,0.6203415,0.44898352,0.56793064,0.44146234,0.62197626,0.66273534,0.60677534,0.65238225,0.7643225,0.88439,0.6988971,0.86145794,0
0.23323722,0.12800337,0.2665595,0.11041791,0.21646039,0.11213664,0.43236485,0.099695295,0.35668296,0.102786794,0.6029104,0.18283504,0.5151093,0.1754535,0.49766245,0.31511983,0.4277635,0.30076116,0.13802183,0.3048065,0.17844889,0.31064704,0.621836,0.45635092,0.54409873,0.4489369,0.63909084,0.6710071,0.59191364,0.65856594,0.7896594,0.884798,0.66561383,0.8648434,0
0.14445156,0.1291654,0.14817427,0.109098665,0.14245184,0.11372548,0.30159488,0.09640317,0.3684761,0.103933714,0.55711037,0.18046083,0.53812516,0.1760413,0.5526557,0.32259426,0.4206699,0.31246555,0.1181011,0.3131103,0.14209856,0.31246808,0.61260223,0.46898305,0.60004175,0.46116766,0.60143244,0.6831235,0.67166865,0.6702692,0.7174098,0.89512694,0.7158513,0.8656339,0
0.15961526,0.13595237,0.17957343,0.11647646,0.14493519,0.12060251,0.35944882,0.10203468,0.3281407,0.10999734,0.57487917,0.1833536,0.5201439,0.18204689,0.62142366,0.33875227,0.43458274,0.31186664,0.426883,0.4257528,0.15000047,0.31651962,0.61679107,0.4692905,0.5946176,0.4647826,0.5877021,0.68423504,0.69216645,0.6707337,0.6631386,0.8958333,0.7671706,0.87301093,0
0.1616861,0.13069592,0.18709321,0.1115112,0.14748152,0.11519102,0.37666386,0.0984313,0.3105533,0.10594612,0.5881679,0.18149999,0.48779845,0.18011035,0.6712515,0.3497915,0.42222893,0.3137493,0.70978254,0.47403204,0.14686193,0.3137618,0.6047657,0.46778065,0.536772,0.4638081,0.62224674,0.6817471,0.62133056,0.667066,0.758027,0.8928894,0.68387395,0.87025064,0
0.23101875,0.13047606,0.2798563,0.10983352,0.18629886,0.11404287,0.46300662,0.09611921,0.24386275,0.10658683,0.6367332,0.18176669,0.43932983,0.1862246,0.69010574,0.34818077,0.39912185,0.31753653,0.71121615,0.47690958,0.13964134,0.31159806,0.63726056,0.4669218,0.4991658,0.4654079,0.64902586,0.6851035,0.5851442,0.6686992,0.80543965,0.8928818,0.6312103,0.8734354,0
0.17496906,0.13527334,0.1878834,0.116877526,0.16374622,0.1192223,0.3525198,0.10000631,0.37103525,0.10354504,0.58747524,0.17776132,0.53534216,0.16650584,0.52760816,0.32187513,0.44718596,0.3031991,0.14119123,0.29341063,0.19579911,0.30663118,0.6238749,0.45694217,0.589295,0.44733903,0.5850955,0.6721326,0.6507899,0.6608238,0.6625625,0.89404666,0.7344492,0.8674783,0
0.17777014,0.135524,0.19452521,0.116926976,0.16504246,0.118993655,0.36740628,0.10024264,0.35425502,0.10386838,0.6040617,0.17868833,0.5038244,0.16823234,0.5527573,0.32071677,0.4291682,0.30076012,0.165125,0.2959215,0.17812192,0.30628857,0.62915576,0.45565698,0.54897696,0.44629848,0.62428176,0.6669023,0.5919678,0.6544769,0.72873104,0.88720757,0.65059465,0.8626195,0
0.16860582,0.13930838,0.17470731,0.11971228,0.15988424,0.12356984,0.34074056,0.10093894,0.36910027,0.10867111,0.59376043,0.17527874,0.5210732,0.17300361,0.5408669,0.31209108,0.41634697,0.30754414,0.122822076,0.30639222,0.14307913,0.31263813,0.63985133,0.45586488,0.5777185,0.44867322,0.6250484,0.6733285,0.6220479,0.6612081,0.77890694,0.899465,0.6538668,0.87194645,0
0.17398542,0.13862114,0.18213576,0.11843621,0.1626216,0.12252392,0.3475578,0.09825181,0.34240428,0.10748548,0.5997825,0.17710055,0.49090946,0.17931914,0.65390337,0.33998582,0.42640677,0.31464183,0.5762626,0.4400178,0.13929614,0.31071654,0.63365483,0.4605456,0.54615396,0.45737016,0.6626,0.6776378,0.58278024,0.6657076,0.81994045,0.8964074,0.60093147,0.87364876,0
0.24589148,0.12924087,0.28346005,0.10905494,0.21400988,0.112825885,0.4494651,0.094561286,0.32012755,0.10269856,0.6118775,0.17511943,0.515943,0.17445567,0.55813736,0.31615537,0.42465565,0.30719277,0.16871138,0.31941703,0.1599487,0.31009263,0.64081925,0.44849384,0.57833034,0.44379318,0.6096475,0.6675799,0.66703135,0.6561755,0.7157465,0.8940591,0.71063274,0.87452096,0
0.17853822,0.13973011,0.19047983,0.11865172,0.16021904,0.12268393,0.36989924,0.095464505,0.3412195,0.10462541,0.61291254,0.17784308,0.4876074,0.1765045,0.6873282,0.34513912,0.39895847,0.31145626,0.5956741,0.45276192,0.119670846,0.320117,0.6270482,0.45648086,0.5500332,0.4520493,0.63143545,0.6677142,0.63065714,0.6545201,0.7541813,0.8944797,0.6764874,0.8720576,0
0.1613836,0.14138313,0.1693148,0.12355041,0.15373307,0.12440487,0.33755115,0.09983672,0.36010706,0.10337185,0.6246958,0.16706504,0.51360685,0.16088322,0.607871,0.32391784,0.43091482,0.29946098,0.30608052,0.38543695,0.1709211,0.3128218,0.6206536,0.4468258,0.55204946,0.4397007,0.62402385,0.6572691,0.5986303,0.649401,0.72607875,0.8924415,0.68492836,0.8667713,0
0.1582753,0.13163713,0.17506222,0.113453545,0.14773159,0.11452752,0.34894457,0.09287101,0.33178687,0.09678997,0.6282733,0.16817264,0.47587258,0.16395546,0.609681,0.3261782,0.3981485,0.30306432,0.31288612,0.38690928,0.1754334,0.31481674,0.6238256,0.44905946,0.52606684,0.44304475,0.628927,0.65920764,0.5865854,0.6505472,0.7472349,0.89013976,0.66943246,0.8646451,0
0.19122529,0.13618506,0.20719406,0.11579811,0.17712191,0.119161695,0.38730717,0.093851134,0.36008424,0.10152897,0.61289847,0.17342588,0.50362474,0.17207088,0.59766775,0.32511693,0.41887414,0.30839828,0.24382207,0.36416197,0.15965918,0.31519666,0.63304985,0.45074868,0.55459416,0.44518298,0.6325156,0.6614489,0.6184986,0.64948994,0.77036977,0.8952709,0.6584914,0.87276447,0
0.2016866,0.14703655,0.19561292,0.12595555,0.18959185,0.13028269,0.345674,0.09954224,0.4224051,0.10827656,0.5733331,0.17263946,0.5892737,0.16224432,0.48167917,0.2994352,0.43036285,0.26688278,0.10094966,0.30136362,0.16648743,0.27222666,0.6301863,0.44850105,0.6273631,0.43883938,0.6183561,0.6687392,0.6361208,0.659494,0.7598722,0.8999953,0.65164465,0.8758447,0
0.17204826,0.14465173,0.1734251,0.123035684,0.15879631,0.12751222,0.34952295,0.09924192,0.39154434,0.10842349,0.60809374,0.17902507,0.55524284,0.1728052,0.5462636,0.31844229,0.43049046,0.3035168,0.120259196,0.29413655,0.1780321,0.30185315,0.63033,0.4623564,0.58173597,0.4537158,0.62856936,0.67574537,0.6208034,0.6673998,0.76086277,0.89787805,0.65109164,0.87606406,0
0.1777325,0.13906401,0.18870412,0.12011317,0.17266184,0.12225465,0.3575115,0.10325803,0.39443064,0.10600033,0.61160135,0.1856048,0.55428994,0.17172463,0.5813197,0.33764607,0.44479635,0.30983084,0.13804884,0.29553196,0.18548499,0.29528087,0.61514926,0.46503684,0.57580274,0.45403942,0.600718,0.6710498,0.62641054,0.6608538,0.690824,0.89140856,0.701886,0.867696,0
0.17557992,0.14239715,0.18042414,0.12133967,0.167654,0.1256175,0.36088642,0.10194251,0.4009323,0.11009268,0.6156956,0.18330568,0.56896776,0.177286,0.56815934,0.32815093,0.45722556,0.31623638,0.13210684,0.29704756,0.18372294,0.30672455,0.6259026,0.46574533,0.580665,0.4568343,0.626413,0.6777186,0.6251457,0.66754067,0.75847864,0.8992359,0.6550397,0.8759336,0
0.18838854,0.14250545,0.19567196,0.120892085,0.17201531,0.12651691,0.36621702,0.10039243,0.360131,0.11286101,0.64065504,0.18299808,0.50581634,0.18610668,0.6229488,0.33602056,0.43638393,0.32788035,0.1771842,0.31730762,0.14737381,0.29748258,0.65385973,0.46929437,0.5450308,0.4641275,0.66105926,0.68179935,0.57937145,0.6737709,0.82216257,0.9022691,0.62622225,0.87993467,0
0.14926912,0.14059573,0.14231843,0.11997763,0.14615563,0.12504488,0.30205944,0.10045399,0.39214277,0.10991444,0.61014485,0.18029417,0.54313874,0.17480074,0.57201463,0.3310706,0.44574174,0.31803775,0.13591073,0.2959471,0.18931238,0.3001681,0.6258705,0.46635464,0.5559359,0.45730463,0.65310824,0.68260336,0.57978344,0.6736593,0.8012663,0.9018932,0.60207283,0.87658155,0
0.15765779,0.13316868,0.14862357,0.114820726,0.16159144,0.1186076,0.27616516,0.09929026,0.42622292,0.10384861,0.5551039,0.17801036,0.60133696,0.16574591,0.4591499,0.3208892,0.4480213,0.30576846,0.16892959,0.27175725,0.23118943,0.28087953,0.5928786,0.45934743,0.6253472,0.44854143,0.5676271,0.67536026,0.6643118,0.6662382,0.6212868,0.90010077,0.7598341,0.8759204,0
0.1536388,0.13368607,0.15026064,0.11405982,0.15861969,0.11844916,0.302467,0.100097746,0.40042663,0.107551396,0.59668195,0.17912367,0.547321,0.17701796,0.57785285,0.32564786,0.46590415,0.3230319,0.15250379,0.30560553,0.15789123,0.3105203,0.6415068,0.4672306,0.57895494,0.4601082,0.6628122,0.69163936,0.57166475,0.6849069,0.8143696,0.9034803,0.58982116,0.8824491,0
0.13430579,0.13098876,0.13148677,0.110646196,0.13371858,0.11610021,0.2890739,0.098101996,0.38240904,0.107248925,0.5786296,0.17931996,0.5565626,0.17620939,0.52945834,0.32507062,0.43805417,0.32015184,0.06504186,0.3023641,0.1287569,0.31347197,0.62908983,0.46772057,0.59487015,0.46012953,0.6209099,0.6880571,0.6052915,0.6813538,0.7440808,0.90188015,0.6447598,0.879774,0
0.17492726,0.13710012,0.17344208,0.1157154,0.1666915,0.121455446,0.33344832,0.09746179,0.39019147,0.10869943,0.616526,0.1780657,0.5592908,0.17749383,0.58300143,0.32587522,0.4604114,0.31931284,0.11670564,0.31826407,0.16115159,0.31550676,0.650668,0.4650378,0.5863313,0.45797053,0.65262204,0.6884673,0.5844025,0.6800142,0.8092702,0.90291667,0.60332894,0.88162065,0
0.16992371,0.13962968,0.16209897,0.11806493,0.16082144,0.124253534,0.31506085,0.09793711,0.39634115,0.110241555,0.5983812,0.17598228,0.5621183,0.1761032,0.5167889,0.31659326,0.44492584,0.31529626,0.085594594,0.30168906,0.15802255,0.31387043,0.6509234,0.46406317,0.5963516,0.45716256,0.65234846,0.6921357,0.58181196,0.6840597,0.8025523,0.9060847,0.5953033,0.88434345,0
0.1433895,0.13197616,0.14565864,0.113474,0.14668937,0.11670652,0.30466887,0.10118414,0.3980041,0.10518268,0.57724404,0.18151286,0.5672304,0.1726201,0.49872503,0.31794947,0.45823118,0.30699873,0.1144866,0.29880023,0.17918459,0.30550885,0.6198139,0.45953688,0.5951596,0.45031932,0.6131893,0.677527,0.5937932,0.6706591,0.7202121,0.8973572,0.67428887,0.8791162,0
0.15554513,0.1353155,0.15908279,0.11508233,0.15422241,0.1197298,0.33785892,0.101186395,0.39746723,0.10942814,0.5987324,0.17923385,0.5690641,0.1745784,0.519167,0.31970608,0.47087246,0.3122831,0.13601732,0.29670194,0.21796943,0.3105549,0.6502873,0.4634328,0.5977427,0.45560426,0.6432307,0.6859206,0.5927692,0.6785164,0.8013427,0.90295774,0.60672,0.8843586,0
0.18737216,0.13972154,0.18708819,0.11962594,0.17771111,0.124275565,0.33888087,0.10072727,0.40969872,0.10890107,0.58849406,0.17921515,0.59714603,0.17520674,0.5178256,0.32059973,0.47354725,0.31836182,0.1666778,0.29528835,0.19361466,0.30954644,0.6245404,0.4599496,0.63023514,0.45259246,0.6027796,0.67540354,0.6629802,0.6692074,0.6543224,0.9040674,0.7438348,0.88393086,0
0.18418232,0.13568056,0.1932134,0.1158658,0.17520536,0.12020326,0.36317775,0.100932285,0.400619,0.10818409,0.588907,0.18140483,0.6036093,0.17696251,0.49911734,0.32204592,0.47512066,0.31892782,0.14760543,0.2946556,0.18527286,0.309469,0.6270117,0.45999706,0.6335751,0.45256573,0.6000633,0.6762221,0.664042,0.6684913,0.65326333,0.90372515,0.7447356,0.8839395,0
0.21045297,0.13901845,0.20845956,0.11980055,0.210752,0.12266302,0.35576752,0.1002461,0.4674354,0.104043014,0.5807404,0.18018217,0.6591037,0.17047043,0.5002113,0.3239589,0.5398824,0.31472698,0.14384563,0.3017356,0.2315836,0.31363094,0.63251567,0.4608158,0.6840197,0.45093042,0.61225116,0.678088,0.69346935,0.6705847,0.6709458,0.90777326,0.75440806,0.88684654,0
0.2139027,0.13805862,0.21367484,0.11893888,0.21358794,0.12114335,0.36301544,0.09964798,0.4629839,0.10244809,0.5851802,0.17881157,0.64787364,0.16972013,0.50070906,0.3185557,0.5345366,0.31201366,0.14894134,0.2945096,0.21752302,0.30913407,0.63349146,0.4556778,0.6672186,0.44595778,0.6135956,0.6664662,0.6578077,0.6595995,0.68780977,0.8954472,0.71565044,0.87241,0
0.2059577,0.13738886,0.21286084,0.11837366,0.2054091,0.12048448,0.3876649,0.099470094,0.45274997,0.1024494,0.59850955,0.17914239,0.6369707,0.16970356,0.51251626,0.32698885,0.51229674,0.31479514,0.14463472,0.29924113,0.20603444,0.30612895,0.63976926,0.4564936,0.6600167,0.4471618,0.6116326,0.66794544,0.6603781,0.66112125,0.6836465,0.8956536,0.7301746,0.8748798,0
0.23649937,0.13950568,0.24302813,0.120347165,0.23673926,0.12207725,0.40146905,0.100223035,0.47866198,0.10206613,0.58459574,0.18165813,0.6659128,0.17241439,0.4916503,0.32629222,0.5170937,0.31672952,0.15745036,0.30233932,0.20838436,0.30767465,0.63907254,0.45809963,0.69700176,0.44923592,0.6012458,0.6746205,0.69436187,0.6693887,0.65823656,0.9072239,0.76482636,0.8888101,0
0.22564808,0.13613248,0.24647693,0.11648713,0.22082981,0.117268786,0.42839614,0.099685885,0.42985857,0.09983843,0.61263496,0.18705589,0.6173962,0.17622152,0.55740607,0.3375539,0.50420773,0.32077745,0.17038286,0.31300637,0.18894632,0.3053988,0.6424818,0.46128285,0.6447793,0.45167628,0.61820555,0.6765271,0.6611381,0.6652703,0.6847945,0.9044424,0.7503069,0.8816357,0
0.23283929,0.14742276,0.23518436,0.12480266,0.22203556,0.12896682,0.38718,0.0997456,0.41981393,0.10870294,0.5975734,0.18795633,0.5629144,0.18922555,0.6262911,0.3514769,0.44648352,0.3335935,0.39509913,0.43079093,0.14974561,0.32654244,0.63297784,0.4726362,0.61460954,0.46824178,0.6199604,0.6939492,0.6462177,0.6815588,0.7135131,0.92609346,0.704972,0.9047985,0
0.23354667,0.14329918,0.2477843,0.122058176,0.21265255,0.12463126,0.42332068,0.09616557,0.41377696,0.101614766,0.60210246,0.17881419,0.62259895,0.17398454,0.4971682,0.32620183,0.49197918,0.32360178,0.12452165,0.3196546,0.16544914,0.3304196,0.6277253,0.46365547,0.644553,0.45619726,0.58787525,0.6789492,0.6628966,0.6728784,0.6633305,0.9100945,0.7507585,0.89706415,0
0.24084279,0.14333595,0.25619158,0.12222165,0.22055703,0.124619044,0.43430328,0.09675042,0.42359048,0.10174603,0.6037675,0.1799065,0.6347658,0.17369455,0.48991185,0.3287902,0.49498963,0.32263997,0.114843495,0.31040797,0.17922598,0.3186964,0.62843245,0.463676,0.65103596,0.45574188,0.59294236,0.67605805,0.6721954,0.66949844,0.67142004,0.9052816,0.7505787,0.8902866,0
0.25032043,0.14272153,0.26753667,0.12147899,0.22867438,0.12445391,0.44379166,0.09655958,0.41156748,0.10333269,0.62033254,0.17938352,0.6080247,0.17765541,0.511592,0.32264242,0.4793654,0.32336774,0.119783856,0.30856597,0.16139121,0.31923524,0.6373081,0.4640795,0.627547,0.4577058,0.6100746,0.6767121,0.6541789,0.6704496,0.69118756,0.9021445,0.7294694,0.8883062,0
0.25234032,0.14694224,0.25680867,0.1233804,0.23349157,0.12822552,0.4278088,0.09616413,0.4471177,0.106734924,0.6100373,0.18151987,0.6297354,0.1804355,0.47279686,0.32733062,0.47482142,0.32762337,0.1463006,0.31714427,0.19235037,0.33166385,0.65292966,0.47314405,0.655213,0.46648222,0.62384415,0.6955375,0.6597795,0.68746036,0.73594075,0.92399335,0.69919676,0.90847975,0
0.256787,0.1445856,0.26607695,0.12125409,0.23729447,0.12580755,0.44506234,0.094213866,0.44677645,0.104202725,0.60284686,0.17524496,0.64144576,0.17471625,0.4769234,0.31835708,0.48954272,0.32327253,0.20223305,0.3314609,0.2193949,0.34697118,0.639605,0.46215308,0.6579126,0.45556036,0.6058842,0.69199705,0.66182256,0.681076,0.7264138,0.925989,0.69833267,0.9102152,0
0.24438891,0.14140368,0.26716316,0.11911984,0.2110779,0.12329594,0.4508603,0.09178553,0.37249154,0.102162704,0.6200622,0.17793252,0.56182635,0.17912056,0.5300963,0.3301211,0.4114874,0.3284889,0.15961649,0.3268089,0.21845728,0.32246432,0.6251582,0.46953082,0.59301215,0.46492228,0.5831507,0.6842738,0.63513595,0.6753791,0.6651028,0.9038279,0.69624597,0.88813573,0
0.22408274,0.14085364,0.25237677,0.119536616,0.1887268,0.12298348,0.44008583,0.09532876,0.33460063,0.104192704,0.60386395,0.17898789,0.5357125,0.17883638,0.54633176,0.34033877,0.43753138,0.3237189,0.35239264,0.43034,0.18345107,0.33479407,0.5988793,0.472878,0.55593306,0.46824872,0.5803319,0.68590707,0.5917983,0.67149246,0.68414444,0.8955919,0.70352906,0.8786047,0
0.20249137,0.13940495,0.23286141,0.11653523,0.17714162,0.12093577,0.43523973,0.0908328,0.34195143,0.102159016,0.6351555,0.17852753,0.5214526,0.18053156,0.5939178,0.34355485,0.43259507,0.31953624,0.45036605,0.4455287,0.19133712,0.33456367,0.6234425,0.47679517,0.5508447,0.47370964,0.6284806,0.6948264,0.5810102,0.68585885,0.77139586,0.9060615,0.61232656,0.89325655,0
0.19825883,0.14158992,0.22926743,0.1192078,0.17846523,0.12224735,0.43077093,0.09308347,0.3490324,0.10135311,0.6217234,0.17955106,0.52674514,0.1798221,0.65205127,0.34539706,0.4388561,0.31761417,0.58796996,0.46700493,0.15881917,0.33285525,0.62134737,0.47788534,0.5620479,0.4747896,0.6435746,0.70068896,0.56335795,0.6914,0.7941111,0.9037313,0.59004885,0.8893241,0
0.1695729,0.1287062,0.20125718,0.107574694,0.16474469,0.1092678,0.41411263,0.08763422,0.36868697,0.09240913,0.5902824,0.17577974,0.5380659,0.17438208,0.5711373,0.3311039,0.43032816,0.3165968,0.28897586,0.39325902,0.15815522,0.34781602,0.60215497,0.46779683,0.5720243,0.46290123,0.6079503,0.68740964,0.59942585,0.6782381,0.78900534,0.90090555,0.6570912,0.8853527,0
0.23690467,0.13298021,0.26919436,0.113596216,0.22295004,0.11319024,0.4649387,0.095173016,0.39296508,0.09489347,0.6203359,0.17974146,0.55666685,0.17257828,0.54668516,0.3306679,0.47285217,0.3254356,0.12257455,0.30567673,0.18518823,0.3179965,0.6446356,0.47287294,0.5825391,0.46485892,0.6298207,0.68395054,0.56915075,0.6735139,0.7963389,0.8938482,0.6559095,0.87518233,0
0.25520205,0.13829915,0.2871333,0.1166533,0.24533835,0.118374795,0.48241118,0.09638438,0.37825975,0.10243763,0.66522497,0.17990062,0.5197811,0.1817951,0.66451895,0.3477524,0.43014914,0.32322156,0.57569766,0.43963906,0.1722308,0.30847263,0.63767827,0.47450516,0.53274316,0.4721544,0.66955465,0.6943459,0.5639913,0.68357915,0.8247992,0.896335,0.6226031,0.88188094,0
0.26947698,0.13688906,0.28942662,0.11582503,0.25666,0.11930632,0.45256695,0.097613424,0.3972369,0.1064496,0.6426419,0.17816351,0.5655839,0.1804923,0.5978538,0.32930744,0.48077518,0.313384,0.27713895,0.35884395,0.1998722,0.29545844,0.65950286,0.4669673,0.5959238,0.4630879,0.65935624,0.6875107,0.6096666,0.6767921,0.7830221,0.90314275,0.66780704,0.8805301,0
0.27002683,0.13841785,0.291206,0.11686687,0.25072467,0.12130422,0.45718178,0.09672269,0.37771064,0.108053274,0.6615035,0.17525662,0.5554181,0.17859906,0.5999931,0.32188088,0.48316413,0.31219968,0.22598751,0.32597798,0.21534075,0.30088866,0.6694052,0.4620036,0.58367234,0.45776385,0.6669548,0.6837257,0.6066035,0.67334783,0.78993654,0.90238434,0.66328603,0.87971675,0
0.35161626,0.13266827,0.37019104,0.11167471,0.3358554,0.11704082,0.50578815,0.09589257,0.44591627,0.107915156,0.6652287,0.17617497,0.58180565,0.18165983,0.57473177,0.30771893,0.4691296,0.30833566,0.19905356,0.2828402,0.20968308,0.2794781,0.6860409,0.4568303,0.61336094,0.45342645,0.6944475,0.6739542,0.6488665,0.6635751,0.83899635,0.8932502,0.6977402,0.87592196,0
0.36077204,0.13204046,0.3924197,0.112290844,0.33903888,0.11487318,0.54670125,0.09639345,0.44467986,0.102257475,0.67991763,0.17817354,0.61318636,0.17582957,0.558941,0.3112248,0.5113145,0.30423823,0.17656891,0.26066855,0.2831217,0.26286808,0.7056771,0.4604237,0.65679353,0.45470846,0.67602974,0.67391443,0.7117374,0.665448,0.761847,0.89565235,0.78932595,0.8792094,0
0.37714496,0.12482316,0.40650806,0.1039423,0.35809603,0.10894084,0.55196387,0.090570256,0.43893966,0.10240298,0.7050199,0.17058112,0.5894373,0.17871948,0.6081486,0.30884835,0.49224177,0.30662552,0.23212685,0.31220302,0.19918674,0.27540797,0.71371156,0.45351937,0.6172795,0.4503951,0.7145218,0.67768353,0.64981097,0.6624709,0.86559194,0.90068954,0.7035584,0.87710434,0
0.3666977,0.11681376,0.39825743,0.09587006,0.34825796,0.10177846,0.55077106,0.08692012,0.43547797,0.10006804,0.69771403,0.16997541,0.59972197,0.17910136,0.574057,0.3056104,0.49922806,0.31100756,0.17952962,0.28406394,0.20794691,0.28048348,0.7088354,0.4616824,0.62236196,0.45881376,0.7057892,0.68397826,0.6564043,0.672181,0.85563695,0.89772195,0.72398984,0.8802296,0
0.37065288,0.13160282,0.38220748,0.11008622,0.3517767,0.117001005,0.50745314,0.09008893,0.45250246,0.106568515,0.6856867,0.16808183,0.5882481,0.17892101,0.62421304,0.31001428,0.4799426,0.30499038,0.27177727,0.33303514,0.1827426,0.2786287,0.6976033,0.45346132,0.61835456,0.45149267,0.69672686,0.6688969,0.6369438,0.6582199,0.86655533,0.89118886,0.71534103,0.8717883,0
0.37049946,0.1156958,0.39624545,0.09482798,0.35140935,0.10108403,0.53378034,0.08346447,0.43714058,0.09755515,0.6823939,0.16388866,0.593656,0.1731481,0.5565696,0.2985608,0.48653343,0.30415526,0.14183056,0.27864388,0.19014785,0.27894446,0.70059294,0.45080572,0.62050784,0.44777516,0.6908927,0.6708591,0.64359576,0.65994257,0.8683532,0.8920607,0.72685343,0.87217104,0
0.3545537,0.134213,0.3733497,0.11197099,0.33503976,0.117840044,0.5049633,0.091152094,0.42176747,0.106263846,0.69205195,0.17228635,0.5745911,0.18286765,0.5898774,0.31035334,0.45730513,0.30170172,0.16969642,0.31972155,0.13838387,0.2754632,0.6863194,0.4570738,0.6050342,0.45592514,0.687699,0.6735186,0.6621449,0.6682006,0.85653335,0.8983297,0.7393607,0.882686,0
0.35573938,0.1325109,0.37266165,0.111385725,0.3300186,0.1180901,0.50158304,0.09094428,0.41809374,0.10552206,0.6868609,0.17295307,0.55615586,0.17413008,0.654953,0.3195053,0.46098557,0.2797024,0.39966628,0.3633453,0.11829885,0.283768,0.7187735,0.44793138,0.6294465,0.44346854,0.71995205,0.6813139,0.6262486,0.673436,0.9066678,0.89832705,0.71536934,0.8776012,0
0.36740834,0.12970452,0.38050812,0.10830101,0.34340888,0.11536974,0.49658042,0.088454716,0.43603164,0.103412576,0.6655206,0.17175835,0.5817376,0.17348555,0.6298933,0.3185538,0.48950544,0.28468174,0.3591499,0.3556258,0.14613901,0.2892715,0.70681304,0.4463969,0.65145236,0.44165295,0.7130133,0.6731609,0.66055006,0.6643432,0.89330065,0.9037257,0.74016947,0.8807298,0
0.37753874,0.12008428,0.3988113,0.09980769,0.36271834,0.10539638,0.51463425,0.090505645,0.43962806,0.1030012,0.6719405,0.17509976,0.57677287,0.18073171,0.66301334,0.32489064,0.46707037,0.2912197,0.5052688,0.40857753,0.1687261,0.29063386,0.6880565,0.4479733,0.6237012,0.4466368,0.67968464,0.66239136,0.66321605,0.65435576,0.8434425,0.89650816,0.7726289,0.8735076,0
0.3006252,0.13456105,0.31940258,0.11281264,0.2776843,0.11867456,0.44950467,0.09331246,0.36872053,0.107444644,0.6166582,0.17486992,0.51476836,0.17855375,0.5948827,0.32436702,0.36259925,0.28641298,0.39318493,0.4109078,0.11383643,0.29300186,0.6238606,0.44987258,0.5641977,0.4482412,0.6144853,0.6717111,0.6252998,0.6628332,0.7896264,0.90170544,0.7370204,0.88292205,0
0.29933164,0.13399313,0.31884384,0.112299345,0.2763835,0.118080236,0.45073584,0.09355993,0.36908174,0.10726442,0.6135648,0.17605957,0.5194869,0.17874403,0.5902225,0.32780808,0.36613068,0.2873218,0.3990945,0.41429013,0.11596953,0.28953823,0.6232202,0.45053262,0.5724226,0.4485469,0.6058888,0.6704791,0.64580685,0.6611104,0.7776361,0.90074784,0.7590229,0.88128316,0
0.2489812,0.124029584,0.2869443,0.103914596,0.23231256,0.10632281,0.45533657,0.09078808,0.3160991,0.09767208,0.6086315,0.17603178,0.45656502,0.17384206,0.49533418,0.3271727,0.2995736,0.2859438,0.31400573,0.40722215,0.11810299,0.2896229,0.59654766,0.45836234,0.48597297,0.4561117,0.6064907,0.69304407,0.5123481,0.6826612,0.8621563,0.90481985,0.642533,0.8968174,0
0.2325126,0.13074233,0.24623768,0.10932652,0.22420932,0.11237373,0.38854492,0.08972625,0.35933304,0.098569006,0.5934456,0.1795812,0.46092495,0.16982955,0.49518052,0.34521568,0.27412397,0.2888974,0.20026733,0.35762995,0.22447383,0.28775203,0.59489805,0.46129423,0.50049984,0.45540226,0.58207446,0.67959976,0.5153088,0.67144895,0.8466364,0.8982856,0.6740021,0.87532747,0
0.23278527,0.12769836,0.2544376,0.109446615,0.22787221,0.10959176,0.40434098,0.09432974,0.37971854,0.09517583,0.56710464,0.18336815,0.4719916,0.16200484,0.45047703,0.34478453,0.30531946,0.2784072,0.10503915,0.34624192,0.13897477,0.29297176,0.59038997,0.45881096,0.53026325,0.44731492,0.56387126,0.6809456,0.5397697,0.6692097,0.8181451,0.8951483,0.69567204,0.8753836,0
0.23750804,0.13001856,0.2500981,0.111156076,0.21837917,0.11354884,0.36870146,0.09442467,0.35386828,0.09810953,0.53250706,0.18169744,0.4746268,0.16298006,0.44280323,0.33785665,0.38676527,0.28043655,0.10324769,0.3568031,0.15335482,0.2964021,0.5848021,0.4523845,0.54493654,0.44135195,0.56303054,0.67664075,0.54565865,0.6653125,0.82003266,0.9014648,0.7122806,0.8802827,0
0.26786217,0.13112125,0.27610746,0.110200495,0.24517007,0.11607698,0.39413297,0.08719853,0.37194693,0.100308076,0.55200744,0.17103861,0.49074477,0.17060384,0.44860736,0.32883927,0.37285903,0.31613094,0.18623723,0.3319229,0.17220527,0.318473,0.5839105,0.45512024,0.5428412,0.45011792,0.5841136,0.68829226,0.5576058,0.67852646,0.8404958,0.90573496,0.7373663,0.88690144,0
0.27453184,0.12828287,0.2877135,0.10757355,0.24964173,0.11257996,0.40636477,0.086125225,0.36596727,0.096928775,0.55253017,0.17146777,0.49212855,0.16670713,0.4403707,0.3235891,0.3869955,0.30119878,0.13881117,0.33741874,0.15530871,0.32100412,0.58455044,0.4520309,0.5433715,0.445231,0.58618236,0.6832181,0.5644326,0.6719916,0.8475888,0.9034974,0.7335539,0.8825941,0
0.29075795,0.12892722,0.30176333,0.107342675,0.28463855,0.11161958,0.42109692,0.08937026,0.4316031,0.09938422,0.5596615,0.17296179,0.561287,0.17463304,0.4110048,0.32769802,0.3709716,0.32534423,0.14390598,0.32465822,0.18240002,0.31709355,0.5834956,0.46529582,0.58519745,0.46178815,0.56957537,0.6869015,0.6215994,0.68164504,0.7781875,0.9163212,0.76806974,0.8992312,0
0.3066875,0.12314376,0.31963414,0.10282197,0.3025414,0.10679898,0.43275213,0.08895497,0.43720192,0.09812659,0.5718168,0.17185459,0.55075336,0.17191067,0.41316256,0.32281303,0.37074053,0.31722417,0.14322866,0.32113808,0.18684465,0.31898946,0.5892479,0.45986316,0.5683552,0.45631787,0.5934405,0.68582946,0.59894,0.67921376,0.83142763,0.8920383,0.7586096,0.873573,0
0.31718177,0.11550621,0.32630488,0.09690699,0.3195486,0.10030827,0.43282092,0.087085575,0.47705305,0.094136134,0.5427944,0.1761867,0.59700066,0.17140925,0.3241819,0.31895062,0.42007837,0.3068192,0.11203664,0.33137074,0.16151495,0.32565615,0.59284484,0.46691638,0.62338245,0.46036765,0.5941814,0.69620615,0.62349343,0.68346673,0.8223542,0.8994792,0.78141886,0.8773771,0
0.3269515,0.12969126,0.33782646,0.10772305,0.3202247,0.11289607,0.4504294,0.09022089,0.44998693,0.10270698,0.5809447,0.17384443,0.57516664,0.17721243,0.3802166,0.31184164,0.41330418,0.31370118,0.13522954,0.33794403,0.20478177,0.33776104,0.5961178,0.46920013,0.58245796,0.4651365,0.6060831,0.7000398,0.6152038,0.68609345,0.84114933,0.90334994,0.77928907,0.8820558,0
0.34089926,0.12896991,0.35264516,0.10827649,0.33990666,0.11128585,0.46616504,0.09336205,0.47857884,0.1004472,0.59127617,0.17523153,0.60365033,0.173175,0.4687946,0.3092881,0.47411293,0.3038925,0.16928518,0.35674015,0.22584878,0.35079944,0.6015046,0.46308038,0.6063815,0.4572612,0.604006,0.69148827,0.64060175,0.68038565,0.8396502,0.89823234,0.79507065,0.880874,0
0.3378121,0.13066234,0.34864545,0.1097138,0.33672866,0.11297415,0.46377704,0.092636585,0.475411,0.10062514,0.5915912,0.17319049,0.60133374,0.17280105,0.47930157,0.30725592,0.47766882,0.30485895,0.17479922,0.3568071,0.2241562,0.35294023,0.59279466,0.4605954,0.5972013,0.4549997,0.59800917,0.69108284,0.63654447,0.6799368,0.8314959,0.9017127,0.7845137,0.8845802,0
0.33783853,0.1328243,0.34772184,0.111273356,0.33220366,0.11469083,0.45849264,0.09082212,0.47254708,0.09937072,0.5790537,0.17146552,0.60989046,0.17186232,0.47097436,0.3008572,0.50278234,0.29946008,0.14331903,0.36797583,0.23334745,0.3613983,0.59935987,0.46350688,0.6173264,0.45812744,0.5980274,0.6912605,0.6443009,0.6808004,0.81749535,0.8983644,0.78286886,0.88101816,0
0.3269082,0.12417805,0.34014878,0.10409469,0.32925782,0.106437445,0.45232388,0.09218287,0.47923666,0.097196005,0.56412005,0.17457382,0.6105527,0.17432505,0.44438267,0.30331573,0.47632048,0.30585483,0.121286735,0.37934336,0.19703332,0.3726282,0.60136425,0.4719002,0.62868184,0.46692398,0.6049869,0.70785254,0.6499316,0.69695085,0.8245907,0.91480696,0.79112357,0.89549935,0
0.34224898,0.12024609,0.35564643,0.099914655,0.34618464,0.1021652,0.4689529,0.08764955,0.49588108,0.092761,0.56703115,0.17036349,0.6234364,0.17037562,0.41570216,0.30266908,0.4553909,0.3028102,0.115892336,0.37816498,0.17602244,0.3688194,0.6111386,0.45571244,0.64568704,0.4511023,0.5980831,0.67908174,0.6407291,0.6681359,0.84239733,0.88872313,0.80967206,0.86529404,0
0.3468458,0.12744166,0.3553675,0.10682726,0.3474335,0.10898616,0.45572305,0.08951773,0.50101036,0.09477806,0.5403512,0.17155284,0.623197,0.16941087,0.3698322,0.30437165,0.44312114,0.30074298,0.085824884,0.39125642,0.14282241,0.38334295,0.6037387,0.4461788,0.65560013,0.44179553,0.5907174,0.6546993,0.63739175,0.64775014,0.81959194,0.8738034,0.7949087,0.86084086,0
0.3584988,0.12584531,0.36595374,0.106563404,0.35641363,0.10806214,0.4701499,0.09181025,0.51544756,0.09534108,0.56840724,0.17179121,0.6266444,0.16611129,0.38910726,0.311959,0.4494718,0.30101863,0.10898942,0.40156883,0.18206505,0.38608363,0.6394078,0.45000473,0.67581975,0.44429788,0.62504953,0.66012067,0.6703135,0.6508852,0.8088657,0.8741607,0.79166245,0.8458534,0
0.34923017,0.1272392,0.35550383,0.107982054,0.35039198,0.108639404,0.4624027,0.09264257,0.5232882,0.09427101,0.55960685,0.17447248,0.62567335,0.16649994,0.37175405,0.31484395,0.4326257,0.30165148,0.10065594,0.4004808,0.16670792,0.3833659,0.6345458,0.45332167,0.675767,0.44686797,0.63017917,0.6706218,0.6695077,0.6595202,0.80269194,0.8811931,0.78167135,0.8512053,0
0.34144473,0.12474128,0.34909192,0.104609214,0.3493568,0.10547506,0.4567856,0.091288134,0.5339884,0.09294857,0.546082,0.17747274,0.6452803,0.17085649,0.3651234,0.3138728,0.46363378,0.30419123,0.09040695,0.3996158,0.19633318,0.38522026,0.6175044,0.45220637,0.6789499,0.44662943,0.6110888,0.6588249,0.6735725,0.65191585,0.8115765,0.87636447,0.7911403,0.85754156,0
0.3488151,0.124368824,0.356677,0.105616055,0.35629755,0.104825586,0.46944803,0.09414183,0.55423623,0.09183568,0.5463669,0.17900501,0.6730547,0.16748272,0.35661536,0.31761995,0.497444,0.30480403,0.10424341,0.40494174,0.262679,0.38310412,0.6376564,0.44971675,0.7177269,0.44303876,0.64218795,0.6557666,0.7134444,0.6460097,0.81948334,0.8732189,0.8262841,0.84721875,0
0.34034634,0.12635393,0.3456415,0.10555263,0.3478088,0.106552914,0.44828084,0.09018097,0.536175,0.092370324,0.53701305,0.17816217,0.6611255,0.17195824,0.34967577,0.3156111,0.49298134,0.30654716,0.10070095,0.40199777,0.20649485,0.38653243,0.63043743,0.45699647,0.70383817,0.45182225,0.6352082,0.6785982,0.7029023,0.66926193,0.84684974,0.89374065,0.8215143,0.87346023,0
0.3371464,0.11991844,0.35031724,0.100984864,0.32803345,0.102272324,0.4502368,0.088854365,0.47078103,0.08922162,0.53689164,0.18044658,0.59398705,0.16591859,0.37229323,0.32481712,0.48145485,0.29814133,0.12462434,0.40733477,0.17554316,0.39567217,0.6413931,0.4522747,0.67888546,0.443063,0.6461113,0.675591,0.6888948,0.6637549,0.8705073,0.88772583,0.8433691,0.8692023,0
0.34008318,0.11369396,0.3465644,0.0964243,0.33468238,0.097029924,0.42561024,0.0855515,0.48288777,0.08388715,0.50791323,0.17540346,0.6134453,0.15815455,0.36659563,0.31808212,0.54195076,0.29058054,0.1311878,0.40213454,0.23769927,0.38952982,0.62139297,0.441346,0.69144964,0.43105692,0.62068075,0.65280205,0.6778119,0.64067185,0.8464485,0.8784862,0.8439345,0.86456746,0
0.3404195,0.11876307,0.344432,0.0981803,0.34998026,0.098263696,0.43749467,0.08237935,0.54117626,0.08236638,0.52248865,0.17129062,0.67371947,0.16159317,0.37257528,0.31080514,0.54471195,0.29525325,0.12226919,0.40198907,0.23476261,0.3829717,0.6209863,0.44570962,0.71272814,0.43909365,0.60662436,0.65481323,0.6809167,0.64565516,0.85053766,0.8804562,0.8277484,0.86055475,0
0.33202165,0.115447596,0.3419813,0.095297486,0.33887696,0.09576469,0.4384336,0.08344441,0.5114622,0.08363614,0.52062565,0.17150888,0.6504729,0.16352141,0.36879572,0.30817172,0.51018125,0.2950292,0.118395306,0.4046099,0.21421055,0.38650247,0.62221897,0.4423118,0.7003771,0.43663284,0.6135365,0.65587854,0.68832654,0.64679825,0.85299075,0.8811319,0.8201978,0.85895866,0
0.32486522,0.11261654,0.33205864,0.092773095,0.33609495,0.09291181,0.42006004,0.08245668,0.5221333,0.08020562,0.4941458,0.17463133,0.6959996,0.15027289,0.3674598,0.3155436,0.7248834,0.23417455,0.11939901,0.4036945,0.54565215,0.2502247,0.59767497,0.44469723,0.705311,0.4353794,0.5957789,0.65878606,0.6754488,0.6501179,0.8296542,0.88065535,0.8133374,0.86087316,0
0.34692386,0.12557976,0.34870073,0.104532905,0.36118278,0.10318443,0.43104813,0.08608503,0.5683767,0.0810162,0.48465073,0.1821346,0.76097894,0.14850329,0.3650675,0.31954756,0.86717814,0.2043197,0.12967472,0.4082479,0.7492889,0.1881827,0.59001046,0.45029846,0.7396598,0.43847173,0.6103268,0.66269886,0.68486875,0.6493612,0.8405281,0.8795343,0.81656253,0.85488296,0
0.3181818,0.12162909,0.32629952,0.10082516,0.31814218,0.10269965,0.42244062,0.08473271,0.48286,0.08819327,0.5095219,0.17119005,0.6469542,0.16355698,0.3549769,0.31128576,0.53557634,0.2929234,0.10877185,0.4199548,0.23736423,0.38788795,0.6012586,0.44667476,0.6820269,0.4407296,0.6042519,0.6668625,0.67274153,0.65721196,0.846633,0.88615197,0.8156285,0.8667882,0
0.3189791,0.11966626,0.32853174,0.099178694,0.32167703,0.09990682,0.42217836,0.08480496,0.49213377,0.08449134,0.4962918,0.17505683,0.68086153,0.15218125,0.35101506,0.3125152,0.68666875,0.23398075,0.10891529,0.41720605,0.4659156,0.27005464,0.5966201,0.44603214,0.69350046,0.43692702,0.6005804,0.6667313,0.6713547,0.6573452,0.84246415,0.88738304,0.8195239,0.8709115,0
0.3195214,0.11954142,0.32837567,0.0989861,0.3216689,0.09992304,0.42270973,0.084188744,0.49215752,0.08471737,0.5034737,0.17365329,0.672341,0.15473045,0.35523245,0.31174502,0.6366879,0.2504429,0.10988582,0.4171406,0.3630534,0.3054132,0.59935975,0.4458647,0.69045573,0.43738878,0.6019086,0.6667269,0.67187065,0.6573947,0.8447649,0.8866222,0.81970495,0.87000006,0
0.32808226,0.12221326,0.33173186,0.10072927,0.32912838,0.10169379,0.42311865,0.079645775,0.5094257,0.08117065,0.5078822,0.16650665,0.68350506,0.15317442,0.36015064,0.30522543,0.6187861,0.2751798,0.112941615,0.4157953,0.2522269,0.37692705,0.60487527,0.4354952,0.7057355,0.42807057,0.61228216,0.65355426,0.6868337,0.6461552,0.8651551,0.8820154,0.840189,0.8697264,0
0.32981226,0.11609108,0.34397385,0.09559802,0.32889202,0.09715213,0.44768676,0.082458355,0.4839728,0.08469171,0.53270006,0.17129178,0.6551434,0.16200003,0.3872216,0.31783277,0.5718463,0.2978035,0.119653724,0.42799833,0.2793832,0.3971966,0.61453974,0.44880202,0.6853468,0.44265118,0.62071276,0.6724367,0.6942069,0.66341966,0.8541203,0.88823485,0.82627666,0.87443197,0
0.31948113,0.12623316,0.3248695,0.10510585,0.32068273,0.10642892,0.4174599,0.08663153,0.4923748,0.089051716,0.5143926,0.17435025,0.64110327,0.16670217,0.37451988,0.3171816,0.49624994,0.30230662,0.10977334,0.42873734,0.16645189,0.40905008,0.6047285,0.4438025,0.68654376,0.43741366,0.61008257,0.6619019,0.69194037,0.6513804,0.8527962,0.8927594,0.8244355,0.8699859,0
0.3182938,0.11014415,0.3338074,0.089783095,0.31665322,0.091308825,0.43672186,0.07812123,0.46962604,0.07974505,0.5146386,0.16779587,0.6466365,0.15507251,0.36861685,0.30934277,0.54825383,0.27840346,0.111834176,0.42096087,0.2587576,0.37573195,0.59799534,0.43852195,0.6763246,0.43114945,0.6135147,0.6566412,0.6958075,0.6454805,0.8665791,0.88946736,0.8428382,0.873442,0
0.3144242,0.124870345,0.3183692,0.10358462,0.31544587,0.10429286,0.40997285,0.08450051,0.50118357,0.08429165,0.4841685,0.17410739,0.69701165,0.14651328,0.3467751,0.3098785,0.6244373,0.2153647,0.109590255,0.41833225,0.3198334,0.2503836,0.600731,0.44051552,0.72601205,0.42870018,0.62114424,0.65359116,0.71643347,0.63750386,0.853961,0.8839269,0.84890807,0.8610527,0
0.31382143,0.12433765,0.31813347,0.10317578,0.31390065,0.104155324,0.40999186,0.08460016,0.49783924,0.08504133,0.48792917,0.1733679,0.6916455,0.15019244,0.3490614,0.31027797,0.612494,0.23540942,0.11080689,0.42048314,0.29941946,0.2879407,0.60617507,0.43965825,0.72720706,0.4292338,0.63040864,0.6533334,0.7251399,0.63903314,0.8591594,0.88202184,0.8543894,0.861872,0
0.30275354,0.115841046,0.31291443,0.09579477,0.30451444,0.09570951,0.40301225,0.08227047,0.47340333,0.07958746,0.4814558,0.17365302,0.6671709,0.1410372,0.36586648,0.304806,0.62215465,0.19063097,0.12424441,0.4102454,0.3338053,0.21556158,0.5887863,0.43720478,0.69328403,0.42494217,0.6124007,0.653154,0.68816376,0.6411966,0.8609347,0.8875578,0.84454435,0.86728513,0
0.2867487,0.11424713,0.30144423,0.09264402,0.28208625,0.09614515,0.41828927,0.08051129,0.4351387,0.08691024,0.5163985,0.17081405,0.60836357,0.16881952,0.36554524,0.31319818,0.45654318,0.30950674,0.11850938,0.41344422,0.15597293,0.4067727,0.59027845,0.4444093,0.6457973,0.439999,0.62170887,0.66733897,0.6666476,0.6564533,0.8585455,0.894619,0.82725453,0.8731088,0
0.27040306,0.110944375,0.29166707,0.09119273,0.26895836,0.091743045,0.40631056,0.08048473,0.41415635,0.080100924,0.5015712,0.16937329,0.6006936,0.14996709,0.39037234,0.30396134,0.52941895,0.24137725,0.13540901,0.3936976,0.24376535,0.29965845,0.5749722,0.43391258,0.6313098,0.42500928,0.5816499,0.6558735,0.66235435,0.64342946,0.8440123,0.8873106,0.8173791,0.87224,0
0.24967861,0.118809745,0.2540071,0.09789209,0.24801223,0.09887242,0.346649,0.07669501,0.42266062,0.07817502,0.46073383,0.16157602,0.6137007,0.14144401,0.39124456,0.29765046,0.55845207,0.23478517,0.14574008,0.37907118,0.25075072,0.28917372,0.5551042,0.42559963,0.64666086,0.41594705,0.56483096,0.6446919,0.65131694,0.63295275,0.8359832,0.8818568,0.82117677,0.86403435,0
0.20360291,0.10630294,0.21509452,0.086968705,0.21075357,0.08802013,0.31415895,0.07588452,0.37389275,0.07716255,0.49142876,0.16601646,0.5207258,0.15589458,0.51968175,0.30967945,0.49720982,0.28280452,0.15895398,0.37895918,0.18220244,0.3574322,0.5385023,0.4311286,0.55604684,0.4233056,0.5576809,0.656859,0.6167742,0.6466096,0.8407602,0.89050555,0.81445163,0.8683189,0
0.19811438,0.112828106,0.21109994,0.09439707,0.2104596,0.09288654,0.3127549,0.08297014,0.39213082,0.07756442,0.45388097,0.17173243,0.5621594,0.13607624,0.46370035,0.3044978,0.5722408,0.17696911,0.15567495,0.36332017,0.30940843,0.15989803,0.5184785,0.42824322,0.57543427,0.4152094,0.54588693,0.6542104,0.616168,0.64452255,0.82957685,0.889434,0.8105424,0.86957794,0
0.16857502,0.10722814,0.18326907,0.08769179,0.1718496,0.08891373,0.30683687,0.07445646,0.35407105,0.07557522,0.4535644,0.15775435,0.5400681,0.14302483,0.4223691,0.2961668,0.49926803,0.2566181,0.16554046,0.3804934,0.20943414,0.33095336,0.52338296,0.41757262,0.57125413,0.40968603,0.5362752,0.6418681,0.6143423,0.63452816,0.83272636,0.88304555,0.8103866,0.8725802,0
0.16120063,0.111915834,0.1744437,0.092725135,0.16761443,0.09261842,0.28946117,0.08025494,0.3601276,0.078149326,0.42239413,0.1674354,0.55470455,0.14230257,0.39854637,0.31239882,0.5383905,0.22759987,0.14746472,0.39054835,0.25779244,0.2498664,0.5088353,0.42758986,0.5808039,0.4178613,0.52138174,0.6481257,0.59235597,0.6414177,0.8178089,0.88310975,0.79900944,0.8690026,0
0.15845014,0.12798455,0.15936054,0.1072887,0.15939546,0.107927255,0.27148643,0.0837307,0.3601319,0.08505774,0.45868164,0.16465202,0.5285188,0.14996377,0.46834755,0.3051608,0.5014605,0.2750724,0.18283996,0.37775746,0.22623286,0.36197746,0.52999336,0.42401043,0.5693258,0.41447708,0.5339328,0.64880514,0.5879319,0.6385918,0.82350594,0.8815329,0.78917104,0.8611983,0
0.13959976,0.12106945,0.14677063,0.099287696,0.13674322,0.09951314,0.27423924,0.07631402,0.3448388,0.07570848,0.41269007,0.16380842,0.57297814,0.13582782,0.3991693,0.3118791,0.5524692,0.21470858,0.20893855,0.3844923,0.30727974,0.2202024,0.5109899,0.43019208,0.6018696,0.41933218,0.52763295,0.6562721,0.60180646,0.64663935,0.817546,0.8873402,0.7910511,0.8739355,0
0.10745358,0.12159984,0.106668234,0.099480815,0.10783479,0.0998783,0.22765106,0.073582456,0.3326576,0.07327294,0.3958704,0.15812476,0.55341697,0.12659167,0.42975315,0.2960497,0.6251643,0.17722616,0.2305592,0.38184434,0.4458455,0.1704337,0.49565998,0.42206734,0.5785572,0.41031983,0.5149907,0.64330983,0.5847788,0.63535005,0.8070818,0.8828866,0.7852142,0.8685213,0
0.10924925,0.12330228,0.10416231,0.10063278,0.10541114,0.10195798,0.22344346,0.07093086,0.33785063,0.073250905,0.39402094,0.15147336,0.56386614,0.12856211,0.41365147,0.29273614,0.58338267,0.21358639,0.22768874,0.38093215,0.33960426,0.24288586,0.50123364,0.42067373,0.5975232,0.4107676,0.5173164,0.6479109,0.6023594,0.6402792,0.8107579,0.88644785,0.7798446,0.8756479,0
0.1237626,0.11512985,0.13055214,0.09329652,0.12256285,0.0937664,0.25895113,0.07225894,0.33020252,0.07182121,0.4084674,0.15859422,0.558334,0.13033809,0.43029085,0.2942074,0.60390764,0.19058834,0.22145434,0.37287107,0.3972229,0.19143368,0.51363814,0.42003512,0.58990467,0.40978813,0.53897846,0.639753,0.59678835,0.6334262,0.81532997,0.882008,0.7956042,0.87129945,0
0.12765388,0.11369638,0.13200614,0.09067163,0.118557476,0.09390392,0.2533208,0.066725776,0.30819622,0.07298283,0.42966226,0.1507346,0.55079377,0.13149342,0.48178852,0.2782988,0.6905318,0.1784427,0.21687734,0.36539558,0.5121172,0.1506238,0.5174284,0.41959542,0.57161635,0.41213915,0.5358114,0.6416024,0.59831256,0.63697565,0.82371515,0.8813464,0.804524,0.8729118,0
0.1339409,0.117712684,0.14063461,0.09503774,0.12117233,0.1000493,0.25548545,0.072423264,0.27622065,0.08549881,0.4657097,0.14027135,0.49938622,0.15541023,0.5983553,0.1980837,0.60440844,0.22890382,0.33572683,0.2265258,0.33606666,0.24793105,0.5345868,0.42637,0.5388621,0.42662746,0.55045676,0.6537676,0.58568853,0.6503357,0.8272087,0.8813428,0.80861783,0.87488997,0
0.12764238,0.12143533,0.12582077,0.1004636,0.12631679,0.10161257,0.22287565,0.07516126,0.32910746,0.076617904,0.40272695,0.15516041,0.5376966,0.13548931,0.48108348,0.2994115,0.6356717,0.23202857,0.21141078,0.40389535,0.3988612,0.28522623,0.4936945,0.4214466,0.5689322,0.41301847,0.5268051,0.6420052,0.58486545,0.63906735,0.81291795,0.8837112,0.79085886,0.8774551,0
0.13932346,0.12045581,0.13858883,0.10040955,0.12513222,0.10882106,0.23770034,0.085410975,0.25512257,0.104763456,0.4450919,0.13686275,0.44002378,0.17350037,0.7181478,0.113923825,0.513878,0.24723116,0.554793,0.08382196,0.31475237,0.31952164,0.54925036,0.41788444,0.5425954,0.4238156,0.5780083,0.645538,0.5719441,0.63851327,0.80747646,0.87534404,0.79353046,0.87397313,0
0.14460078,0.119860955,0.13523845,0.09881887,0.132695,0.106394716,0.22472766,0.07863617,0.27870673,0.09551401,0.42328984,0.13409011,0.48888946,0.15234163,0.67337835,0.13084282,0.6268928,0.17839317,0.46972927,0.14087929,0.46129122,0.1912229,0.5383168,0.41368514,0.5706575,0.41517207,0.57459867,0.6449439,0.57758296,0.6375501,0.8059888,0.87682277,0.7995403,0.87331903,0
0.14179267,0.12865329,0.12744842,0.1064471,0.12796304,0.11191303,0.22461416,0.08194956,0.31344908,0.09161415,0.4199903,0.166472,0.48071432,0.15672772,0.47885266,0.32334837,0.4628206,0.30019242,0.3746515,0.4773392,0.31550562,0.44212845,0.5561039,0.44482356,0.5906117,0.43754786,0.5435961,0.66229725,0.5514968,0.6513693,0.8185365,0.8809152,0.8128484,0.8675592,0
0.14065582,0.112003446,0.15093394,0.09036713,0.1283629,0.094281286,0.27038276,0.0768722,0.28820804,0.083320856,0.44956967,0.16479275,0.45902503,0.1613532,0.51433516,0.31338248,0.44558686,0.30298406,0.41419837,0.47582942,0.30677795,0.4469466,0.5756552,0.44010693,0.5811907,0.43651238,0.56314814,0.6587567,0.5896961,0.65459126,0.80769753,0.8910305,0.7988271,0.87911946,0
0.15970545,0.0991341,0.18146919,0.07787952,0.14400582,0.08172212,0.30168378,0.07098245,0.25090867,0.07669888,0.43190905,0.17039733,0.4240955,0.15329571,0.4951256,0.3301351,0.41476697,0.23716767,0.43393713,0.49168357,0.30148047,0.25320572,0.5322399,0.44497716,0.52033913,0.4391937,0.54819065,0.6545835,0.56379926,0.6447416,0.78022176,0.8812078,0.77168226,0.8679842,0
0.11097584,0.1258564,0.110509865,0.10345399,0.10496333,0.10595819,0.23219863,0.07784309,0.29477188,0.0838437,0.4294267,0.16046785,0.47042674,0.15644316,0.4875039,0.3181691,0.4244673,0.29594463,0.4446343,0.49320653,0.20563179,0.37809718,0.50518966,0.44350547,0.5355226,0.43893862,0.54770494,0.6564049,0.58530664,0.6474757,0.7990977,0.88831425,0.79108155,0.8719482,0
0.10503736,0.116537996,0.1157978,0.09418821,0.10266023,0.09470091,0.24706203,0.07826147,0.28951883,0.07831115,0.46743277,0.18303491,0.4383757,0.16336998,0.56613296,0.35631663,0.4009467,0.29363406,0.501828,0.5113378,0.19818655,0.37600487,0.5131036,0.47395915,0.49637023,0.4634891,0.56928474,0.6760643,0.5781415,0.6634963,0.7991641,0.892735,0.78573024,0.8697957,0
0.10000109,0.12609856,0.10099543,0.10310969,0.092216894,0.10531399,0.23070551,0.07959585,0.28760275,0.08468942,0.4639442,0.17331977,0.4463651,0.16382113,0.55844545,0.3468999,0.39993528,0.31287265,0.49877492,0.5088327,0.19746655,0.40829796,0.52131766,0.46828565,0.5145993,0.4607425,0.57460195,0.673993,0.5883835,0.66274625,0.8043628,0.8938941,0.7836507,0.86867434,0
0.13729003,0.11075809,0.14068991,0.08859162,0.13236414,0.091573425,0.24533238,0.07163057,0.296887,0.07598834,0.40966597,0.166585,0.4480121,0.16021794,0.5051306,0.33244908,0.49062055,0.32270297,0.50006825,0.50429815,0.50778705,0.50346327,0.52323186,0.4588998,0.5489422,0.45552546,0.5834995,0.67055243,0.60264486,0.6698896,0.7672372,0.89024997,0.77465457,0.8753398,0
0.12554277,0.10999419,0.1345381,0.08918123,0.119338244,0.091651626,0.25217414,0.07154717,0.2778977,0.076503366,0.4408153,0.15649767,0.44230586,0.15097618,0.5111022,0.32238618,0.40222934,0.29544336,0.54540706,0.5055293,0.21844195,0.38969496,0.5157983,0.4438574,0.52082723,0.44061953,0.5800509,0.6646649,0.60774773,0.6604818,0.79889506,0.8886524,0.79316324,0.87689316,0
0.13103612,0.11487285,0.13321249,0.094173945,0.12661937,0.09657249,0.23752926,0.07317371,0.29003945,0.07820573,0.4348495,0.15511815,0.43694943,0.14890566,0.49482927,0.32264236,0.3950071,0.29200733,0.5434423,0.51255316,0.20419545,0.38514125,0.5103128,0.43633214,0.5169084,0.43304792,0.5712201,0.6513461,0.6025631,0.6491309,0.8023954,0.8853225,0.7933453,0.8744309,0
0.12863915,0.12910461,0.1285595,0.107050985,0.11552635,0.11015684,0.2464148,0.07878399,0.2833537,0.086591,0.45921946,0.1596721,0.4492214,0.15493765,0.53106165,0.32814392,0.39302278,0.29755184,0.5649115,0.51359546,0.18829685,0.3816142,0.52487063,0.4525864,0.524617,0.447999,0.5795298,0.6668776,0.59663993,0.6587906,0.8110592,0.8926539,0.79028505,0.87321866,0
0.13050245,0.12871122,0.12963486,0.10647281,0.115670495,0.108878456,0.23905395,0.0741289,0.27817383,0.080489725,0.44488192,0.15454733,0.44138208,0.14722851,0.51889324,0.32617104,0.3920561,0.28879085,0.53492147,0.5157393,0.18515004,0.3730135,0.52337164,0.45420155,0.52827656,0.4487891,0.58532274,0.6830069,0.607453,0.6725097,0.8053297,0.89737886,0.78653246,0.8739775,0
0.13059083,0.129748,0.12814313,0.10695361,0.11629437,0.10945465,0.2419707,0.07262191,0.28336328,0.07948779,0.45627624,0.15456271,0.4433631,0.14690049,0.5330405,0.32880944,0.39118993,0.2893654,0.5427719,0.51854414,0.18464856,0.37387747,0.5217955,0.44930783,0.5216072,0.44311157,0.5773127,0.6776054,0.59812605,0.6658266,0.8004392,0.89700913,0.777828,0.87181145,0
0.12261321,0.13306162,0.12466395,0.10981843,0.107020885,0.11237647,0.24908301,0.07835845,0.26969874,0.085482925,0.4720962,0.16631068,0.43526372,0.16022767,0.5395407,0.33647615,0.3783997,0.29887927,0.51755446,0.50878483,0.1740076,0.37186185,0.5396701,0.46290034,0.5222916,0.45715332,0.5930714,0.6961058,0.6049172,0.6821346,0.8165667,0.90406436,0.78944904,0.8798068,0
0.16582322,0.09799575,0.22255766,0.07468848,0.11111163,0.08083963,0.35534737,0.069207944,0.092331156,0.085253425,0.4951561,0.1625812,0.22437145,0.19028984,0.57958657,0.2754983,0.16941641,0.30873165,0.525212,0.5006369,0.12705883,0.39497292,0.55385834,0.46390054,0.39314258,0.4728481,0.59863645,0.69166875,0.56373173,0.6843015,0.814639,0.9005072,0.77805287,0.8772218,0
0.11780891,0.1024177,0.16862866,0.07893366,0.0815175,0.085208125,0.33286843,0.07112069,0.11983392,0.08689918,0.5003873,0.16526121,0.2951919,0.19319138,0.5787751,0.2806074,0.25734675,0.31860834,0.50873697,0.49786568,0.15057763,0.40809587,0.54994166,0.46509895,0.42292613,0.4713791,0.59629923,0.69093543,0.5527294,0.67767584,0.8160823,0.90273154,0.76719433,0.87468445,0
0.11097696,0.12723161,0.12798487,0.10191097,0.08069976,0.107170746,0.28207448,0.07304153,0.20596564,0.08634071,0.49763653,0.17073432,0.4139087,0.17058554,0.5662701,0.3421262,0.37200767,0.3074307,0.495536,0.52300245,0.17661515,0.38171157,0.5306667,0.46761444,0.47863027,0.4623181,0.59058833,0.69629234,0.57256186,0.67743796,0.8217029,0.9069038,0.7671856,0.8793935,0
0.1268871,0.09567337,0.19208401,0.07477779,0.09685835,0.07583499,0.36533672,0.07556576,0.1407285,0.07597542,0.507659,0.18507335,0.35273096,0.17253445,0.5568352,0.35734907,0.3349949,0.30715173,0.47608498,0.52194154,0.17686427,0.40217608,0.54441005,0.47092202,0.44545203,0.46440035,0.59229356,0.6938095,0.5727226,0.6789535,0.8081544,0.898211,0.7684788,0.8806686,0
0.13253486,0.095976725,0.19715537,0.07493924,0.10330793,0.07617034,0.3709385,0.07587957,0.14944994,0.07664642,0.50867146,0.18570435,0.35760757,0.1741867,0.5456114,0.3589754,0.33308524,0.3122229,0.471229,0.5222888,0.1813089,0.40558055,0.53947216,0.47242922,0.44303852,0.46647802,0.59308636,0.69662744,0.575257,0.68267465,0.8128051,0.8995704,0.77310205,0.8836198,0
0.12543336,0.09615478,0.17521334,0.07501106,0.097552285,0.07825556,0.3409385,0.06963896,0.15605758,0.07626175,0.5047691,0.16254014,0.36406985,0.16121802,0.5375793,0.32488436,0.3698274,0.29819262,0.43936446,0.501083,0.1905382,0.39140162,0.53259635,0.44224712,0.44082564,0.43908924,0.55525786,0.66733694,0.56792384,0.6537214,0.81036437,0.8934444,0.76291096,0.87549603,0
0.11519456,0.09796996,0.16985174,0.07761126,0.09372382,0.07975812,0.34875646,0.07515488,0.16333437,0.07799955,0.4993326,0.17021501,0.3892672,0.16193281,0.528455,0.34722748,0.38549936,0.30373928,0.43555674,0.52970475,0.1945508,0.37582293,0.53127563,0.44788945,0.4581022,0.4428359,0.58649427,0.68052274,0.5955965,0.6655322,0.80915815,0.8953094,0.78229773,0.87933505,0
0.11413349,0.12845263,0.12193206,0.104355596,0.09057458,0.10892977,0.27482387,0.072193235,0.2545816,0.08444614,0.49076718,0.14889921,0.4637293,0.1522416,0.4333521,0.28812405,0.4291313,0.29095608,0.14826964,0.3676815,0.17817955,0.37746975,0.5842499,0.4346689,0.55685705,0.43059596,0.59184754,0.6685761,0.6314188,0.6558645,0.812645,0.8970032,0.7501022,0.8727436,0
0.118156455,0.13316287,0.1309066,0.1075972,0.089503236,0.11458372,0.28893554,0.073148295,0.21784411,0.09443006,0.49612772,0.1342662,0.4426628,0.17798708,0.5893688,0.17855757,0.4390216,0.3130179,0.4324346,0.1956859,0.21383011,0.38829464,0.5731979,0.44548357,0.5348541,0.45193022,0.5986098,0.68380183,0.60323733,0.6686074,0.7893563,0.90069175,0.73337466,0.87764096,0
0.11702356,0.13416521,0.12909535,0.107740425,0.08452585,0.116082445,0.29118785,0.0730453,0.22334102,0.09628544,0.484795,0.13453612,0.47075242,0.17241539,0.4980182,0.17208657,0.46944702,0.27297753,0.23075296,0.2132851,0.24400355,0.32986963,0.5936218,0.4362796,0.5705065,0.44092578,0.5931269,0.6741483,0.6285416,0.65738255,0.80607426,0.89623123,0.75926125,0.8767178,0
0.11783438,0.13273014,0.12789296,0.1057275,0.08470776,0.11332821,0.2943903,0.07026066,0.2348303,0.09097013,0.5034358,0.14349411,0.47591183,0.17080921,0.48535672,0.23579289,0.45650065,0.29811862,0.21257867,0.3238673,0.22919635,0.378196,0.61867654,0.443704,0.59046805,0.44607985,0.62169385,0.6818738,0.6516637,0.6657599,0.82479,0.9001552,0.7746056,0.87665915,0
0.1271866,0.13181679,0.13309613,0.10653274,0.09698368,0.11043203,0.2906676,0.0707572,0.28864783,0.0806221,0.47558886,0.15190685,0.5483558,0.14379059,0.4207888,0.29494652,0.502188,0.26820278,0.21605062,0.36448142,0.26926756,0.3369781,0.5939511,0.44349906,0.62981164,0.43603566,0.6081026,0.6776467,0.6648268,0.6623123,0.8297592,0.8958165,0.7742224,0.87470347,0
0.112442695,0.12296163,0.13311438,0.10085301,0.09512709,0.10443959,0.31402177,0.08506841,0.27766776,0.0910099,0.48662594,0.17631215,0.46640095,0.16966256,0.4713201,0.33581164,0.4287987,0.32262886,0.25672546,0.4157749,0.21402015,0.40266922,0.59206724,0.45712605,0.56988156,0.4502673,0.62096757,0.6714936,0.6319399,0.6526071,0.82362515,0.886841,0.78384835,0.8597346,0
0.09825195,0.119164266,0.1256366,0.09755591,0.08489947,0.09832219,0.31172428,0.08072796,0.25315815,0.08296231,0.5146644,0.17193675,0.45169184,0.16443661,0.5027238,0.33426422,0.44481856,0.315011,0.3753747,0.44684854,0.2630614,0.40589502,0.5989736,0.4674542,0.5478732,0.46191087,0.64220047,0.6893715,0.64978975,0.6747407,0.8628498,0.89851284,0.81109464,0.87264717,0
0.09250134,0.13067357,0.10384894,0.10899517,0.08026004,0.1110382,0.27687803,0.0898787,0.30545205,0.09342245,0.4937999,0.17629156,0.49679202,0.16484956,0.46159294,0.33865935,0.44794407,0.31867242,0.20548227,0.41879538,0.24190763,0.41644934,0.60803795,0.4709521,0.6012162,0.46314904,0.6421901,0.69153816,0.6889821,0.6793368,0.84306735,0.9035859,0.813861,0.87868506,0
0.11629256,0.12814927,0.12683475,0.105670735,0.098252684,0.110413216,0.30549777,0.085764594,0.30089527,0.09466295,0.49125463,0.17486438,0.4708597,0.17124203,0.4822806,0.33142784,0.44696832,0.3269834,0.34447825,0.44650716,0.29901525,0.44527215,0.6073212,0.46791,0.5849802,0.46266574,0.6516213,0.685007,0.64864117,0.6688801,0.8375545,0.8917676,0.8240313,0.8704494,0
0.11622934,0.1252227,0.12647913,0.10315856,0.10150217,0.10783901,0.3028684,0.08593702,0.3099445,0.09401455,0.48488075,0.17496534,0.48373118,0.1696491,0.46669877,0.32898414,0.4488461,0.323052,0.3169255,0.43649653,0.29092067,0.43748587,0.60352176,0.4656245,0.5918421,0.4597633,0.6496093,0.68571216,0.6530212,0.6701957,0.8359488,0.892633,0.8250787,0.8723281,0
0.09489457,0.12887253,0.10927826,0.10695011,0.083109595,0.10806875,0.27796796,0.08551774,0.28744742,0.0883882,0.4675761,0.17233185,0.47681826,0.16288571,0.43782943,0.32712984,0.43895614,0.314252,0.28334662,0.43722117,0.28109306,0.4326043,0.5719082,0.46519607,0.56929713,0.45903856,0.6331455,0.68698704,0.6498958,0.67336124,0.8449226,0.9069462,0.81254506,0.88800323,0
0.09391573,0.11900736,0.11493465,0.09872084,0.090882994,0.09854117,0.27450955,0.0859129,0.2748074,0.085032366,0.44695237,0.1760409,0.43168825,0.16283698,0.43373826,0.3354881,0.41909808,0.31436068,0.29226333,0.45072043,0.27413335,0.4409776,0.53575224,0.46452972,0.51599795,0.45820215,0.59498435,0.68123233,0.60557455,0.67017597,0.84654063,0.8995643,0.8195529,0.87818694,0
0.10310821,0.1289924,0.11554167,0.10887041,0.1058,0.10836543,0.2598353,0.09441013,0.32296148,0.09179401,0.4141199,0.18369554,0.50290996,0.16556476,0.37943634,0.33860245,0.47839794,0.31344023,0.23043342,0.43915913,0.29383618,0.43458375,0.5123066,0.46069294,0.55820507,0.45220295,0.5708975,0.6792596,0.60823107,0.6682744,0.81259865,0.8913847,0.7921892,0.87572163,0
0.07767629,0.122955985,0.09195085,0.101761,0.07858393,0.10196699,0.25186798,0.08340673,0.3049398,0.082800955,0.3762996,0.17357863,0.4828484,0.16062117,0.3487779,0.3322075,0.49900314,0.31824303,0.24097213,0.4484692,0.32076448,0.44169497,0.4965274,0.46349102,0.5604215,0.45581815,0.5422896,0.688928,0.6051396,0.67138636,0.7625624,0.89248025,0.7427097,0.86958826,0
0.07790841,0.12141261,0.086735286,0.10056372,0.077975556,0.1012847,0.22931227,0.08160239,0.29929727,0.082466036,0.3591393,0.17260519,0.4637012,0.1615741,0.349856,0.33038023,0.42087445,0.3207588,0.2314793,0.4567966,0.18415567,0.44585678,0.48164806,0.4610067,0.55881155,0.45066378,0.52059686,0.6878506,0.6368752,0.65591913,0.7004267,0.90133584,0.76637495,0.85199696,0
0.07958698,0.120810226,0.08991713,0.10057254,0.08259753,0.100750305,0.23374169,0.08418121,0.3102404,0.08319211,0.34773135,0.17544419,0.47720128,0.16149631,0.3354807,0.33304814,0.46076563,0.31733868,0.2513762,0.4580581,0.25504214,0.44310325,0.47635338,0.45668927,0.56581354,0.44696388,0.5194144,0.67776525,0.62975776,0.6517943,0.7036848,0.8934584,0.7587277,0.85299987,0
0.07598166,0.124326184,0.08314283,0.103814125,0.08045409,0.10595312,0.21778302,0.08688688,0.32602158,0.08713604,0.31271672,0.18202086,0.53163046,0.1643629,0.26924443,0.3427737,0.52188134,0.32120705,0.21533522,0.46854907,0.34278226,0.4567891,0.44127023,0.46324372,0.59275717,0.4477264,0.49260083,0.688933,0.6645572,0.64804286,0.6519104,0.903642,0.8213693,0.83189744,0
0.051235788,0.118226476,0.06743697,0.0986093,0.062967055,0.098647356,0.2184782,0.086961746,0.33315063,0.081635945,0.28830716,0.19007598,0.5683013,0.16822319,0.21549442,0.35780302,0.54968125,0.3347169,0.12674981,0.5106282,0.2659137,0.49576285,0.4312619,0.4862504,0.622959,0.46796525,0.48395753,0.71104854,0.6926899,0.66489804,0.63352036,0.91208315,0.83866507,0.83209187,0
0.06487748,0.10500021,0.08654214,0.087458424,0.08670807,0.08688493,0.23547933,0.08658763,0.36630708,0.078206494,0.26874748,0.19755866,0.62160164,0.1744506,0.17784993,0.3700032,0.73894566,0.34258443,0.08587955,0.5153045,0.591787,0.48820442,0.41190192,0.48577178,0.6441277,0.46976188,0.45431632,0.6926877,0.70228326,0.6599645,0.6155152,0.8953534,0.8575164,0.83589274,0
0.09743491,0.102744296,0.13239269,0.084101304,0.08535862,0.08701658,0.29965252,0.07810726,0.23382838,0.0818563,0.5042379,0.18305327,0.3411419,0.1813172,0.5164487,0.350065,0.21366914,0.34910896,0.23632808,0.49225894,0.07183609,0.5060642,0.5440238,0.47920722,0.47908074,0.46956226,0.5096682,0.701807,0.63585556,0.6763864,0.61880803,0.9036349,0.8360189,0.83796847,0
0.14150602,0.11826204,0.18298787,0.09827995,0.11514351,0.10237749,0.4009956,0.0908036,0.28046843,0.09803351,0.6037417,0.17609774,0.5653832,0.17319213,0.59132135,0.32283565,0.52561826,0.31324574,0.25374693,0.32391068,0.27755523,0.3294856,0.65233684,0.4418163,0.61617935,0.4374462,0.69994336,0.6431198,0.742839,0.6387803,0.7911632,0.8810996,0.78683853,0.87143713,0
0.12307418,0.11981888,0.19153216,0.09924917,0.10085273,0.09759333,0.4686482,0.085796356,0.27593473,0.08317228,0.6296928,0.16113281,0.56511444,0.16959573,0.5568981,0.17757341,0.48927847,0.24628188,0.25025705,0.07289415,0.25272903,0.24886522,0.64817977,0.4211502,0.60479945,0.41833678,0.69442034,0.6307781,0.76077604,0.6299637,0.7763269,0.8800528,0.7735635,0.8817302,0
0.14149587,0.18951058,0.15216619,0.1694814,0.12062146,0.17415108,0.3503955,0.15142305,0.34304062,0.16154811,0.59443635,0.22481595,0.60895514,0.22616827,0.54014164,0.36722818,0.5344793,0.35426146,0.2653193,0.43504995,0.2519844,0.37441802,0.66060466,0.49416214,0.6549273,0.4908346,0.7047396,0.69688296,0.71698684,0.690406,0.7822182,0.9013384,0.7714618,0.8853542,0
0.22667122,0.16589662,0.25718933,0.15209223,0.23614061,0.15287614,0.40387952,0.15380423,0.43459982,0.15323967,0.58263963,0.24042176,0.5914286,0.23417918,0.5248915,0.3849033,0.4841296,0.37102878,0.24688144,0.44537973,0.22016463,0.42138422,0.6122901,0.50322086,0.6135867,0.49773598,0.67076784,0.7012477,0.70885587,0.6937384,0.7862958,0.9026329,0.7505085,0.88794994,0
0.17131978,0.114012904,0.1941902,0.0919556,0.16221565,0.09658408,0.38598904,0.08457717,0.38387778,0.09157514,0.5795774,0.17902678,0.5951068,0.16920528,0.5226524,0.30425742,0.54536694,0.26613867,0.17615353,0.34296837,0.23127031,0.28239116,0.66187936,0.45241773,0.6480364,0.4446745,0.6747568,0.6682444,0.6901947,0.6607356,0.8163064,0.89776874,0.79094315,0.8842663,0
0.31369275,0.13355896,0.31798777,0.11197809,0.28573772,0.117032066,0.47695476,0.085744135,0.4756163,0.09737663,0.6716572,0.16233853,0.6888343,0.1572626,0.57373047,0.31736895,0.5858846,0.3084647,0.2580032,0.32037124,0.29509303,0.3570834,0.70159024,0.4505872,0.7013617,0.44250602,0.72986513,0.6581046,0.73117065,0.648218,0.8157585,0.87744343,0.80103666,0.85160303,0
0.36057234,0.13184369,0.3717137,0.10859079,0.33308953,0.11458847,0.5213269,0.08089041,0.4801192,0.09590129,0.700818,0.15312712,0.68828726,0.16184959,0.5945334,0.28560022,0.5799389,0.3024105,0.21788889,0.33602616,0.2714437,0.35991874,0.7186044,0.4366158,0.7060216,0.43273532,0.70706,0.6504222,0.73145837,0.6430896,0.8335495,0.885617,0.8092905,0.86568713,0
0.3748121,0.12492634,0.39163637,0.10394122,0.34898758,0.110491864,0.53825057,0.08402185,0.4795533,0.09934844,0.7017841,0.14818661,0.6808512,0.16004623,0.5912359,0.273916,0.58111614,0.29675302,0.20293175,0.34009287,0.2680663,0.36300674,0.71667147,0.429274,0.696771,0.42613283,0.70629764,0.64223146,0.73266184,0.63514864,0.8298166,0.8864906,0.7943571,0.85586697,0
0.41502374,0.10987243,0.43403488,0.090114966,0.40015116,0.09370112,0.5739604,0.0761188,0.52961946,0.08520081,0.7188408,0.15269276,0.6879838,0.1644447,0.5723013,0.27535295,0.6095227,0.31055918,0.17557086,0.34294134,0.35785943,0.37193176,0.7395765,0.43456393,0.71189904,0.4328483,0.7314257,0.64190745,0.7481462,0.63819075,0.8330266,0.862717,0.83179444,0.837496,0
0.44999346,0.13102275,0.46892726,0.10807251,0.41954967,0.117023624,0.6048307,0.08557863,0.5171416,0.106816165,0.72204983,0.15707535,0.69689876,0.17560059,0.5760867,0.27167922,0.6092322,0.30189365,0.18064196,0.3438736,0.3573849,0.36760342,0.75527656,0.44028473,0.7258474,0.43858993,0.7338089,0.66584206,0.74233013,0.6519743,0.84805083,0.89287174,0.8322666,0.8614171,0
0.45269698,0.114162974,0.47426796,0.091515504,0.4200954,0.10055309,0.60018814,0.07347303,0.50392973,0.094574176,0.71628064,0.15012163,0.68942523,0.17028555,0.5746197,0.27230382,0.6083824,0.3091014,0.14803076,0.3356347,0.33510464,0.36825964,0.74446183,0.44401047,0.7162454,0.44314736,0.7289533,0.6654089,0.7472704,0.65489906,0.8497894,0.8900956,0.8412206,0.86217165,0
0.44336885,0.10936943,0.47255573,0.08806907,0.42814726,0.09377661,0.6246627,0.07816425,0.5487947,0.08990499,0.72157997,0.16287747,0.73127705,0.17073809,0.52664196,0.29134828,0.6313025,0.31251913,0.12191877,0.33824813,0.35516834,0.36969015,0.750872,0.45602116,0.7375532,0.4509487,0.7451744,0.67796034,0.7531728,0.66572654,0.84902525,0.8937325,0.85087675,0.8681798,0
0.46258575,0.09605299,0.5126445,0.07571931,0.43598282,0.080823906,0.64963084,0.07456928,0.47340205,0.08503362,0.7365096,0.1566043,0.65798056,0.16923122,0.6022405,0.26395342,0.5890554,0.28998283,0.21766363,0.33143106,0.3308493,0.36396974,0.7448704,0.42449278,0.6860687,0.42323276,0.7263942,0.6481845,0.73151404,0.6434476,0.84567046,0.8857369,0.82329834,0.8640582,0
0.46239763,0.0958046,0.5159473,0.076467186,0.43696952,0.081215866,0.6631437,0.07763601,0.475682,0.08702861,0.7429405,0.16070713,0.65883887,0.17518972,0.59358346,0.26817378,0.56126535,0.2990703,0.24558343,0.34105763,0.2783401,0.36513492,0.7465726,0.44237608,0.68688893,0.44148725,0.75284857,0.6660713,0.7560729,0.6565076,0.86981523,0.88814676,0.8279684,0.8615698,0
0.49920878,0.11075173,0.53704005,0.0916936,0.4622659,0.09544521,0.6539758,0.08891688,0.49615413,0.09761058,0.7280694,0.17511174,0.6194998,0.18761277,0.61365277,0.28818807,0.5466352,0.31930172,0.30535343,0.3252539,0.29307914,0.3535038,0.76950514,0.45648432,0.7053,0.45446476,0.75881773,0.6829431,0.7581855,0.6690318,0.8838836,0.9071433,0.84496796,0.8706791,0
0.48457825,0.12630183,0.5085379,0.10506916,0.4637902,0.10806504,0.64260894,0.090765476,0.5859596,0.096726805,0.7161168,0.17595798,0.74248725,0.17876498,0.51215464,0.31077915,0.60372394,0.3320861,0.20181479,0.33958468,0.29355425,0.36430788,0.77754205,0.46431267,0.7959245,0.4581307,0.75723886,0.6920194,0.80049086,0.674035,0.89609534,0.9030928,0.85463154,0.8723902,0
0.49224818,0.12771389,0.506972,0.10701757,0.48137066,0.10972023,0.6250349,0.09038435,0.608648,0.09615353,0.7169295,0.1757451,0.7438128,0.17530319,0.61025226,0.3111047,0.6244253,0.31610873,0.35561955,0.35776028,0.41760698,0.367429,0.7525014,0.45817456,0.7654435,0.45285475,0.75560915,0.6670772,0.7657287,0.65562475,0.86767304,0.8914046,0.8464922,0.8696849,0
0.48810607,0.12624076,0.5121459,0.10363608,0.47335002,0.10679637,0.6411317,0.08798209,0.60131127,0.09458637,0.70031875,0.18355334,0.788956,0.1840608,0.40614906,0.3155829,0.65408814,0.32704905,0.1136045,0.35979503,0.49295267,0.3785014,0.77157426,0.46479797,0.8177315,0.460051,0.75891626,0.67750853,0.80721146,0.66361916,0.8753158,0.89611804,0.85743374,0.86853623,0
0.50105554,0.1265821,0.51320016,0.102979764,0.49101865,0.106106184,0.62545127,0.08246984,0.6389179,0.09030896,0.7004158,0.18079439,0.81129956,0.18345465,0.41573614,0.3119312,0.67417127,0.32882106,0.107680686,0.36046085,0.488676,0.37642515,0.7867094,0.46653527,0.84477603,0.46189034,0.77628535,0.6795687,0.8124834,0.6616128,0.8788532,0.89433265,0.84897333,0.86126864,0
0.4992902,0.12760855,0.5128395,0.10412414,0.48734334,0.10705631,0.63017625,0.08273592,0.6290173,0.09039121,0.70814574,0.1789623,0.80294085,0.18256441,0.43162203,0.31110305,0.6931579,0.331215,0.11158707,0.35685158,0.492846,0.37360755,0.79151225,0.46692973,0.8358053,0.462168,0.77913016,0.67949027,0.80266327,0.6602671,0.87582994,0.89062965,0.8381447,0.8542704,0
0.49374214,0.12748009,0.512436,0.10439919,0.48126006,0.107259475,0.64422286,0.08434897,0.61749846,0.09179035,0.72433376,0.17784648,0.77912635,0.18003684,0.43493235,0.30971965,0.6496247,0.32455066,0.12386098,0.35596633,0.48451534,0.3718887,0.7836003,0.468501,0.80551904,0.46384984,0.76838213,0.6798849,0.7888943,0.6651376,0.8765175,0.88975006,0.8370944,0.8604116,0
0.50853676,0.11480322,0.52551556,0.092543416,0.500647,0.09737539,0.6353037,0.08072853,0.61377084,0.09133349,0.732356,0.1699731,0.7288785,0.17685005,0.45309174,0.29469806,0.45458677,0.3017692,0.12233401,0.35098964,0.16368715,0.3622625,0.7608206,0.4554603,0.7527749,0.45185247,0.7578839,0.67671955,0.7715495,0.6632794,0.866439,0.90115976,0.8205434,0.86210734,0
0.5125957,0.1221119,0.52660245,0.0988248,0.5018249,0.10362549,0.64310664,0.08122521,0.6315291,0.09213977,0.72137356,0.1715172,0.7916002,0.17647451,0.43466216,0.30182645,0.6757927,0.32077605,0.11424291,0.35334972,0.49979392,0.37265426,0.7642656,0.46296003,0.78853506,0.45821574,0.76805776,0.68786156,0.7875253,0.6738782,0.8745737,0.9120906,0.86103255,0.8805569,0
0.50189453,0.12338989,0.5079813,0.098813824,0.49660552,0.1029471,0.62317646,0.07878962,0.66572255,0.08808938,0.7109388,0.17402628,0.809198,0.17563933,0.41934645,0.30318654,0.5769081,0.3127621,0.10164421,0.34978783,0.30598694,0.36493066,0.7626665,0.46581605,0.81760424,0.46032307,0.75793314,0.68151665,0.8103866,0.6700312,0.86175424,0.9033759,0.85583603,0.8810065,0
0.49818942,0.12392598,0.50942004,0.09899531,0.49024782,0.10367831,0.6280768,0.08115959,0.6406677,0.09155598,0.7158032,0.18195659,0.7757302,0.18560894,0.40111008,0.30968904,0.5053009,0.31710485,0.11769698,0.34732258,0.22938533,0.3580514,0.7711764,0.4790146,0.7973638,0.47367498,0.77396464,0.7012333,0.79428667,0.682822,0.8680841,0.920435,0.82312703,0.88864905,0
0.49685678,0.121023424,0.5084144,0.09635964,0.49191183,0.101378255,0.6280306,0.08079734,0.63836265,0.09200058,0.72205865,0.18127654,0.75917864,0.18808222,0.4109174,0.31346014,0.48725736,0.3242848,0.114470996,0.34873253,0.22065565,0.35752493,0.77314824,0.4770017,0.7849299,0.47342837,0.77885723,0.69783604,0.7865139,0.6823001,0.8704369,0.9203331,0.82647747,0.8877751,0
0.45227307,0.1187095,0.46725342,0.09471942,0.44426757,0.09953672,0.5926707,0.07827001,0.59420186,0.089007765,0.663649,0.17975123,0.7769693,0.18483494,0.35115173,0.31637105,0.61063397,0.3317496,0.11566884,0.35898337,0.4021872,0.37580335,0.72870123,0.47223452,0.78483003,0.4689655,0.7542662,0.6870055,0.7742781,0.67161685,0.87254983,0.89378107,0.82488453,0.8700535,0
0.43740812,0.106902435,0.4633633,0.08568254,0.43205267,0.092353545,0.590526,0.08101788,0.5450659,0.09501324,0.66306347,0.17068508,0.7077907,0.18619852,0.4150394,0.28424355,0.5184549,0.31444517,0.13466391,0.35662863,0.30465955,0.37738773,0.6953111,0.451667,0.71941304,0.45326123,0.7128357,0.67143536,0.7614887,0.6660142,0.8841945,0.8943917,0.8656488,0.88020205,0
0.40096027,0.10791106,0.4163361,0.0850471,0.39887542,0.09118748,0.52775544,0.076520346,0.51471394,0.09093276,0.64687794,0.17580609,0.6123742,0.19064716,0.4593255,0.30075336,0.4323377,0.32342976,0.1801967,0.36587268,0.20275272,0.3862346,0.66596043,0.47009552,0.64051014,0.47058663,0.69049954,0.6851407,0.6915028,0.6775269,0.8453651,0.90526485,0.807776,0.88954604,0
0.37461662,0.11662588,0.39781138,0.09710074,0.36891267,0.099820286,0.5268174,0.086926274,0.50049603,0.09111424,0.62390924,0.18127777,0.6158783,0.17549393,0.45629013,0.33272225,0.48095158,0.32437727,0.17967342,0.39126012,0.18880095,0.39306387,0.65050334,0.4581825,0.6518044,0.44994605,0.6654938,0.6730023,0.7049449,0.6591779,0.8395285,0.9079622,0.8582768,0.8885666,0
0.31552166,0.10500174,0.34727865,0.08583098,0.30545077,0.08924671,0.49203724,0.078651056,0.41955623,0.084162764,0.6251112,0.17496897,0.53590786,0.17333867,0.52501804,0.32930952,0.44871774,0.32572097,0.19270319,0.40069523,0.15325077,0.39669123,0.626173,0.45943716,0.57657003,0.451712,0.64515716,0.6653704,0.64563566,0.65100795,0.79247344,0.89276236,0.8244154,0.87110746,0
0.31926313,0.1037129,0.35262263,0.084930144,0.31474817,0.087092124,0.50322795,0.07938362,0.4471925,0.0816731,0.59623426,0.17695394,0.570745,0.17181945,0.43907252,0.3292911,0.45909908,0.32618737,0.1654967,0.39632323,0.16206862,0.39808807,0.6139604,0.46733564,0.6007463,0.45849198,0.64465255,0.6776868,0.65651864,0.6593136,0.78521454,0.8972727,0.82614726,0.8687562,0
0.26389638,0.11578387,0.29452088,0.09625043,0.25549325,0.09871907,0.4478592,0.08385458,0.39647928,0.08774051,0.5531947,0.17580494,0.5440289,0.1710862,0.443681,0.3339493,0.47271404,0.3291615,0.18054555,0.4054068,0.18757994,0.41207653,0.5796918,0.46256214,0.583405,0.45457774,0.61944354,0.6851336,0.66843194,0.6680834,0.79080987,0.90711564,0.8422555,0.87919295,0
0.19460589,0.095717855,0.24971505,0.07686705,0.18742673,0.07762804,0.45495102,0.07541923,0.3242594,0.07538585,0.53193057,0.17189671,0.49401897,0.16498868,0.40168494,0.32947823,0.4070036,0.32071128,0.16916974,0.40084267,0.16263045,0.3954092,0.5279898,0.4593061,0.50535995,0.45424825,0.60059834,0.68450844,0.6530573,0.6757691,0.77774024,0.9072609,0.81278855,0.89215994,0
0.15264139,0.10226333,0.1887041,0.08113947,0.14951296,0.082619764,0.39293,0.07391539,0.32839787,0.07599049,0.53264457,0.16922617,0.4917745,0.16283639,0.4579936,0.33598924,0.40758502,0.325278,0.26452214,0.45212767,0.19793108,0.43792665,0.52428216,0.46222982,0.49342465,0.45690805,0.5663135,0.67608714,0.5912598,0.6688318,0.73904777,0.91354364,0.7438058,0.89905834,0
0.13808973,0.11791845,0.1604349,0.095412344,0.120936096,0.099032454,0.34643245,0.0754385,0.28890237,0.08471985,0.530864,0.16300769,0.4472636,0.16602199,0.5026944,0.32351163,0.39796206,0.3271292,0.27520147,0.4456238,0.17467259,0.44160655,0.50700486,0.46528962,0.45477578,0.46180603,0.54410374,0.6816264,0.56935567,0.6733406,0.72246426,0.9117878,0.72827977,0.8921158,0
0.15756173,0.117476985,0.17368993,0.0952425,0.14932951,0.09854059,0.34973192,0.07537857,0.33547586,0.08329735,0.53837883,0.15939936,0.50670975,0.15829651,0.4992982,0.30930388,0.43565032,0.30699465,0.21302831,0.36435783,0.19617257,0.3686004,0.52715886,0.44482082,0.50480974,0.44045225,0.57017934,0.65806603,0.6096677,0.6537834,0.72685266,0.9119024,0.725591,0.90325993,0
0.15335734,0.12091289,0.16681387,0.09816484,0.1408131,0.101487584,0.33411947,0.07628069,0.33450526,0.08420806,0.51922506,0.1630619,0.50936776,0.16115107,0.5032247,0.32322478,0.43215644,0.3177975,0.27564025,0.4236131,0.21782796,0.41640738,0.5248165,0.4574624,0.523396,0.45336676,0.5725127,0.674517,0.6244002,0.6702062,0.73129267,0.9188393,0.7248803,0.91029507,0
0.15640974,0.11401419,0.17831653,0.0947716,0.14322679,0.095351,0.34504217,0.07919164,0.3206152,0.080811,0.5477796,0.16705947,0.4586687,0.15839152,0.5744069,0.32280576,0.45627436,0.3096436,0.42172182,0.42418712,0.2800548,0.42174387,0.5539182,0.44957057,0.50071526,0.4441055,0.5921538,0.6523313,0.611935,0.6491653,0.72597826,0.8967982,0.74325323,0.8852698,0
0.12315957,0.091449365,0.15901378,0.07281843,0.119075455,0.073042445,0.35229668,0.06879573,0.30671698,0.0673586,0.51254386,0.16008587,0.46718878,0.14836067,0.5119715,0.3193999,0.42581385,0.3023475,0.34384808,0.4563961,0.2639854,0.43889692,0.5503933,0.43926623,0.5221123,0.43350032,0.5800621,0.64664453,0.63043964,0.642325,0.7118729,0.88540053,0.74815166,0.8764396,0
0.12490241,0.09016037,0.16076975,0.06976833,0.12313412,0.07190118,0.36189747,0.06337638,0.3309924,0.06573196,0.51810026,0.16302356,0.5385651,0.15408497,0.5391758,0.33457398,0.47594637,0.30601582,0.4654423,0.47930723,0.22035375,0.38081843,0.5598137,0.47354114,0.5783568,0.46745005,0.62429863,0.7263248,0.6920188,0.71553344,0.7150602,0.9259972,0.7926678,0.91493934,0
0.12213696,0.09452132,0.16038382,0.07681768,0.12679969,0.07722856,0.36354065,0.074770994,0.3123747,0.07402265,0.5226747,0.16107158,0.50252426,0.15445933,0.5497654,0.32790825,0.41906703,0.30099505,0.56145465,0.4869029,0.17886128,0.32700855,0.5530113,0.455113,0.53713423,0.45120263,0.6297629,0.6835456,0.6173652,0.67446464,0.74354625,0.9108045,0.76554763,0.8960203,0
0.14710607,0.09847967,0.19168,0.08014302,0.13729581,0.07994911,0.4021848,0.07749161,0.32059067,0.07512924,0.5503779,0.16854727,0.5290658,0.15893124,0.59597164,0.33512244,0.4862799,0.32462895,0.59904087,0.49161693,0.3228113,0.45903325,0.59843093,0.46810132,0.58294374,0.46366593,0.6526793,0.6892943,0.65204865,0.68866587,0.7269911,0.9036042,0.7468372,0.89913136,0
0.14710607,0.09847967,0.19168,0.08014302,0.13729581,0.07994911,0.4021848,0.07749161,0.32059067,0.07512924,0.5503779,0.16854727,0.5290658,0.15893124,0.59597164,0.33512244,0.4862799,0.32462895,0.59904087,0.49161693,0.3228113,0.45903325,0.59843093,0.46810132,0.58294374,0.46366593,0.6526793,0.6892943,0.65204865,0.68866587,0.7269911,0.9036042,0.7468372,0.89913136,0
0.2191618,0.115330115,0.21092062,0.09398076,0.2044428,0.09723386,0.3544949,0.06829712,0.45982268,0.074379034,0.5533721,0.15293568,0.630442,0.14621915,0.65389365,0.3160064,0.644808,0.31434095,0.60923755,0.47421372,0.56414425,0.46439007,0.6212209,0.46168822,0.6671963,0.4554194,0.6624663,0.6799477,0.6617368,0.67829335,0.7293845,0.8960677,0.7359262,0.88967484,0
0.1648535,0.11903873,0.16295573,0.0992184,0.15406038,0.100229226,0.31576997,0.073491484,0.4014303,0.07625416,0.53759253,0.14913341,0.567368,0.14174849,0.5929643,0.31050625,0.54855895,0.30593172,0.6020023,0.47775024,0.5512283,0.4714216,0.60911536,0.45296165,0.62480867,0.44862807,0.6797713,0.6700181,0.64918005,0.67481893,0.71532714,0.8980777,0.69080275,0.8920831,0
0.14923371,0.11797267,0.16007747,0.09595055,0.14488125,0.09679116,0.32054406,0.079257675,0.38715827,0.079323575,0.51762795,0.17400065,0.573377,0.16322893,0.62058,0.32560185,0.61485225,0.3149498,0.58074623,0.47990575,0.5628162,0.46892166,0.56261253,0.46142897,0.5945673,0.45419985,0.59539896,0.6774439,0.6574987,0.6772652,0.68188155,0.895379,0.703764,0.8957738,0
0.17204762,0.11488743,0.17209055,0.09498976,0.17018332,0.09471057,0.317029,0.07387448,0.4346717,0.0724094,0.5409534,0.16414791,0.6124156,0.14919092,0.6171738,0.32979098,0.62607276,0.3144736,0.5904194,0.47869682,0.51069236,0.45277756,0.54385066,0.46523303,0.5879793,0.45591843,0.61668587,0.6798178,0.6350346,0.6781814,0.7203007,0.8976979,0.7227143,0.89234585,0
0.21714765,0.1203113,0.2270824,0.09798068,0.19662209,0.101970516,0.3925297,0.07484431,0.39836067,0.0836442,0.60289174,0.15369166,0.6138113,0.15168123,0.66030705,0.32552242,0.60134846,0.31575832,0.549966,0.4761271,0.30421838,0.40289095,0.618974,0.44951263,0.62830365,0.44458324,0.612166,0.6734302,0.65217113,0.667071,0.7099911,0.89219075,0.67918354,0.9015899,0
0.23092498,0.12408518,0.23985685,0.10288032,0.21130332,0.10462095,0.4051498,0.07981812,0.4224011,0.08366181,0.5938496,0.1597846,0.6429653,0.14900042,0.6505808,0.32917613,0.6357809,0.3070767,0.55067945,0.47460383,0.33267787,0.38639802,0.6157257,0.4625552,0.6492722,0.45513412,0.61970586,0.69130325,0.6600084,0.6817046,0.6990494,0.9029719,0.6748526,0.913888,0
0.2125899,0.120471254,0.2124229,0.09922778,0.18132238,0.1031654,0.35416588,0.071179934,0.39614612,0.07967667,0.57607883,0.15014002,0.6310442,0.14280824,0.6200233,0.31642956,0.6118145,0.3030703,0.5192357,0.4669283,0.43872687,0.44116065,0.6232053,0.4380686,0.66404265,0.43096858,0.6207266,0.65341437,0.69557714,0.6501075,0.7034381,0.870665,0.7272927,0.8651636,0
0.2149061,0.11640005,0.20813902,0.09515347,0.19847122,0.09886669,0.35262796,0.068673864,0.4481699,0.07541542,0.557216,0.15411323,0.63902223,0.1456383,0.6359738,0.32556742,0.6231311,0.3128385,0.4918448,0.47252828,0.41888103,0.44981602,0.6195804,0.44392273,0.67587775,0.4361032,0.63314426,0.6598133,0.6692385,0.65607756,0.7342841,0.88946044,0.7255146,0.88006395,0
0.20931768,0.09816922,0.24385893,0.07540559,0.16969973,0.082532115,0.4331601,0.06506648,0.30132648,0.0794095,0.6083992,0.14973411,0.5374805,0.1525962,0.642384,0.3186252,0.52816784,0.30682227,0.48024824,0.47183913,0.33752444,0.4159704,0.67348593,0.4342754,0.61973155,0.43225563,0.6665246,0.65842706,0.7018612,0.6523875,0.77725667,0.87859076,0.74688417,0.87830466,0
0.26918474,0.12268883,0.27582726,0.10077863,0.2479276,0.10312729,0.45301285,0.0681171,0.4508334,0.07530401,0.6543104,0.13630411,0.6317827,0.13391896,0.6937753,0.28928632,0.61897045,0.28621766,0.51434255,0.3944225,0.33440062,0.37573916,0.6735928,0.40387738,0.6704282,0.39891356,0.67936623,0.6020611,0.71433663,0.59578145,0.73245144,0.8532248,0.74004084,0.85156864,0
0.28779736,0.11807137,0.28729358,0.09529563,0.25375095,0.10274762,0.42943192,0.06339217,0.41689605,0.08136538,0.6264376,0.13134134,0.64610445,0.13879164,0.6433711,0.28992197,0.5859031,0.28357998,0.56288457,0.42677215,0.34096137,0.34694558,0.68709475,0.41501835,0.7060449,0.41350877,0.6926678,0.6275875,0.73888266,0.6207214,0.7797143,0.86611426,0.78708786,0.8561251,0
0.2873203,0.11765494,0.28793004,0.09526267,0.25631508,0.1016248,0.4321366,0.0634069,0.42661905,0.078959994,0.6201368,0.1321513,0.64997494,0.13726898,0.62528986,0.2933164,0.581374,0.28419277,0.5175817,0.4176036,0.32958895,0.3388551,0.68963903,0.4188543,0.714658,0.4166628,0.695473,0.6300676,0.7399096,0.6226,0.7781335,0.8677354,0.78559095,0.8564745,0
0.28058186,0.11994094,0.28621638,0.09899432,0.26153657,0.10103065,0.4458944,0.07007184,0.46532723,0.076007076,0.6363837,0.13816579,0.6492581,0.13550222,0.6691981,0.2951561,0.61342657,0.2917773,0.53673095,0.41735858,0.32559878,0.38673976,0.7015812,0.423846,0.7195825,0.4196617,0.6914003,0.6391004,0.73424196,0.63443464,0.76654214,0.87154174,0.7804601,0.8681854,0
0.28297305,0.121226326,0.28329238,0.10026223,0.25881946,0.105562724,0.42932865,0.070654936,0.44612035,0.08397023,0.6316581,0.13121055,0.6395183,0.13659447,0.6199465,0.27563238,0.6135402,0.2858649,0.47961888,0.40026835,0.46880376,0.4082605,0.70018756,0.42427838,0.7054316,0.4225995,0.68371767,0.654288,0.72212166,0.6544287,0.7892458,0.8976044,0.7859311,0.88949096,0
0.29340434,0.12652642,0.288813,0.104547784,0.2623453,0.11062516,0.42975733,0.07124729,0.44869196,0.086523056,0.6466342,0.13549234,0.66162133,0.14046484,0.60784453,0.28625613,0.6064263,0.2964583,0.43855333,0.4045537,0.3994913,0.4071479,0.70517623,0.42446098,0.71581745,0.4213949,0.70292515,0.6377636,0.7290822,0.6333178,0.7784165,0.8758,0.78344095,0.86629725,0
0.27730727,0.1255032,0.2794871,0.10362371,0.24496865,0.108446635,0.43468434,0.07072167,0.4252306,0.08350792,0.6423099,0.13606015,0.63537663,0.14062446,0.6303391,0.2809345,0.6070207,0.28939903,0.510688,0.42084217,0.41072068,0.41435248,0.7163741,0.40643105,0.7158136,0.4041849,0.712566,0.5969274,0.7401748,0.59499615,0.7696644,0.8733066,0.776837,0.86598617,0
0.27627632,0.12611558,0.27705523,0.10354725,0.2441726,0.108741686,0.432779,0.06700203,0.41573888,0.08084869,0.6515235,0.13270873,0.6534077,0.13902959,0.63916737,0.28901735,0.5873366,0.29062125,0.4025943,0.39461353,0.24417743,0.33733705,0.709056,0.4003048,0.71866745,0.39742398,0.7159366,0.5886141,0.7400829,0.581675,0.79359776,0.8835749,0.7980331,0.8749537,0
0.27824414,0.12589154,0.27979112,0.10352659,0.24601237,0.1085186,0.4343971,0.066873215,0.41467816,0.08030643,0.6482575,0.13290347,0.64824104,0.138875,0.65352327,0.29256648,0.58075386,0.2905077,0.5114212,0.42180145,0.2601876,0.34189567,0.7080848,0.40433046,0.71724755,0.40193158,0.7178139,0.5998709,0.7383811,0.5934144,0.79229116,0.88503027,0.7964061,0.8762638,0
0.2994093,0.11365356,0.30156055,0.09181726,0.26593754,0.09873485,0.44057608,0.06314279,0.42572474,0.079992436,0.6499488,0.12616655,0.6435621,0.13421854,0.597772,0.2634225,0.6036629,0.28695205,0.33631894,0.32231936,0.396133,0.3745277,0.7091004,0.40634337,0.7019144,0.4044543,0.6996445,0.61737627,0.73738545,0.6161641,0.79584163,0.87921816,0.80655164,0.87550366,0
0.26733226,0.11592865,0.26971704,0.0952743,0.24184199,0.09916648,0.41321346,0.06715376,0.42125267,0.077640675,0.6344284,0.13419561,0.6152982,0.13735454,0.63007915,0.2778957,0.60058427,0.2883751,0.45242444,0.3944918,0.40928233,0.40756527,0.71465594,0.4087838,0.6981856,0.40743214,0.73439217,0.6136736,0.73809266,0.6172104,0.8235517,0.87619257,0.8208096,0.87418836,0
0.28608027,0.11524586,0.2905691,0.09369597,0.26265454,0.09856486,0.44642654,0.065112874,0.4399782,0.07691738,0.6410829,0.13664047,0.6269079,0.14167045,0.63723254,0.28320792,0.5766091,0.28594515,0.46090803,0.38451403,0.3283656,0.3454733,0.7328108,0.40586516,0.72146404,0.4044751,0.7455875,0.60559684,0.75588614,0.6025151,0.82394177,0.88280386,0.81868386,0.87856555,0
0.28802016,0.118734755,0.29024145,0.09807426,0.26913232,0.10240878,0.43792507,0.07049341,0.45728785,0.08063506,0.64887273,0.13422932,0.67583084,0.13843144,0.78171885,0.2513272,0.81257147,0.25734907,0.56036574,0.39088747,0.54146713,0.37444142,0.7353857,0.40859622,0.7412666,0.40599796,0.7362176,0.62708324,0.7585154,0.62560266,0.84018195,0.8901116,0.8277569,0.88248837,0
0.28530475,0.10235287,0.30414,0.082545966,0.26546434,0.08716609,0.45121208,0.06814858,0.3986082,0.078423046,0.6313831,0.14070863,0.58729905,0.14379491,0.6167375,0.2784963,0.58278984,0.2789786,0.4281931,0.3474265,0.39332137,0.33040082,0.704685,0.4041992,0.6695469,0.40288544,0.7099773,0.6044398,0.73983115,0.60179776,0.7862671,0.88610077,0.7931023,0.88025814,0
0.2891606,0.107089944,0.3044144,0.0873874,0.2683975,0.09129505,0.44535923,0.0697031,0.40975243,0.07866921,0.6284748,0.14219241,0.5812276,0.14321336,0.61735344,0.28666416,0.57655936,0.28416842,0.4872591,0.400579,0.4174163,0.36469227,0.7054855,0.40461498,0.670365,0.40297496,0.7146597,0.6032724,0.73778784,0.6003656,0.78643984,0.88240814,0.7917086,0.8775431,0
0.27842316,0.11148684,0.28958714,0.09124458,0.25405347,0.09654171,0.444919,0.0736854,0.4303782,0.08476324,0.6279533,0.14526318,0.6293264,0.14692026,0.59017473,0.28911743,0.5742038,0.2950936,0.4014289,0.4025703,0.3466731,0.39952317,0.72238463,0.42256358,0.7142323,0.41933638,0.7233838,0.6500718,0.75316894,0.6420188,0.81739223,0.89008605,0.8144707,0.8795203,0
0.29033872,0.12742053,0.29789847,0.106776506,0.2648969,0.11228714,0.4466295,0.08286448,0.4236894,0.095705464,0.63044786,0.15080862,0.6260477,0.15487033,0.60579455,0.29452267,0.56570077,0.28865287,0.44372123,0.3894282,0.3661613,0.32329857,0.71610695,0.42448273,0.70789206,0.42277426,0.732481,0.6454603,0.7513689,0.63730586,0.82166696,0.8897343,0.8328019,0.87590224,0
0.30552107,0.11336636,0.3147803,0.09396455,0.29556218,0.096340224,0.45335108,0.073972605,0.46839368,0.07983343,0.60892415,0.14533581,0.64037454,0.1462448,0.59343296,0.29784137,0.56483185,0.2926213,0.47240764,0.4039158,0.3138255,0.3268065,0.6934311,0.41233635,0.71587604,0.41097444,0.7323896,0.61276984,0.7544121,0.6084912,0.8085717,0.88550586,0.82711077,0.8749723,0
0.30559358,0.11842402,0.31425554,0.09848444,0.2920395,0.101301715,0.46538362,0.07546711,0.47180602,0.0828959,0.6389869,0.14222495,0.6678399,0.14467853,0.59206814,0.2845237,0.5910279,0.291792,0.34333274,0.34595844,0.3358266,0.31755748,0.7064029,0.42479968,0.722885,0.42126864,0.7134547,0.6491928,0.7343873,0.6396299,0.8182125,0.8988659,0.8379692,0.87883365,0
0.30599555,0.10969271,0.32067412,0.090441816,0.29199746,0.0935306,0.46387866,0.07473263,0.4467776,0.08179204,0.6590155,0.14775921,0.63179225,0.1475585,0.59153473,0.28642854,0.56021774,0.29094753,0.25378418,0.30271414,0.28480008,0.3157351,0.7127694,0.42113474,0.6889862,0.4158765,0.7124209,0.6433133,0.7310641,0.63393897,0.82968247,0.89852804,0.8359101,0.8706472,0
0.31220305,0.118883744,0.31742498,0.09868054,0.2928299,0.10283579,0.45358658,0.0749967,0.45730236,0.085176796,0.6446978,0.14275436,0.65839106,0.14412197,0.57115495,0.28785008,0.5754055,0.2919792,0.22807519,0.31418058,0.28718802,0.3162736,0.7128227,0.41721636,0.7187519,0.41271704,0.7027828,0.62631077,0.7324211,0.61917615,0.82626045,0.89350533,0.83754694,0.8726871,0
0.29386848,0.11522127,0.30102557,0.09352351,0.2818299,0.09874812,0.44089922,0.07389346,0.44586807,0.08559734,0.65522677,0.14765835,0.64226514,0.15067445,0.60546386,0.29487708,0.5848972,0.29589713,0.2509219,0.31502175,0.29120153,0.31531802,0.7032961,0.40938437,0.690841,0.4046933,0.6702258,0.6135529,0.71728486,0.6078332,0.82171744,0.8892824,0.83212686,0.8646105,0
0.28049517,0.12499817,0.28077078,0.10280116,0.27070862,0.10818131,0.42570326,0.07942724,0.4655188,0.09134779,0.64339304,0.15019213,0.67011994,0.15287945,0.58545536,0.29277298,0.5842676,0.2982997,0.20034137,0.30239204,0.24567136,0.31279147,0.6968725,0.40787336,0.7081303,0.4035067,0.66063243,0.61582893,0.71200556,0.6156039,0.8256766,0.8959128,0.8263948,0.8862008,0
0.27964288,0.12761879,0.28308186,0.10521426,0.2673155,0.11036141,0.4368524,0.08020726,0.45928973,0.09221173,0.6466794,0.15130387,0.6760235,0.15551595,0.59636235,0.29731622,0.58467734,0.30463552,0.21965554,0.3100501,0.2512492,0.31380263,0.6941267,0.42373222,0.7093382,0.4189817,0.66407675,0.6517912,0.72038627,0.64512736,0.8359964,0.9054427,0.8375685,0.8823204,0
0.2860981,0.120758355,0.29251012,0.09986588,0.2693638,0.103000924,0.44504428,0.07329783,0.45469734,0.08144107,0.6285796,0.14790826,0.6562193,0.1464963,0.5860637,0.3101486,0.5832411,0.29941761,0.43482885,0.42305523,0.34848237,0.34385297,0.6680018,0.43084174,0.6877353,0.42619488,0.6827884,0.6510624,0.7015786,0.6408544,0.8239321,0.8968095,0.8333394,0.87980175,0
0.2916879,0.1186582,0.2966923,0.09929919,0.2829521,0.10122752,0.4325989,0.077279516,0.47401,0.081776716,0.60827214,0.15020093,0.6587265,0.14490503,0.59593743,0.3140487,0.57805717,0.29324085,0.47099006,0.43568924,0.3299291,0.32465482,0.67252994,0.4238491,0.71121645,0.4181332,0.676938,0.63529927,0.7149452,0.62363166,0.80998904,0.8970243,0.83831835,0.8728532,0
0.28874236,0.115044706,0.29618415,0.095488995,0.279618,0.09764953,0.43708733,0.07502322,0.46180165,0.07988855,0.62049985,0.1510873,0.6437172,0.14565593,0.6334724,0.32254776,0.5576711,0.2952475,0.52309775,0.4605252,0.2814056,0.32214296,0.6758762,0.42534116,0.69715446,0.41922185,0.69341516,0.6374538,0.70792097,0.62372017,0.8123271,0.89980555,0.83864903,0.87231195,0
0.28276697,0.12086098,0.2896245,0.09999189,0.26259094,0.10244002,0.4522171,0.073333114,0.46504033,0.0798696,0.64039403,0.15248999,0.64729476,0.14652003,0.6218506,0.3154355,0.58685446,0.30702016,0.5338908,0.4454823,0.39741892,0.42193788,0.67209125,0.43823215,0.6824585,0.43158126,0.68198955,0.6463916,0.7067151,0.6365811,0.8127422,0.8941261,0.82242984,0.87694234,0
0.2611411,0.11134418,0.2850038,0.08847016,0.25053555,0.09370389,0.46389946,0.075325154,0.41235083,0.08642244,0.64131,0.15953816,0.64562994,0.16510366,0.56539446,0.31190142,0.5665672,0.3171493,0.23572248,0.33653945,0.27240556,0.3114648,0.67697513,0.4620463,0.66962314,0.4588729,0.696627,0.6923441,0.7249329,0.6813607,0.8247733,0.91743857,0.8340177,0.90145475,0
0.26965505,0.1364784,0.26843524,0.11241812,0.2583241,0.11757416,0.4254944,0.08235187,0.46163756,0.09567337,0.64195085,0.16137746,0.6671573,0.16861172,0.60107964,0.3144226,0.5865097,0.32079607,0.28542805,0.35900828,0.28947493,0.314157,0.66649806,0.471286,0.6800318,0.46745864,0.6855639,0.7054289,0.70326936,0.6928471,0.8338379,0.9326419,0.8370559,0.9131205,0
0.25139767,0.13408971,0.25708285,0.11021883,0.23303257,0.1163655,0.41857225,0.082613654,0.41618812,0.09744992,0.6025739,0.16122778,0.6523337,0.16835779,0.5121167,0.30493683,0.5542073,0.3094587,0.17460111,0.35172164,0.2658206,0.31755215,0.6577335,0.463318,0.6843664,0.45963827,0.6738812,0.6919162,0.70249146,0.67778605,0.8143052,0.91739535,0.8187184,0.8959016,0
0.3077941,0.12855753,0.30968127,0.106658354,0.2889067,0.11250445,0.46360093,0.08015818,0.4832619,0.09333028,0.61980474,0.1602523,0.679471,0.16184753,0.5512014,0.3213751,0.56652135,0.3118722,0.33907163,0.38327897,0.29998896,0.3162336,0.67711127,0.4655401,0.7120666,0.46096542,0.71391976,0.6867696,0.7245757,0.6716065,0.83662456,0.90367925,0.85061777,0.8841232,0
0.30697057,0.12866573,0.30905905,0.10678386,0.28808686,0.11260147,0.46232963,0.08029029,0.4790481,0.09348244,0.62011135,0.16068183,0.6727406,0.16258287,0.55709016,0.32225478,0.5633623,0.31144837,0.3630948,0.39418775,0.3023692,0.31600994,0.6750051,0.4652561,0.70541877,0.4609594,0.71140003,0.68836707,0.7208909,0.67310226,0.84064794,0.90571624,0.853466,0.8866721,0
0.27262712,0.12916808,0.272469,0.107896805,0.2638537,0.113407865,0.4173025,0.08603994,0.46521747,0.097286746,0.57368386,0.1717449,0.6507698,0.17024927,0.55012393,0.34423786,0.5381199,0.3131134,0.4442169,0.50282794,0.29539296,0.32176667,0.645556,0.47541702,0.6917159,0.47043648,0.6869179,0.69894236,0.68134093,0.68400913,0.83398557,0.91929793,0.8271296,0.898111,0
0.7018822,0.2328541,0.7758246,0.21463948,0.6825007,0.1885744,0.8323167,0.19801311,0.596557,0.13872685,0.8485873,0.3371773,0.3810429,0.27413926,0.9015519,0.5768655,0.25828266,0.52435535,0.7952532,0.8080848,0.15043253,0.88183516,0.5788903,0.7393076,0.2809039,0.70743036,0.51623774,0.9663349,0.24919353,0.93001014,0.41508657,0.96829313,0.2284336,0.9774273,0
0.74135476,0.16573267,0.7958367,0.14881925,0.71825224,0.13042474,0.8184886,0.16698352,0.6334924,0.123450466,0.84476763,0.35280633,0.3892432,0.28666937,0.9003081,0.6030279,0.24739976,0.5115231,0.7888636,0.8224663,0.16654341,0.8806597,0.57168096,0.75750244,0.28304493,0.7247275,0.52816635,0.96416646,0.26681724,0.9259243,0.41596466,0.95085377,0.25304344,0.95134604,0
0.7313204,0.17294455,0.78991455,0.15470624,0.70932573,0.13467559,0.81992495,0.16575451,0.6249915,0.1186901,0.84665424,0.34743533,0.38792157,0.28377572,0.9035083,0.5963995,0.25367072,0.5182058,0.78575516,0.8187918,0.1735016,0.87886417,0.58320814,0.7324555,0.2904445,0.7010281,0.5663374,0.95200646,0.27647954,0.9149475,0.45881832,0.94936824,0.2543919,0.95149326,0
0.7140464,0.19553198,0.7673241,0.17282677,0.67957574,0.15940894,0.8055717,0.16442116,0.58680314,0.1311273,0.8395655,0.3360033,0.40348393,0.2669176,0.89705586,0.5863205,0.308434,0.36014938,0.7787963,0.8019801,0.40279004,0.16254807,0.5806743,0.7548071,0.30307332,0.7249188,0.4967292,0.96679604,0.27638993,0.9359761,0.42288256,0.952345,0.29081842,0.9536232,0
0.7137435,0.19791423,0.7752645,0.17650355,0.6825484,0.15948571,0.81899744,0.17182784,0.58907574,0.13090344,0.8523816,0.3492001,0.37667453,0.2807578,0.89789367,0.61238,0.24439886,0.47811753,0.8023989,0.8111396,0.15377489,0.7431666,0.5835222,0.7830164,0.2850673,0.75001514,0.5087023,0.9807442,0.25847402,0.9459137,0.42969036,0.95151246,0.2753488,0.94965595,0
0.5258007,0.082259186,0.5825633,0.056708816,0.4885378,0.05589705,0.68432343,0.033822726,0.43969086,0.026262857,0.82678413,0.2032599,0.36524633,0.17088543,0.8942337,0.57793957,0.35447124,0.4148856,0.78184956,0.7977066,0.4331133,0.15131083,0.5902389,0.7216608,0.2939923,0.6989079,0.5108506,0.9715125,0.24682608,0.9461061,0.4311316,0.9735911,0.27046898,0.96387726,0
0.7251965,0.15466286,0.77945447,0.13774468,0.69218624,0.12227388,0.80925864,0.16052075,0.60019845,0.12344952,0.8442257,0.3492483,0.39986327,0.28008077,0.89827734,0.5966427,0.2758857,0.38696238,0.7711852,0.7984343,0.32027003,0.25853276,0.58390844,0.77704567,0.2981028,0.74735534,0.5084907,0.99367124,0.28050974,0.9621039,0.4563195,0.954876,0.3274221,0.95131886,0
0.71074885,0.22618711,0.77722496,0.20244548,0.68028057,0.18280363,0.8206377,0.17794709,0.5722849,0.12975654,0.84285134,0.33737496,0.36684787,0.26398075,0.9010777,0.5855232,0.25664735,0.43750814,0.7772629,0.8213982,0.18954684,0.67374533,0.5788004,0.75824803,0.28129154,0.7248577,0.5151967,0.954659,0.26188004,0.9180244,0.4340161,0.9522684,0.27841032,0.9508627,0
0.7113183,0.2246527,0.7773947,0.19993058,0.67870164,0.18099384,0.8205137,0.17509861,0.566612,0.12830229,0.84409034,0.33359256,0.3651307,0.25995946,0.9043489,0.57607126,0.25781542,0.4346735,0.7774289,0.8218879,0.1877685,0.7243824,0.5838266,0.73026675,0.2847987,0.69610846,0.5302589,0.940697,0.26182145,0.9034389,0.45416993,0.95706296,0.27628717,0.9539231,0
0.4084134,0.068417594,0.47924206,0.04250412,0.38726816,0.038234375,0.65598696,0.026280262,0.4056438,0.011991978,0.83283585,0.21459423,0.3441334,0.17327842,0.9014819,0.56649834,0.28255314,0.40492773,0.7671838,0.8032101,0.26426032,0.38610014,0.5795098,0.7265916,0.26782176,0.6962847,0.4950764,0.99665487,0.23014633,0.96474904,0.4225943,0.9729796,0.28581595,0.960727,0
0.7055578,0.23932904,0.7671227,0.21409641,0.6778958,0.1973092,0.80554813,0.17942333,0.5718803,0.13810375,0.8377158,0.31662548,0.34587705,0.268625,0.8890029,0.5934995,0.23670483,0.55221134,0.782896,0.8261762,0.1672474,0.9065255,0.57953966,0.72533244,0.26926592,0.69969875,0.53151286,0.96015954,0.2546343,0.9251708,0.44745487,0.9633293,0.25843778,0.9672901,0
0.47887197,0.06148424,0.5574217,0.040813252,0.4644131,0.031920053,0.7071995,0.07518015,0.46361282,0.050616834,0.8177895,0.29446936,0.36114913,0.27175412,0.8684204,0.6007197,0.22003777,0.60118705,0.7605236,0.82967603,0.14607318,0.9133024,0.55654967,0.84416634,0.2710028,0.82113785,0.4578552,1.0,0.26362607,0.9711988,0.39512005,0.93202287,0.31945363,0.92281705,0
0.69887745,0.23674583,0.7709627,0.21884558,0.67705625,0.19639283,0.83780825,0.19763699,0.5955957,0.14700915,0.86360914,0.3294307,0.36089185,0.27715063,0.89483404,0.580185,0.2075101,0.5396352,0.7849367,0.7982925,0.14012304,0.81335145,0.5727638,0.80229795,0.25360614,0.77415466,0.488455,1.0,0.24457885,0.96994,0.4207674,0.90934837,0.28213695,0.9164821,0
0.6995675,0.2528915,0.77184397,0.23094045,0.67340094,0.20925461,0.82971954,0.200994,0.57457334,0.15042634,0.85736513,0.33898962,0.3409668,0.28499034,0.87585664,0.6029233,0.20425919,0.5601256,0.7583827,0.8069689,0.15446979,0.8412381,0.5588735,0.8115442,0.23140866,0.78316915,0.47600332,1.0,0.23598944,0.9689818,0.391967,0.908902,0.26625654,0.91543156,0
0.7010806,0.25169262,0.7718407,0.22933777,0.6725769,0.2094494,0.8301924,0.19961944,0.5739025,0.15299498,0.85906386,0.3357944,0.34373716,0.28483722,0.88204646,0.59682935,0.19830148,0.5565778,0.7631733,0.80812895,0.1381664,0.85025316,0.5546779,0.80633825,0.23044628,0.7786197,0.47010335,0.9962517,0.23676611,0.96326566,0.3820278,0.91161793,0.2669568,0.91667503,0
0.70208955,0.25811788,0.77307993,0.23631993,0.67468613,0.21454461,0.82757777,0.20518835,0.57100046,0.15514937,0.85003424,0.3385649,0.32868755,0.29353136,0.88310283,0.6117615,0.18594103,0.58507746,0.795453,0.8400474,0.15847065,0.92662305,0.6102923,0.8334961,0.27788106,0.81431866,0.55444175,1.0,0.287967,0.9930005,0.48513582,0.92729694,0.32227886,0.9439446,0
0.7072457,0.25827754,0.7771775,0.23692082,0.6778177,0.2164564,0.8293916,0.2076559,0.5715561,0.16012278,0.85547733,0.3398562,0.33391514,0.2942826,0.87266284,0.60178643,0.18790051,0.57264215,0.8089604,0.8076919,0.1535431,0.8856126,0.6128062,0.8158149,0.284809,0.79502535,0.5156977,1.0,0.2748629,0.9946608,0.42838386,0.93996435,0.2990041,0.95315975,0
0.706661,0.24042538,0.76929003,0.2167817,0.6643621,0.20544323,0.8129438,0.19555673,0.5418078,0.16690096,0.8479701,0.33156097,0.3239091,0.29797438,0.87272775,0.5945924,0.18020228,0.5633517,0.8153352,0.7905348,0.13708512,0.8114598,0.60046774,0.79506534,0.2702288,0.778078,0.5248085,1.0,0.26663432,0.9916746,0.46643665,0.95083636,0.30363962,0.95601475,0
0.70469296,0.24798161,0.77313966,0.22447786,0.6695362,0.2073141,0.8271909,0.19459361,0.5570829,0.15365523,0.8615564,0.33146194,0.32420284,0.28445905,0.88082236,0.5780619,0.1754554,0.5286433,0.8133277,0.7642305,0.11469691,0.7560971,0.6138649,0.7915628,0.27261215,0.7688043,0.52330124,1.0,0.24656017,0.9905333,0.4565618,0.9403309,0.27736387,0.9493712,0
0.69934094,0.2539514,0.76642317,0.2284002,0.6639509,0.212891,0.81696546,0.19201253,0.54300123,0.1538042,0.8579185,0.33304185,0.31355575,0.29175013,0.8780875,0.58055633,0.17729187,0.538487,0.8069063,0.7599722,0.1090734,0.7794662,0.6170966,0.7817598,0.2781678,0.76140064,0.49980682,0.9993847,0.25118825,0.9805022,0.41112244,0.9499309,0.27125713,0.9546397,0
0.69960696,0.25450382,0.766008,0.22943212,0.6639041,0.21455006,0.815445,0.19550504,0.5438083,0.15850124,0.85846263,0.33374345,0.31530097,0.29326582,0.88085043,0.5797186,0.17480433,0.53728014,0.80393666,0.76422864,0.11238806,0.77368647,0.61412066,0.778035,0.27822912,0.7576805,0.48363996,1.0,0.24936953,0.98182005,0.38741946,0.954054,0.26731408,0.95840985,0
0.69732016,0.25156146,0.7609705,0.22671819,0.6584234,0.21365929,0.81616,0.1938636,0.5468785,0.16225886,0.8629875,0.32702464,0.31765366,0.28999862,0.8811729,0.57825154,0.16909835,0.5352723,0.8071646,0.764051,0.11894767,0.7508033,0.62803566,0.76465803,0.28621644,0.74604076,0.5284079,1.0,0.24679469,0.99793583,0.45959985,1.0,0.26535335,1.0,0
0.7063844,0.24070127,0.775056,0.21589167,0.66983503,0.19874345,0.8309254,0.18071719,0.55851704,0.14144026,0.86783063,0.31440434,0.31292573,0.27852416,0.886125,0.58028555,0.17885706,0.5556606,0.83287525,0.76499206,0.12278072,0.8051992,0.6494334,0.79106414,0.29391527,0.7754588,0.5950534,1.0,0.2769593,1.0,0.55434036,0.97384506,0.30707976,0.9866591,0
0.7088496,0.2400267,0.7751239,0.21518084,0.6636258,0.20386785,0.83547384,0.19050045,0.54921955,0.16372566,0.87061095,0.32736292,0.31685933,0.29872596,0.868739,0.57788175,0.16621828,0.55377907,0.8183733,0.74327767,0.108979166,0.77657807,0.6333839,0.7906777,0.28131598,0.77634674,0.54844606,1.0,0.25586894,1.0,0.49082598,0.97078425,0.29056638,0.979401,0
0.7395473,0.24202153,0.80399776,0.21481316,0.69627357,0.2022122,0.8514299,0.17475156,0.5616531,0.14307456,0.8832703,0.3063667,0.29749677,0.2695975,0.8885973,0.55210656,0.19678134,0.5230507,0.8283708,0.74459976,0.38963708,0.7378844,0.6442418,0.75045097,0.26846465,0.73498607,0.5751553,1.0,0.24491033,0.9980429,0.52503663,1.0,0.27691227,1.0,0
0.68980473,0.24696167,0.7619871,0.22187378,0.65081936,0.2057873,0.8309543,0.18660927,0.5428732,0.14976811,0.87175125,0.3188495,0.3013416,0.28516275,0.8770666,0.57032835,0.1712533,0.55131733,0.81693053,0.74364907,0.12812887,0.7875846,0.6262746,0.7803139,0.26575485,0.76269203,0.52048814,1.0,0.2254874,0.9980656,0.4516311,0.9818636,0.25542447,0.99057925,0
0.69119406,0.24598508,0.7623957,0.22080417,0.6513577,0.20544283,0.82962126,0.18602167,0.54241616,0.15053721,0.87261015,0.3201872,0.3019739,0.28474912,0.87557214,0.5701943,0.17297088,0.54582036,0.81864405,0.74389493,0.16074243,0.7748247,0.6202645,0.77325547,0.26094124,0.75483215,0.51358384,1.0,0.22616911,0.99398667,0.44946834,0.98272705,0.2633003,0.99110585,0
0.70751345,0.25905326,0.77423793,0.23319395,0.669179,0.2193059,0.83028454,0.19331273,0.5496475,0.1612205,0.86690986,0.32244548,0.30135775,0.29882884,0.8809629,0.57353073,0.16231784,0.56839937,0.82906467,0.7654603,0.14653453,0.7853686,0.665342,0.7862206,0.30446362,0.77621764,0.57711345,1.0,0.2708761,1.0,0.51747507,0.9699426,0.29644257,0.98676574,0
0.6838905,0.26609364,0.7620007,0.24316043,0.644855,0.22213712,0.84197825,0.18646985,0.532245,0.14022629,0.8673625,0.3047217,0.30816677,0.280184,0.8870226,0.5677851,0.17274107,0.57553923,0.8356537,0.75664335,0.16375509,0.81196713,0.66681916,0.81201327,0.30846938,0.7998793,0.56932956,1.0,0.26500538,1.0,0.54483277,0.94998586,0.3080578,0.9590603,0
0.7025953,0.25538328,0.77987427,0.22847936,0.6581244,0.21347652,0.8593932,0.18321352,0.5431571,0.14924051,0.87185824,0.30637056,0.299927,0.28547564,0.8796392,0.55052274,0.16126582,0.5552179,0.8364744,0.73357904,0.1309754,0.78594095,0.66154283,0.7870685,0.30315122,0.77684736,0.54080224,1.0,0.24811895,1.0,0.49978125,0.964294,0.2890125,0.9796725,0
0.6915249,0.270926,0.7619292,0.24280609,0.6473265,0.22909865,0.8272759,0.19240741,0.5202296,0.16079298,0.8618526,0.3140445,0.2835116,0.29384688,0.86778957,0.5537538,0.14310007,0.5669017,0.8390833,0.72658765,0.13637534,0.7979038,0.6592695,0.7960571,0.29024068,0.78694564,0.5458278,1.0,0.2395816,1.0,0.47395813,0.9484305,0.259341,0.9693828,0
0.69925445,0.26649788,0.771894,0.23831402,0.65126586,0.22636405,0.84136987,0.19037524,0.5233823,0.16186205,0.8852947,0.31524178,0.28869832,0.29745477,0.8939427,0.5640311,0.16870853,0.5704622,0.80503094,0.777052,0.14733332,0.81997126,0.65639424,0.806042,0.27880692,0.79598886,0.5527203,1.0,0.24406873,1.0,0.5125826,0.94220155,0.29232192,0.9547152,0
0.69553083,0.26728305,0.7695861,0.23890613,0.64733,0.22629645,0.84454244,0.1884903,0.52240306,0.15902267,0.8897133,0.31331265,0.28523707,0.29514527,0.89286387,0.5649648,0.16673994,0.57019347,0.81542844,0.7610978,0.14448777,0.81783295,0.670085,0.79676455,0.28651974,0.78719467,0.5803257,1.0,0.24939093,1.0,0.5430951,0.95389235,0.29198834,0.96493435,0
0.70101213,0.26617116,0.76787406,0.23682667,0.656086,0.22432742,0.8343839,0.17984477,0.5349006,0.15226227,0.8896705,0.3067445,0.29549813,0.29010296,0.9206383,0.56933266,0.15658484,0.5775523,0.85656464,0.78956985,0.17289104,0.8249005,0.6915596,0.8101729,0.31516448,0.8030256,0.5901714,1.0,0.2885794,1.0,0.52639264,0.93302727,0.31984797,0.9596779,0
0.7015712,0.27079207,0.7726496,0.24111678,0.65235615,0.2285754,0.84664226,0.18630604,0.5298676,0.15863648,0.90243256,0.31309316,0.29396546,0.29307893,0.92155087,0.5886325,0.1638056,0.57933515,0.8417669,0.83775663,0.16897297,0.82713604,0.70275486,0.80556375,0.31397343,0.79629827,0.6090312,1.0,0.26657465,1.0,0.57086134,0.96030354,0.310991,0.976935,0
0.6951866,0.27100638,0.7604444,0.24082473,0.64898235,0.22990376,0.82283473,0.1838624,0.52408695,0.15911822,0.8767332,0.30994493,0.28912202,0.29650396,0.901444,0.5599487,0.16009144,0.57542074,0.83374155,0.74484825,0.15454118,0.80963933,0.6716065,0.78611225,0.30425772,0.77874714,0.55696577,1.0,0.27498114,0.995044,0.48929736,0.96716183,0.30633938,0.98467815,0
0.7075607,0.27082047,0.7747596,0.24209075,0.66314125,0.22945343,0.83999056,0.18609418,0.54335654,0.15817131,0.8881472,0.31203803,0.29543692,0.2935632,0.915472,0.5877268,0.15773946,0.58200765,0.86747444,0.8398525,0.16547456,0.8392542,0.6871923,0.79909486,0.31445378,0.791142,0.5843427,0.9997593,0.2736346,0.9997893,0.5355675,0.98564315,0.31099182,0.99956083,0
0.69975585,0.27517673,0.76932275,0.24706765,0.6553693,0.23378885,0.8361729,0.1942265,0.5324282,0.16351472,0.88093334,0.31977057,0.29421917,0.29484937,0.9085066,0.5966657,0.16975835,0.577258,0.8785288,0.89215434,0.1483517,0.8439045,0.6775721,0.8057774,0.3088447,0.7938771,0.5482685,1.0,0.25111583,1.0,0.49250388,0.98279786,0.2873598,0.9953841,0
0.72018206,0.2584018,0.78512126,0.22899628,0.6748206,0.2193464,0.8410654,0.18294063,0.5456674,0.15969487,0.8871031,0.31464747,0.29896194,0.30018038,0.9092871,0.5745197,0.15214127,0.57821584,0.8671851,0.8156654,0.13280222,0.82146597,0.6689156,0.7921801,0.29909316,0.78344715,0.5259166,1.0,0.22986951,0.9986779,0.4534419,0.9791126,0.2505558,0.9895022,0
0.70363057,0.26926443,0.7674511,0.23830186,0.6564418,0.22922096,0.82837844,0.17887005,0.527742,0.15709409,0.88349134,0.31131887,0.29096773,0.2903887,0.9105319,0.59227896,0.1472751,0.56786317,0.8869754,0.88288546,0.14245494,0.8241882,0.68406993,0.80750006,0.306698,0.79774517,0.5701642,1.0,0.23992978,1.0,0.5317585,0.96226996,0.27634296,0.98221827,0
0.6994144,0.26243594,0.76444817,0.23243868,0.6599249,0.22012103,0.8239219,0.17618197,0.5395792,0.14844064,0.8775616,0.31009537,0.28974372,0.29685387,0.9045082,0.57792574,0.15744546,0.5896658,0.8646785,0.8245466,0.15403892,0.85466725,0.6744265,0.8131596,0.30907592,0.8065422,0.54691106,1.0,0.2765437,1.0,0.47300503,0.96937275,0.31790322,0.98178685,0
0.6986325,0.26828423,0.7655579,0.23769204,0.6571159,0.22566861,0.8255063,0.18092756,0.5299998,0.15316285,0.8688493,0.31643412,0.279114,0.3047223,0.8862732,0.5822109,0.14835799,0.60002446,0.85653126,0.7987438,0.15417361,0.85603434,0.68325305,0.8192169,0.3124091,0.8149152,0.57595384,1.0,0.29052612,1.0,0.51245785,0.9599222,0.32506624,0.9753474,0
0.6963307,0.2639509,0.7604616,0.23184933,0.64681464,0.22382124,0.82847774,0.16997842,0.5207876,0.15105261,0.87439823,0.2992482,0.28366196,0.29323468,0.8631043,0.54924095,0.1574147,0.5744209,0.82553864,0.733531,0.18078387,0.8348459,0.6810123,0.78556675,0.308617,0.7822487,0.5870768,1.0,0.275584,0.99754655,0.53129566,0.9671845,0.30401272,0.97885746,0
0.6732591,0.25779006,0.7391985,0.228694,0.62984616,0.21636115,0.8115108,0.17423901,0.5255918,0.14785329,0.86342245,0.30695796,0.2828594,0.292688,0.87152106,0.5841564,0.1694599,0.5840576,0.83431417,0.87956715,0.19637315,0.88192195,0.68636197,0.8058754,0.3183888,0.80019873,0.6151252,1.0,0.2819347,1.0,0.6015984,0.97799367,0.34116584,0.9909121,0
0.67457443,0.2596567,0.74130315,0.23051907,0.63054097,0.2184077,0.8132459,0.17430644,0.5210467,0.14783768,0.86258256,0.30190906,0.28392425,0.2886118,0.8690224,0.5688394,0.17109683,0.57541645,0.84027183,0.8315712,0.18620212,0.8612705,0.6788294,0.7930569,0.31281927,0.7873661,0.59638816,1.0,0.27041662,1.0,0.57487667,0.9733336,0.3220886,0.9853579,0
0.68680406,0.26674607,0.75425327,0.23488729,0.6403573,0.22467498,0.822927,0.17382827,0.5177365,0.15020528,0.87370986,0.30257648,0.28273177,0.2962698,0.9011002,0.5592103,0.14787866,0.58739763,0.864148,0.7609452,0.20455961,0.8378239,0.69598854,0.79196566,0.3276027,0.788886,0.5655506,1.0,0.28030506,1.0,0.50940025,0.97559845,0.3185902,0.9938016,0
0.69398683,0.2573802,0.7592974,0.22968435,0.6503,0.21600002,0.8281717,0.16859302,0.5358078,0.13977765,0.87875134,0.29827458,0.29431647,0.2914546,0.91303307,0.56591976,0.14654198,0.59502006,0.8510606,0.78873885,0.20692681,0.86055106,0.7063552,0.8167708,0.33438888,0.8125653,0.59327555,1.0,0.2989456,1.0,0.50607705,0.9556811,0.30996758,0.9764993,0
0.6873828,0.26937237,0.7537013,0.2418005,0.64731866,0.22658522,0.8207727,0.17701748,0.5302922,0.14440072,0.87188613,0.3051152,0.2878303,0.2953943,0.9134876,0.5759444,0.14809819,0.59737664,0.8565266,0.81723356,0.18870397,0.8616233,0.6996834,0.82751805,0.32818174,0.8223026,0.5885198,1.0,0.28699923,1.0,0.509804,0.95590854,0.30281955,0.97160876,0
0.7009012,0.26479307,0.762773,0.23449066,0.6525809,0.22699933,0.8222285,0.18212871,0.52751565,0.1644998,0.8726719,0.30475873,0.28083247,0.30536342,0.8972639,0.54882544,0.15224458,0.5921554,0.8719015,0.73667485,0.1835836,0.845431,0.6892882,0.79807675,0.3166262,0.7976591,0.5786279,1.0,0.28653413,1.0,0.53103983,0.9545691,0.3412456,0.96837854,0
0.70377,0.26679674,0.7688356,0.23341298,0.6506133,0.22710367,0.83383375,0.17207627,0.5130314,0.15599751,0.8720671,0.2968755,0.2844765,0.29794014,0.872663,0.53469354,0.16130406,0.57739246,0.8463198,0.70200276,0.14134605,0.83419,0.690087,0.7702739,0.32386243,0.7695508,0.59110737,0.9944889,0.2891279,0.9910586,0.5308926,0.986721,0.31991202,0.9910328,0
0.70385617,0.26614124,0.76888204,0.2327559,0.65042347,0.2264615,0.83500177,0.17133336,0.5137509,0.15546092,0.87253946,0.29529294,0.28501955,0.29688847,0.87045497,0.5312347,0.16305266,0.57616943,0.842258,0.6989984,0.13865624,0.8339657,0.6864301,0.766138,0.3204479,0.7649333,0.58069557,0.9903412,0.27725643,0.9855354,0.51779974,0.9872076,0.30723146,0.9899853,0
0.7138026,0.27688506,0.77604526,0.24153586,0.6613602,0.23741588,0.8314153,0.17420578,0.5121157,0.16115609,0.85526735,0.29698095,0.2737481,0.30075896,0.85895264,0.5358552,0.1553461,0.58406043,0.8458059,0.6977264,0.15000886,0.8305332,0.6661396,0.7721703,0.30055985,0.77178466,0.56057656,0.99745107,0.24594219,0.9911741,0.49677873,0.9815875,0.27227682,0.9804567,0
0.73696595,0.27304262,0.79280925,0.23751144,0.6860439,0.23664486,0.8353102,0.1713799,0.5294557,0.16509853,0.8558564,0.2925633,0.2806059,0.30041933,0.86829615,0.5349433,0.14691491,0.5797541,0.88036424,0.71030617,0.1423448,0.8288327,0.68801713,0.7887411,0.32167345,0.7925112,0.5928779,0.9942392,0.2738635,0.99625105,0.530451,0.96801454,0.2997022,0.9725021,0
0.755461,0.27911863,0.80276906,0.24294017,0.7043941,0.24596874,0.82753384,0.17920032,0.5334972,0.17959447,0.84976554,0.29829007,0.27464655,0.3119544,0.867082,0.53340787,0.14108464,0.585133,0.8568526,0.7131134,0.123320855,0.82179755,0.7043428,0.76867056,0.33572677,0.77514815,0.6223365,0.9949313,0.2899019,0.99650913,0.5487381,0.9955274,0.29259747,1.0,0
0.77217066,0.28169292,0.81574845,0.24554569,0.71907604,0.25006014,0.83294857,0.1855029,0.5432965,0.18892446,0.8546108,0.30421397,0.28104782,0.31677523,0.86419755,0.5375102,0.12467975,0.586277,0.8553581,0.70879936,0.13052946,0.8285549,0.6903611,0.7756416,0.3232413,0.78122306,0.5946924,1.0,0.27368835,1.0,0.52126473,0.99246436,0.2869723,0.99847656,0
0.7893136,0.2825581,0.83577675,0.24651666,0.7360861,0.25125426,0.8491425,0.18551321,0.5536084,0.18873233,0.8663711,0.30414626,0.27777216,0.31913507,0.85544693,0.5526251,0.13181944,0.5945643,0.83360183,0.7561128,0.1392265,0.85668135,0.7067117,0.77893066,0.3309743,0.7867975,0.6205215,1.0,0.29714116,1.0,0.55893683,0.991208,0.31751186,0.9958737,0
0.7793321,0.28215072,0.8200403,0.24774362,0.7297923,0.25141338,0.8282765,0.19321717,0.5570682,0.19498901,0.84854174,0.30921796,0.28660783,0.3204591,0.85126656,0.54337966,0.12919071,0.58880806,0.84891176,0.7280818,0.14321162,0.8365871,0.68663746,0.7774766,0.3246126,0.78339195,0.6002589,0.9954229,0.28026366,0.99851876,0.52858996,0.98250884,0.29099268,0.9901882,0
0.80426544,0.28659636,0.8441506,0.24979462,0.75192064,0.2537768,0.8402454,0.18980484,0.56732935,0.19205432,0.84904873,0.31395915,0.27695376,0.32270902,0.86541384,0.57035327,0.122012936,0.60138404,0.88047814,0.8137985,0.15510856,0.8458864,0.711187,0.8187328,0.333252,0.82708454,0.65706843,1.0,0.3069417,1.0,0.59555876,0.93714976,0.32214797,0.95969754,0
0.805243,0.28066579,0.85048246,0.24481374,0.75231487,0.24860774,0.85284233,0.18850659,0.56054837,0.18932839,0.8626177,0.30779627,0.26567787,0.31955796,0.8647533,0.5485323,0.11110724,0.58733195,0.82786417,0.7631079,0.13002498,0.83170164,0.7026565,0.7970792,0.3181862,0.80471987,0.61108965,1.0,0.28811318,1.0,0.5594919,0.9586227,0.32640922,0.970206,0
0.8149249,0.28622863,0.8502818,0.2482364,0.75295514,0.2572796,0.85099465,0.19124837,0.563676,0.20504002,0.8697445,0.3088379,0.2773134,0.32772902,0.8876431,0.535267,0.1135276,0.5865421,0.8779547,0.7250729,0.14505486,0.8111631,0.7212987,0.78946674,0.33185494,0.7998753,0.6383102,0.9984648,0.29725602,1.0,0.56995136,0.9295081,0.32555458,0.96025425,0
0.8372515,0.28476906,0.8704864,0.24634363,0.77731377,0.25510702,0.85566854,0.18642302,0.57920194,0.1993454,0.8680584,0.30518743,0.28526458,0.32268766,0.89065915,0.55014807,0.12061139,0.59584945,0.88459754,0.74642026,0.15310153,0.8332649,0.7201984,0.7942774,0.33975238,0.8044892,0.61964196,0.9992507,0.30022663,1.0,0.5379653,0.93717057,0.3262342,0.96435344,0
0.8332131,0.27693695,0.86922437,0.24323831,0.7857381,0.2504552,0.8425476,0.18834898,0.5871578,0.19567798,0.8542002,0.2936684,0.2984851,0.31318808,0.8888401,0.5351989,0.13754015,0.5899057,0.8688503,0.7791003,0.16129771,0.85394645,0.70424867,0.7765265,0.3391764,0.78735924,0.6448365,1.0,0.3234674,1.0,0.5409042,0.97148204,0.33108026,0.9894489,0
0.8394147,0.27690014,0.877057,0.24338004,0.7906459,0.2498145,0.8538482,0.18878168,0.5956372,0.19474804,0.8496072,0.2959382,0.30431744,0.3117225,0.87390006,0.54783905,0.13786662,0.595237,0.87717986,0.788748,0.14781472,0.8446958,0.700837,0.78921497,0.34095564,0.79902405,0.6561708,1.0,0.33652258,1.0,0.5481352,0.96389943,0.34218898,0.98301065,0
0.8629646,0.27353844,0.88693064,0.2395142,0.8107118,0.24747683,0.83778167,0.19170035,0.60748184,0.2041634,0.8619648,0.30550763,0.2938725,0.32706922,0.8696461,0.56253207,0.13849048,0.59417915,0.82666314,0.86326826,0.14149354,0.8834234,0.7094261,0.79168594,0.3373165,0.80377716,0.6516614,0.98804915,0.30307102,0.9980877,0.5977308,0.98679024,0.33616266,0.9983964,0
0.8578307,0.26942837,0.88479847,0.23859668,0.81855375,0.23947719,0.82995725,0.19563837,0.625026,0.19166188,0.84239954,0.3103306,0.3002039,0.3174345,0.8910652,0.5523035,0.14134613,0.5905948,0.8834134,0.75516367,0.13889794,0.8547587,0.6893332,0.7893536,0.3334701,0.79615235,0.6189524,0.9875129,0.29974788,0.99246883,0.54332525,0.9539509,0.321354,0.9670823,0
0.85321796,0.26252782,0.8813193,0.2349608,0.82597613,0.23002692,0.817598,0.19816312,0.6407947,0.18142156,0.8282659,0.31957978,0.29436854,0.31486103,0.8603034,0.5662436,0.12806146,0.59211296,0.8395318,0.7512531,0.1075253,0.85435647,0.66538155,0.7910545,0.31581476,0.7929162,0.58820367,0.9918734,0.2935562,0.9912481,0.5097083,0.9558443,0.31250858,0.9655778,0
0.85863584,0.277477,0.8848758,0.2515776,0.8385964,0.24508445,0.804915,0.21584384,0.65453815,0.19498964,0.78818715,0.32819322,0.3059625,0.31990355,0.83087426,0.5611341,0.14167856,0.5851406,0.8462863,0.7277709,0.15912995,0.8183653,0.6427665,0.78865623,0.32101727,0.7905469,0.57670367,0.9926087,0.28548127,0.9926507,0.4938103,0.9682708,0.27382246,0.98063606,0
0.8530251,0.27322635,0.88062567,0.24623507,0.83463275,0.24008341,0.7921658,0.20622379,0.6480209,0.18616582,0.76337904,0.32153606,0.31164274,0.31524754,0.8112829,0.5609053,0.14363027,0.58325636,0.8300956,0.7401997,0.16136742,0.80054593,0.6078321,0.79977804,0.31373096,0.802877,0.5238163,0.99740714,0.30491054,0.99969584,0.44273165,0.93750453,0.31739125,0.9518397,0
0.8511897,0.27477622,0.878885,0.24849992,0.8361591,0.24126801,0.78497154,0.20951824,0.65125597,0.18755971,0.7485578,0.3215481,0.31256762,0.31865215,0.7999795,0.5607568,0.14329123,0.5948215,0.82581073,0.7428767,0.17736964,0.8127535,0.6028767,0.8002816,0.3199392,0.80526817,0.5093378,0.99671525,0.3128699,1.0,0.4277812,0.93720037,0.32579365,0.9529302,0
0.8730944,0.27117634,0.9032163,0.24519888,0.8479099,0.2392893,0.8462099,0.2104161,0.6793953,0.19284011,0.84821546,0.3249295,0.31986618,0.32084242,0.87334883,0.5459303,0.12813427,0.57281363,0.87850654,0.7335698,0.15757957,0.7921399,0.6461131,0.78087807,0.30602774,0.78199244,0.54830676,0.9955533,0.27718827,0.99605495,0.47381476,0.956221,0.30409738,0.9731194,0
0.86412776,0.26033428,0.8866715,0.2351601,0.84056467,0.22925942,0.80868995,0.19588044,0.6744293,0.18178445,0.8402066,0.3062053,0.3204966,0.30297786,0.8971869,0.55091083,0.14803544,0.5681434,0.8564115,0.75912493,0.16449292,0.8005016,0.63850653,0.79313713,0.287753,0.79150397,0.55821174,1.0,0.25695866,1.0,0.4700642,0.9655962,0.27926216,0.9762073,0
0.88639045,0.25083056,0.9151444,0.2225001,0.8552776,0.2188548,0.8538978,0.18427259,0.6818945,0.17205307,0.8602722,0.29766038,0.3414669,0.2945125,0.8627359,0.53451556,0.15310074,0.5606351,0.81292146,0.7483635,0.15156312,0.8003217,0.626656,0.77783835,0.29026994,0.7762597,0.51179063,0.9956405,0.2502003,0.9907954,0.42149323,0.95552963,0.28017536,0.96561843,0
0.8900645,0.26122397,0.91850156,0.2337955,0.86138177,0.22827582,0.85742146,0.19548102,0.68866175,0.18195282,0.85593015,0.31257018,0.34074804,0.30614135,0.8795997,0.56604224,0.1421663,0.5758026,0.820947,0.77441347,0.16202582,0.80869675,0.6377813,0.7992517,0.29289457,0.7973785,0.5318971,0.9929566,0.2435841,0.9921187,0.44330573,0.9396552,0.26232675,0.965565,0
0.88213944,0.26357898,0.9058121,0.23463869,0.85784316,0.23202614,0.82925034,0.19383259,0.6908601,0.18376613,0.83976233,0.31465384,0.35298795,0.31240776,0.84843594,0.553888,0.16255195,0.5723277,0.78283215,0.7581397,0.14820337,0.7984764,0.60099614,0.79138786,0.28655642,0.78932214,0.47879288,0.99326277,0.2637452,0.9867799,0.3890269,0.9220317,0.29227528,0.9306186,0
0.87962544,0.26458952,0.9043502,0.23585775,0.85773706,0.23209448,0.8254361,0.19503298,0.6905918,0.18231897,0.82971275,0.31678832,0.35116476,0.3129501,0.8389719,0.5570761,0.16421229,0.5731844,0.77968365,0.7612267,0.14853714,0.7990631,0.59525293,0.79250664,0.28624764,0.79046196,0.4760735,0.99408835,0.2680343,0.98792535,0.38643706,0.9248061,0.29541078,0.93301994,0
0.87753487,0.26759323,0.9000903,0.24065706,0.85284907,0.23717046,0.8314655,0.20448253,0.69086564,0.19240437,0.83992773,0.31876135,0.35505444,0.31489396,0.8429551,0.5468311,0.16083296,0.57205266,0.7769425,0.7366103,0.14027303,0.805369,0.61995995,0.77658826,0.30304942,0.7743756,0.5177089,0.9963983,0.26966843,0.98897856,0.43736327,0.94133705,0.2913917,0.95364213,0
0.87742376,0.2741396,0.90325916,0.24782512,0.8630789,0.24039094,0.81716174,0.20783563,0.709801,0.18886876,0.82112306,0.321786,0.35930952,0.31669262,0.8151215,0.56821316,0.17081745,0.58730066,0.7542593,0.7809481,0.15317683,0.83985174,0.62272227,0.80859524,0.31020015,0.8070679,0.5585638,1.0,0.29592824,1.0,0.47410032,0.94129914,0.29844907,0.950205,0
0.891317,0.26900673,0.9123958,0.24206682,0.8662258,0.23948897,0.83580405,0.20758562,0.70443875,0.19916773,0.83232266,0.31629166,0.3745327,0.31845018,0.8275426,0.5536673,0.18213981,0.5824821,0.78834295,0.7550923,0.18837611,0.82845664,0.6023963,0.7853746,0.2995526,0.7852208,0.51400876,0.99182713,0.25728858,0.98623025,0.42207134,0.95597535,0.27141607,0.960634,0
0.88810444,0.27230284,0.9149502,0.24621096,0.87203836,0.23995315,0.83152395,0.20877786,0.7239838,0.19200768,0.8328644,0.32212496,0.3751768,0.3251051,0.85877556,0.55894566,0.18270479,0.6003492,0.86296093,0.7716138,0.17705871,0.86232156,0.60474354,0.81492686,0.30256903,0.8168708,0.553813,1.0,0.2904447,1.0,0.48751816,0.9472564,0.2948798,0.9597019,0
0.88032794,0.2719928,0.9139318,0.2476604,0.8689269,0.23823059,0.83972204,0.20559701,0.73350173,0.18308114,0.80742824,0.31399316,0.38006547,0.30999252,0.79371804,0.5675979,0.18185273,0.5899696,0.7552248,0.79088837,0.18920538,0.85073423,0.5511481,0.82023674,0.273323,0.8185581,0.46461117,0.9975932,0.24690135,0.998052,0.37373215,0.9431382,0.23786263,0.94837624,0
0.8879279,0.27196687,0.9182013,0.24614023,0.87650114,0.23949552,0.8405686,0.2030354,0.739486,0.18631276,0.8190075,0.3142719,0.3885981,0.31477842,0.79465955,0.5693724,0.18592957,0.5925567,0.7509065,0.79857904,0.19359592,0.85628337,0.55410653,0.8157753,0.27184293,0.8147315,0.46802083,0.9923049,0.24882203,0.9898753,0.37455827,0.94536465,0.23699822,0.94894093,0
0.8834373,0.27465934,0.9168042,0.2495326,0.87704986,0.23948032,0.8423167,0.20832895,0.7337537,0.18271825,0.8121227,0.31490162,0.39614975,0.31005263,0.78318447,0.56781536,0.210799,0.6041367,0.7361073,0.7904228,0.190982,0.9202242,0.5520192,0.78028464,0.28286314,0.7773245,0.47078577,0.98142886,0.2846073,0.9667794,0.38239333,0.9501844,0.27637666,0.9578807,0
0.86619854,0.27550238,0.9020806,0.25419682,0.86278385,0.23829368,0.8404938,0.21614224,0.7235657,0.17753763,0.8090246,0.3212099,0.3798946,0.2958547,0.76235664,0.5615554,0.1808054,0.566777,0.7239589,0.7574962,0.14497478,0.84553456,0.5569339,0.76720566,0.27161992,0.75653374,0.4719032,0.993273,0.23871557,0.97831273,0.39953578,0.96206725,0.23468716,0.9624797,0
0.8574837,0.27894378,0.8881837,0.25476187,0.8615951,0.24241152,0.7963738,0.20932542,0.7320703,0.18067327,0.7407817,0.3107802,0.38604635,0.3039747,0.7062095,0.56470776,0.17893969,0.58372325,0.6947273,0.7791134,0.13199,0.87532675,0.51362014,0.79253256,0.2749944,0.7898855,0.41604275,0.98866886,0.24380597,0.9782712,0.30618614,0.9611775,0.19934434,0.96053416,0
0.8724778,0.27617013,0.9099553,0.25247025,0.86959934,0.2383258,0.82716256,0.20709674,0.7283747,0.17424414,0.7880077,0.31779602,0.3858758,0.30317497,0.7516512,0.5962442,0.20039737,0.5989903,0.7049461,0.8153838,0.14628641,0.8940167,0.536487,0.8091974,0.2667761,0.802237,0.45065543,0.9909319,0.26568136,0.97721535,0.35188317,0.975868,0.2396011,0.9718828,0
0.8641293,0.27794263,0.89483595,0.25292316,0.86499965,0.24060448,0.80717707,0.20742388,0.7291394,0.17968124,0.7570003,0.3131922,0.41588768,0.30299404,0.688686,0.5766589,0.19764246,0.5880235,0.62005293,0.82319,0.12723689,0.9065605,0.48478872,0.7720825,0.26174676,0.7659227,0.38902336,0.9710647,0.25334707,0.9590036,0.2720301,0.96599966,0.21805699,0.97191167,0
0.85983723,0.2791066,0.8969843,0.2567922,0.8616187,0.2394013,0.8247625,0.21414515,0.72746235,0.17494601,0.77543056,0.3113839,0.39590845,0.29233703,0.7233785,0.5594631,0.19621828,0.5818802,0.68426377,0.77272755,0.12824216,0.89208925,0.484346,0.7769426,0.23391317,0.7664806,0.39147574,0.9841613,0.22760175,0.9653039,0.28275064,0.9524841,0.21702687,0.9572611,0
0.86359346,0.27921933,0.8981755,0.25576648,0.8601557,0.24147795,0.83445454,0.21347684,0.71893966,0.1794796,0.7881313,0.31825766,0.39126855,0.29529634,0.72718227,0.5574678,0.20244499,0.56563705,0.6944167,0.76039547,0.14848126,0.87780875,0.49907967,0.7537123,0.23261319,0.74069494,0.4216713,0.9660736,0.2144695,0.9426705,0.31803933,0.9659332,0.1977026,0.96822083,0
0.86611205,0.28099838,0.9027403,0.2586042,0.8658197,0.24211906,0.83857447,0.21977016,0.73091936,0.17890987,0.79587734,0.3272683,0.3976257,0.2960677,0.7245166,0.5766686,0.19488002,0.57352334,0.66566235,0.8001341,0.14117055,0.8954584,0.49023804,0.77806467,0.22894801,0.7626601,0.40236878,0.9816898,0.21667136,0.95493495,0.2888556,0.9464527,0.19859293,0.9438503,0
0.85877544,0.2782751,0.8933936,0.25465497,0.86011684,0.23987533,0.8279232,0.21611057,0.72926086,0.1789968,0.7834447,0.32314765,0.41102815,0.29792354,0.7024747,0.58074003,0.2140447,0.58791494,0.6459097,0.8037999,0.13198338,0.9314521,0.47727695,0.8077783,0.22980648,0.7950203,0.4077606,0.9725192,0.24778333,0.9458013,0.2828119,0.94003576,0.20895033,0.93992543,0
0.86812407,0.274608,0.9018044,0.24943152,0.861973,0.238203,0.846631,0.20958923,0.72583544,0.17982548,0.8096276,0.3174702,0.40891385,0.29685387,0.73986644,0.566695,0.2131357,0.57230234,0.6350936,0.8212526,0.12690146,0.9241899,0.50580233,0.788197,0.24232157,0.7760052,0.4146483,0.9784765,0.23033482,0.95405525,0.2804789,0.9498314,0.18731435,0.9526535,0
0.8614887,0.27529773,0.8952461,0.25166157,0.85456085,0.24003091,0.8489788,0.21239376,0.7225376,0.1811675,0.8182156,0.31658402,0.4142161,0.2926115,0.76173675,0.5427979,0.20962423,0.54953855,0.70883673,0.7343606,0.13620655,0.8775169,0.51727885,0.7468678,0.25452682,0.73219204,0.41419438,0.9721342,0.21118028,0.9461487,0.29247773,0.96334964,0.17323148,0.9589224,0
0.86121565,0.27717593,0.8954168,0.25281098,0.85584944,0.2407025,0.8449307,0.21261409,0.72288454,0.18050955,0.8100397,0.31926328,0.41355103,0.29717934,0.75461215,0.55188173,0.21133563,0.56242263,0.71297306,0.7498819,0.12725446,0.8998706,0.5148601,0.7600543,0.2560379,0.746982,0.4181444,0.9774398,0.22318889,0.9523268,0.29099727,0.9571959,0.17958191,0.95609695,0
0.87865275,0.27912483,0.91423655,0.25451145,0.87235755,0.24181764,0.86050445,0.21500388,0.7311039,0.18118276,0.7986059,0.326266,0.4024838,0.29498324,0.7303446,0.56883574,0.20228715,0.55232465,0.6910787,0.7679301,0.16802403,0.8603661,0.50010157,0.80991745,0.23712046,0.7954762,0.4087084,0.9809995,0.2168543,0.9588441,0.30142343,0.9268922,0.1987511,0.92639977,0
0.8750743,0.27882665,0.90980995,0.25366727,0.870409,0.24085957,0.85197294,0.21516232,0.7307164,0.18143816,0.8006711,0.32844985,0.4081319,0.30464074,0.72844297,0.57079434,0.20721307,0.5769607,0.68908733,0.7581214,0.13380651,0.9159947,0.5085356,0.8102379,0.24742065,0.79858655,0.40939876,0.9784274,0.225651,0.9577479,0.28691286,0.9242008,0.1938924,0.92882305,0
0.8643314,0.27762693,0.9007226,0.25297424,0.86178833,0.23921567,0.84457284,0.21368882,0.7240241,0.17753595,0.79801047,0.33084238,0.39924636,0.29861155,0.70511574,0.5980311,0.2129777,0.5744621,0.5636827,0.8771601,0.18145818,0.9080644,0.489469,0.8323007,0.22466113,0.8170837,0.39804503,0.9685363,0.22171454,0.94626385,0.27668265,0.9402758,0.20256515,0.93471193,0
0.87159616,0.2791506,0.9069914,0.25462058,0.86613655,0.2417895,0.8535403,0.21489112,0.72537196,0.18029012,0.80714375,0.3293329,0.4053211,0.29620588,0.7264881,0.57779974,0.21021497,0.5550897,0.6398173,0.8099012,0.18684469,0.87082154,0.48509693,0.8234897,0.21973673,0.8077651,0.38760397,0.9773302,0.21318738,0.95706266,0.2766035,0.92126966,0.21357885,0.9152234,0
0.8801624,0.27683094,0.91726,0.252701,0.8755683,0.23865621,0.859795,0.21208419,0.7306087,0.17508373,0.8114814,0.3221848,0.41094667,0.29128146,0.7431678,0.56955695,0.20600715,0.5592599,0.64848775,0.80233794,0.16057579,0.89594686,0.48932987,0.80586225,0.22841686,0.79053175,0.3836938,0.96017826,0.21554658,0.93640095,0.25410163,0.92715627,0.19466804,0.9239104,0
0.88007754,0.27740142,0.9179577,0.25347146,0.87595373,0.23882338,0.86115634,0.21223213,0.7320696,0.17384495,0.813426,0.3222742,0.4092894,0.28949335,0.74599236,0.5679159,0.20503235,0.55523455,0.65839326,0.7972329,0.15643269,0.89321154,0.49268317,0.8034759,0.23021083,0.78755987,0.3887759,0.96056527,0.21876901,0.9360899,0.2485236,0.9301034,0.19077028,0.9274011,0
0.8767589,0.27266726,0.91528636,0.2467944,0.8707253,0.23400132,0.8640304,0.20330228,0.7263218,0.16896725,0.8184758,0.31864312,0.40809858,0.29005393,0.732761,0.5821773,0.21878682,0.57051027,0.62430966,0.828736,0.17542562,0.91268784,0.49821544,0.8268515,0.22822042,0.81280744,0.40512002,0.95710665,0.23046848,0.9347941,0.26929036,0.9401893,0.20525083,0.9351896,0
0.8601198,0.2728228,0.9003517,0.24757151,0.85443264,0.2342334,0.86041707,0.20406288,0.71357644,0.16806436,0.820311,0.32119682,0.39852437,0.28928196,0.7513409,0.5671474,0.22574571,0.54751354,0.6747218,0.7859369,0.22316003,0.8642647,0.52451634,0.773199,0.25510824,0.7580456,0.4088873,0.9196048,0.2479602,0.8938276,0.29019976,0.96701556,0.23261009,0.95507556,0
0.8690405,0.2763212,0.9088838,0.2513506,0.86128175,0.23798643,0.86464715,0.20426323,0.7183875,0.16766204,0.8259314,0.31806335,0.4093409,0.28282392,0.7558953,0.5668229,0.21618147,0.5408277,0.6983245,0.7733574,0.15195076,0.85189927,0.52159554,0.78738165,0.25304198,0.7704218,0.4021536,0.9753274,0.21332079,0.9549065,0.25998908,0.9409619,0.18297394,0.9362881,0
0.87136465,0.2760322,0.91371787,0.2522932,0.86566454,0.23663267,0.86512023,0.20929228,0.7202935,0.16803509,0.82501864,0.32136342,0.40424505,0.28476807,0.74534607,0.58400065,0.21632396,0.56347203,0.6373493,0.8415122,0.12268979,0.92303014,0.51039565,0.81209254,0.2364156,0.79488593,0.40355694,0.9755148,0.22581272,0.9524567,0.26025838,0.928869,0.1968317,0.9307567,0
0.8611632,0.2753884,0.9029094,0.2505633,0.8589881,0.2347063,0.8529121,0.20309795,0.7141304,0.16065952,0.8231007,0.32543564,0.38741675,0.28505862,0.75302744,0.59209746,0.20720665,0.55782306,0.64555,0.83679897,0.12733185,0.9109213,0.5152224,0.801716,0.23689145,0.78302795,0.39687583,0.96543264,0.22247568,0.9381952,0.2526149,0.94665784,0.19423224,0.9381277,0
0.86485267,0.27589026,0.90743953,0.25101697,0.8615168,0.23502743,0.8605678,0.20289658,0.7146503,0.15991469,0.828664,0.3244745,0.38839176,0.2838696,0.75887513,0.58790773,0.2075209,0.5571374,0.6678486,0.8180926,0.12522212,0.9093806,0.51784956,0.79891706,0.23717563,0.78023857,0.3946272,0.96582705,0.21821424,0.93845046,0.24175026,0.9450101,0.18776561,0.9374559,0
0.8628356,0.27199146,0.90288985,0.245524,0.85495824,0.23335613,0.8622371,0.1972972,0.7054073,0.16263592,0.82910556,0.31583217,0.3832586,0.28592622,0.7628478,0.5638889,0.20589806,0.55356944,0.73596203,0.7198254,0.16379745,0.8628584,0.5499179,0.7686301,0.26438907,0.7545604,0.42527243,0.9415418,0.23844913,0.9149468,0.29743177,0.961063,0.20901911,0.95206577,0
0.8688192,0.2690301,0.90855306,0.24361281,0.8560324,0.23049508,0.87243825,0.19592476,0.7060903,0.1618407,0.83785903,0.30920762,0.39261433,0.27323067,0.7826451,0.55137515,0.19550979,0.52632076,0.7570394,0.7079825,0.1539733,0.78780264,0.5457878,0.77669996,0.25454983,0.7587919,0.4092504,0.97358584,0.19200364,0.95496106,0.29012048,0.9378552,0.17691469,0.9423584,0
0.87448364,0.2657808,0.91368455,0.24021284,0.8590092,0.22799422,0.8769742,0.19469708,0.7098808,0.16353877,0.84660333,0.3084522,0.3972019,0.2773589,0.78535,0.55391085,0.19736756,0.5364028,0.7373941,0.7449277,0.14291432,0.79435927,0.5486468,0.7721336,0.25670913,0.7547957,0.40761718,0.9718623,0.20169957,0.9519068,0.28462505,0.9429926,0.18773527,0.94544554,0
0.8812189,0.26501012,0.92377955,0.2381747,0.861585,0.226835,0.8979295,0.19469307,0.70666033,0.16260394,0.8663634,0.31308362,0.3959127,0.2805702,0.80036926,0.5566524,0.20328602,0.54310644,0.7496404,0.7342809,0.1380725,0.8542021,0.5598274,0.78050625,0.25774333,0.7640403,0.43028086,0.96975857,0.21682778,0.94619584,0.30074805,0.93279755,0.20468833,0.9285749,0
0.86841935,0.26042426,0.9084443,0.23330145,0.8509426,0.22195914,0.8746408,0.18702497,0.70002997,0.15753664,0.84744483,0.30792153,0.4007993,0.2793776,0.7926354,0.5636434,0.2092274,0.5498602,0.73412806,0.77122045,0.14514534,0.8529351,0.55634964,0.78126913,0.2661752,0.7656384,0.43877503,0.96356046,0.22204095,0.9457679,0.3115906,0.9467734,0.20073548,0.95271146,0
0.86692363,0.26189265,0.9097251,0.23475185,0.8502519,0.22304131,0.88145137,0.1896739,0.69644433,0.15653934,0.8531161,0.31373844,0.39211643,0.28114492,0.7921495,0.5684742,0.21136852,0.5475669,0.71644807,0.78590614,0.14830072,0.87221265,0.5717551,0.77700776,0.27569702,0.7612221,0.45586598,0.95835394,0.24314465,0.9335579,0.33081576,0.9507936,0.21938714,0.9454368,0
0.8676501,0.26507974,0.91117173,0.23813342,0.8492564,0.22639093,0.8860222,0.18943474,0.6920316,0.1560762,0.8622996,0.31162015,0.3860806,0.2756146,0.8083695,0.5588344,0.20019388,0.5303808,0.7400271,0.7568494,0.13423073,0.8113444,0.57652307,0.7600766,0.2722179,0.7413674,0.42758062,0.9731537,0.21505302,0.948935,0.30784696,0.9601051,0.19932689,0.9558247,0
0.86434144,0.26296896,0.91125596,0.2371429,0.8455572,0.22365294,0.89438874,0.18973348,0.695199,0.153395,0.86884516,0.30963197,0.38866287,0.27095887,0.8177339,0.55480874,0.20205367,0.52186066,0.74199736,0.75471884,0.14834161,0.78399324,0.57257694,0.7663731,0.2675248,0.74680907,0.41797552,0.9802792,0.21691227,0.95858157,0.3091456,0.95186394,0.22266313,0.94545376,0
0.8502012,0.2624995,0.9007337,0.2386445,0.8365246,0.22209038,0.8913714,0.19240895,0.6942399,0.14916039,0.87050855,0.310646,0.38305444,0.26690242,0.81701857,0.56315976,0.2087178,0.5363078,0.75461465,0.7614762,0.14348882,0.8468373,0.5689212,0.7779184,0.25614622,0.7566769,0.44879505,0.9828398,0.22248033,0.95698446,0.3260077,0.95367604,0.21512617,0.9502574,0
0.84650683,0.2639749,0.89878935,0.24012767,0.83036447,0.22296304,0.891067,0.19469872,0.68333614,0.149433,0.874265,0.31503728,0.37978193,0.26640856,0.8211219,0.57205826,0.19402586,0.5370435,0.7478779,0.78310835,0.11015661,0.8836609,0.5816779,0.79163283,0.26553446,0.76884234,0.44726983,0.9975491,0.23034152,0.97109514,0.31333652,0.9439421,0.20974454,0.94818676,0
0.84147084,0.2651841,0.89610726,0.24195427,0.82784575,0.22308446,0.8918569,0.19994259,0.68309575,0.15086807,0.8771016,0.32322317,0.37152877,0.27625197,0.8333376,0.57319903,0.1962368,0.54828906,0.7668163,0.77278244,0.11261739,0.8900332,0.5928295,0.78621805,0.2727239,0.76469177,0.45421457,0.9852874,0.2516784,0.96001047,0.30575234,0.94790214,0.22470127,0.9501986,0
0.84218186,0.26498827,0.8950613,0.24195494,0.8294265,0.2233455,0.88609666,0.1990531,0.68210155,0.15030016,0.873472,0.32050368,0.36779657,0.27426648,0.83663857,0.5689623,0.1967973,0.54781216,0.76998353,0.7716772,0.10881133,0.8997808,0.60202694,0.79097176,0.2789338,0.7700994,0.47188658,0.99187976,0.25536168,0.96554637,0.32785127,0.9453893,0.23374376,0.95156056,0
0.83628327,0.260363,0.8997737,0.23594648,0.8180584,0.21651246,0.9119949,0.19179285,0.6736553,0.14054541,0.8885189,0.31941694,0.36906552,0.26972783,0.8320547,0.574917,0.204375,0.54743737,0.751537,0.783668,0.12021012,0.9141732,0.5814993,0.8024963,0.26046535,0.7809861,0.45894793,0.99570537,0.29450732,0.96735346,0.34627178,0.933784,0.31619278,0.93917435,0
0.81875026,0.2585573,0.8839709,0.23621862,0.8024721,0.21481033,0.9022043,0.19420174,0.6699287,0.13965882,0.88753504,0.31889203,0.3743359,0.26533028,0.84666634,0.571223,0.20233397,0.53712946,0.754794,0.80245805,0.124041356,0.9054097,0.5740708,0.7930247,0.2573658,0.76895463,0.4599013,0.9893471,0.27148458,0.9605054,0.34678933,0.93949324,0.28340754,0.9434312,0
0.8111685,0.25002933,0.8779872,0.22808753,0.7870626,0.20815466,0.9069982,0.19158849,0.6567456,0.14062604,0.894029,0.31614837,0.37264693,0.25637296,0.84800136,0.5710557,0.2236065,0.5160669,0.76937705,0.7938039,0.24956776,0.8736207,0.5856467,0.77739775,0.26301903,0.75131786,0.46108937,0.9892505,0.27040792,0.96068114,0.34742588,0.9492683,0.28982523,0.9541265,0
0.80706733,0.24120146,0.86771023,0.21947552,0.7854487,0.199755,0.88867295,0.18591994,0.66169167,0.13802175,0.8847221,0.30755892,0.37578985,0.25880134,0.84416026,0.56410265,0.20111372,0.5324636,0.8006172,0.76624805,0.12768638,0.89015746,0.5938931,0.7730483,0.27623382,0.7506098,0.44573852,0.98799306,0.25120547,0.9639773,0.31318435,0.95763993,0.2533054,0.9609982,0
0.81380314,0.25250593,0.8727791,0.22891606,0.7958972,0.20995764,0.8833295,0.18301536,0.66045964,0.1353848,0.8817278,0.30251786,0.3598419,0.25705817,0.8542344,0.5647134,0.20276047,0.53786194,0.78519714,0.77822244,0.13677743,0.89827275,0.60250646,0.76824445,0.27623546,0.7477158,0.46384692,0.98851913,0.25151542,0.9652649,0.33317894,0.9666084,0.24973005,0.9680476,0
0.8150155,0.2509859,0.8742959,0.22688891,0.79503316,0.20864707,0.8873643,0.18258968,0.6593126,0.13625853,0.8856443,0.30287752,0.36647642,0.2553215,0.8549487,0.56133884,0.20852268,0.52636206,0.79083395,0.77895415,0.14621423,0.8940152,0.5973898,0.7589938,0.27310678,0.73740953,0.45838952,0.98503,0.24552733,0.96216434,0.32178062,0.9698476,0.24109206,0.97132015,0
0.80495995,0.2627709,0.86971074,0.23719895,0.78374106,0.21837579,0.8866178,0.18460418,0.6386588,0.13637409,0.88186085,0.30109102,0.34270638,0.2556745,0.8565702,0.56577194,0.19565445,0.53553134,0.79386866,0.7885549,0.17907822,0.8606749,0.59729534,0.76858866,0.26299062,0.7495503,0.45842972,0.9886172,0.24576856,0.97209305,0.3506803,0.9677267,0.2730684,0.96526986,0
0.8035949,0.25371537,0.8641243,0.22983114,0.78590256,0.21067342,0.87502664,0.18245327,0.64784086,0.13479058,0.87815,0.30287495,0.3431532,0.25897115,0.8375308,0.5837001,0.1976555,0.553863,0.68445206,0.88297355,0.16956607,0.89736724,0.5982398,0.78090525,0.25731733,0.76099306,0.49423513,0.97364527,0.23299368,0.9515666,0.39921203,0.9678771,0.2568071,0.9642104,0
0.7949171,0.2567032,0.8609213,0.23274383,0.7717522,0.2130671,0.8849781,0.18895447,0.6326648,0.1393428,0.8839841,0.3107259,0.344127,0.25766268,0.8479295,0.56772035,0.2091508,0.51852256,0.7830603,0.7860046,0.20848247,0.7796031,0.59919703,0.77314174,0.25951716,0.7503904,0.47446942,0.9933321,0.25250515,0.9739111,0.3755366,0.9585664,0.29697585,0.95711637,0
0.79047006,0.25102904,0.85151166,0.2277958,0.7703151,0.20914027,0.87316555,0.18437167,0.64414716,0.13872944,0.89159316,0.3075512,0.34979734,0.26083153,0.8722314,0.5603177,0.19126394,0.5193548,0.8014749,0.7744249,0.15723144,0.768332,0.6124163,0.778625,0.27065375,0.75645876,0.4732503,0.9980122,0.2368253,0.97781485,0.37583357,0.950421,0.2661122,0.94917816,0
0.7663297,0.24480858,0.83032244,0.22213809,0.74305946,0.20281386,0.86182237,0.18591142,0.6273111,0.13995117,0.8792768,0.31299022,0.34598735,0.26440933,0.8328279,0.58358264,0.19589035,0.53336173,0.6886999,0.84293425,0.19047856,0.7973121,0.6014546,0.7892225,0.26310128,0.76638937,0.49245077,0.994301,0.25051692,0.97427213,0.41403246,0.95424193,0.30513406,0.9514807,0
0.7658613,0.2449029,0.83005685,0.22249725,0.74264354,0.20301473,0.8622269,0.18599625,0.6272611,0.13970505,0.88017464,0.31252506,0.3464126,0.26254082,0.8312352,0.5826019,0.19367656,0.5281594,0.6817553,0.8444474,0.18147002,0.792797,0.6004101,0.7893869,0.2620512,0.7660285,0.4920643,0.9939671,0.25146243,0.9740803,0.41525692,0.9520084,0.30860528,0.9492465,0
0.7565906,0.24631216,0.81904715,0.2222606,0.73156303,0.20484328,0.84840864,0.18092355,0.6091871,0.13832186,0.8659609,0.3099153,0.3382364,0.2637943,0.8353966,0.5709015,0.18373692,0.52303016,0.79381824,0.7843951,0.17988195,0.76841116,0.6040156,0.7907225,0.2725772,0.7707,0.48449275,0.99543554,0.25102234,0.9800333,0.40098637,0.9573104,0.2948985,0.9564505,0
0.7495279,0.24381828,0.8149093,0.22187825,0.71980065,0.20403078,0.85238045,0.19178177,0.6038299,0.14975439,0.8706723,0.31153095,0.33838105,0.2721554,0.84124666,0.5627054,0.19268689,0.5338796,0.8074949,0.7841059,0.160752,0.7918475,0.6332284,0.7732016,0.2979943,0.7555165,0.4950997,0.98378944,0.25226083,0.96998656,0.40467924,0.9609269,0.27959442,0.96213424,0
0.7477459,0.24979661,0.81183004,0.2263818,0.72043383,0.20891964,0.84723544,0.18507247,0.59665316,0.14250177,0.8729975,0.3069069,0.33013466,0.26497686,0.86839384,0.5576183,0.18819298,0.52423227,0.82426023,0.76697576,0.17542209,0.7641289,0.63015616,0.7770237,0.2848155,0.7585397,0.5261186,0.99012756,0.2468641,0.97579247,0.45639044,0.94783837,0.27911252,0.9499241,0
0.75515723,0.23866297,0.8159885,0.21289109,0.72249204,0.19854027,0.83918256,0.1714943,0.58601236,0.13563658,0.86014014,0.29143417,0.32295483,0.2623328,0.85417616,0.55566514,0.19575389,0.5431782,0.8043771,0.79514223,0.17179576,0.8235074,0.64048624,0.7749838,0.2979585,0.7627838,0.521074,0.9879834,0.23855563,0.980158,0.4516308,0.94514734,0.27081314,0.9503213,0
0.74844897,0.227947,0.81459934,0.2035336,0.715804,0.18680592,0.85309714,0.16689205,0.589137,0.12664142,0.8683433,0.28622648,0.31920096,0.25287655,0.8661122,0.5301432,0.17713466,0.52073735,0.8246788,0.735576,0.16883646,0.7779096,0.6322327,0.7679782,0.28234875,0.7530551,0.5113695,0.9994141,0.22387464,0.9883475,0.4508973,0.9606892,0.25067124,0.9703862,0
0.75621796,0.2242661,0.8197454,0.20030254,0.7251087,0.1846518,0.8521739,0.16472688,0.59387964,0.12577878,0.8652138,0.2850705,0.31817693,0.25035954,0.86821824,0.5332931,0.1770197,0.5205739,0.82505,0.7232745,0.1594527,0.7834483,0.6212862,0.7709919,0.27258554,0.75512576,0.49897715,1.0,0.22119276,0.98703164,0.42520434,0.9448302,0.2443631,0.953247,0
0.7387743,0.24371958,0.8077771,0.218722,0.7071583,0.20187446,0.85349685,0.17367278,0.58129835,0.13319492,0.87274015,0.29355508,0.30879152,0.25984707,0.8697738,0.54850584,0.16878015,0.5332161,0.81548077,0.73122776,0.14789607,0.76345587,0.63506913,0.7688218,0.27945235,0.75342965,0.50349027,0.99973685,0.2225077,0.9873806,0.43175292,0.98005086,0.2538518,0.98406184,0
0.73154885,0.23076464,0.8018,0.20485882,0.6972733,0.18805714,0.8506099,0.15753894,0.5646354,0.11624722,0.86671,0.2783326,0.29743436,0.24044032,0.86212176,0.5363889,0.17151406,0.51401013,0.8215637,0.7202579,0.15096252,0.7835951,0.64096326,0.7643675,0.2806012,0.7487285,0.5318974,1.0,0.23779838,0.992492,0.47381797,0.9848941,0.2668374,0.99345106,0
0.731476,0.25493938,0.79631096,0.2297733,0.6977058,0.21541128,0.8445975,0.17940408,0.56813854,0.14481941,0.8677997,0.28945172,0.29796723,0.26292863,0.87674457,0.5217354,0.1712591,0.5221653,0.83712935,0.7004903,0.15771429,0.76675385,0.6544657,0.7409838,0.2966644,0.73066664,0.570076,0.99307275,0.2805432,0.98548794,0.50614995,1.0,0.3052883,1.0,0
0.7103331,0.2587312,0.78078896,0.23662212,0.68305725,0.21818787,0.833118,0.19328389,0.5639179,0.14975977,0.8469333,0.2978376,0.29972452,0.26855606,0.8787972,0.5231521,0.1621363,0.53320205,0.8562497,0.6943358,0.1460656,0.75107837,0.62129223,0.74486357,0.2801642,0.7316806,0.48827356,0.981589,0.23961838,0.9710997,0.40674216,0.96854305,0.25664276,0.9793906,0
0.70989037,0.27039653,0.7833364,0.24453364,0.6824861,0.22628324,0.83005667,0.1882738,0.55162096,0.14457373,0.83582175,0.28798786,0.28833634,0.267945,0.8807953,0.52739716,0.16736062,0.5619965,0.85421795,0.7167267,0.18186802,0.8069166,0.62650996,0.7509996,0.28768882,0.7412243,0.48360288,0.9711187,0.22649728,0.95685863,0.3937319,0.97072756,0.24752179,0.9710897,0
0.7094498,0.2703276,0.78654486,0.24487896,0.67878497,0.22722225,0.8408931,0.19092731,0.54814,0.14744811,0.8376667,0.29370052,0.28369758,0.26755327,0.8637399,0.52107763,0.15834513,0.5319153,0.82837325,0.69971937,0.16508184,0.7639129,0.6133902,0.7437895,0.27362743,0.7315452,0.46781117,0.9857655,0.2192955,0.97327137,0.41131404,0.9829416,0.25078115,0.98480004,0
0.70480895,0.2631459,0.7784855,0.23853278,0.67488164,0.2201597,0.83907944,0.18835507,0.5531942,0.14500505,0.85248995,0.29713652,0.2872583,0.2655237,0.87832344,0.53073007,0.1591457,0.529507,0.8892328,0.703288,0.14999086,0.750479,0.6225862,0.7485657,0.2640171,0.7355179,0.52000207,0.9890709,0.21845773,0.98247874,0.4711177,0.988036,0.25108463,0.9969739,0
0.7104664,0.2672476,0.78176916,0.24195653,0.6789213,0.22470516,0.84625345,0.18701588,0.5594604,0.14688754,0.87083554,0.29647934,0.28661686,0.26665533,0.89611506,0.5318186,0.15737016,0.53086066,0.909679,0.708902,0.15869781,0.74153626,0.64004517,0.7477833,0.27201888,0.7349887,0.53013563,0.9899694,0.2351266,0.9800229,0.47194195,0.9794759,0.27252316,0.9887785,0
0.70966357,0.2664921,0.78220236,0.24174637,0.6778805,0.22417055,0.83984154,0.19225974,0.552946,0.15125981,0.8549816,0.30128562,0.27578655,0.27649006,0.89623183,0.53599185,0.14973053,0.546077,0.9115424,0.7199032,0.15532266,0.76359576,0.6394221,0.76423895,0.26880834,0.75455385,0.5462532,0.98614466,0.22521745,0.98160136,0.5228306,0.9635192,0.27637878,0.97337556,0
0.7091017,0.26685935,0.7784685,0.2407538,0.6772525,0.22348228,0.82530034,0.19003534,0.54128474,0.14862038,0.8162487,0.3008316,0.27143627,0.27325797,0.87379456,0.53914255,0.1293671,0.5423284,0.91920626,0.7309684,0.1441569,0.7549593,0.6640351,0.77055126,0.30948383,0.7651016,0.5989001,0.98283905,0.27938616,0.98370975,0.5620189,0.9429229,0.2956012,0.97511697,0
0.70626384,0.26490754,0.77529585,0.23734182,0.67095965,0.22189428,0.8256272,0.18231477,0.53541315,0.14512658,0.8140787,0.2944809,0.27217603,0.26532206,0.8156505,0.5469042,0.14116459,0.53516555,0.7868223,0.7743787,0.14383206,0.7640118,0.6412055,0.776554,0.28806844,0.7691004,0.58040804,0.9815552,0.26484984,0.97897947,0.5420736,0.93737864,0.28932753,0.96671104,0
0.706074,0.2646147,0.7742673,0.23613988,0.6693352,0.22141278,0.8262052,0.17861655,0.5352317,0.14347124,0.82039195,0.29109007,0.2725605,0.2640551,0.83883274,0.5451965,0.1404936,0.5353272,0.8046035,0.7701832,0.14631258,0.76318675,0.649354,0.7764175,0.29413286,0.76967084,0.5888221,0.9830653,0.27367637,0.98080003,0.54952407,0.9394457,0.30029446,0.9686327,0
0.69867694,0.26585954,0.768522,0.24118452,0.67126787,0.22165178,0.80812275,0.18876028,0.5363611,0.14200844,0.7741668,0.30063945,0.2686177,0.26162273,0.7696413,0.56183046,0.13616806,0.5348595,0.7654049,0.81564724,0.13263835,0.7627817,0.6161869,0.7845832,0.2848382,0.7757869,0.57512444,0.9846222,0.28222033,0.9854021,0.54586285,0.9344346,0.31022933,0.967583,0
0.70994407,0.25969908,0.77777594,0.23448932,0.67889017,0.21647716,0.81702524,0.18603192,0.5428658,0.1433044,0.8000518,0.29478565,0.27536333,0.26469713,0.8512273,0.5243892,0.13801733,0.5269192,0.8443872,0.6932608,0.14129397,0.74815047,0.6288076,0.7695895,0.28930318,0.76212496,0.55314493,0.9845533,0.25488597,0.9836814,0.49994385,0.95164007,0.26360834,0.98641723,0
0.7191258,0.25498173,0.787396,0.23034732,0.68862987,0.21506622,0.82865393,0.18095855,0.559472,0.14458661,0.8079196,0.28844014,0.29358432,0.26760802,0.8583037,0.5299536,0.12378749,0.539173,0.8579458,0.7184535,0.14975333,0.76953715,0.6264698,0.7708358,0.29827747,0.76497763,0.5366479,0.98686343,0.2511744,0.9882189,0.49708086,0.9605961,0.26473477,0.9851786,0
0.7134542,0.25507244,0.78011334,0.22979903,0.6857338,0.21386917,0.8168034,0.18087558,0.5507751,0.14093867,0.7936206,0.29050708,0.27750885,0.26872364,0.8730172,0.5181207,0.13232403,0.54393065,0.9392899,0.7153302,0.14553519,0.76022834,0.5944345,0.74770176,0.27031276,0.7411434,0.5108568,0.9763592,0.23396349,0.9711177,0.44184184,0.9727352,0.23116387,0.99156773,0
0.75501114,0.24378848,0.8141857,0.21592034,0.7216372,0.20394446,0.8376644,0.16772448,0.5832111,0.13843441,0.84396607,0.2910004,0.29751247,0.27636588,0.93278265,0.5230087,0.13187788,0.5466655,0.94954854,0.7021031,0.15091468,0.7525735,0.6260839,0.753897,0.2859161,0.74857247,0.51015294,0.9750758,0.23681465,0.97139174,0.42792442,0.9698572,0.23814182,0.9915963,0
0.7601173,0.2483821,0.8260056,0.22022706,0.72580993,0.20675395,0.8622829,0.16864672,0.587002,0.136086,0.8430769,0.28609595,0.30366424,0.26973432,0.9143648,0.5167399,0.1379408,0.54270524,0.9607935,0.69864017,0.15855058,0.75167775,0.62433887,0.7449507,0.28839606,0.7391583,0.5014508,0.97458136,0.22975825,0.9699425,0.41076207,0.9703508,0.22229713,0.9898486,0
0.77274853,0.24945599,0.8423556,0.22510979,0.7453391,0.20915203,0.8713142,0.18083896,0.5971641,0.14180483,0.8276738,0.2871209,0.3098252,0.2616003,0.8672987,0.5227555,0.14689764,0.52685714,0.9165231,0.7171749,0.171302,0.75868,0.62229776,0.7425367,0.2907276,0.7352428,0.52608925,0.9659701,0.22363628,0.9640964,0.4574065,0.9878765,0.21569322,0.997755,0
0.8167291,0.25272778,0.8887603,0.22798383,0.7862782,0.21296082,0.90103364,0.18591319,0.61471856,0.14800072,0.7987582,0.29470816,0.31886902,0.27422708,0.8437119,0.5356825,0.1696054,0.53900045,0.8765943,0.8023858,0.18305573,0.8001583,0.6312201,0.74297047,0.32475126,0.741253,0.56920594,0.9582085,0.2629223,0.9687961,0.50822663,0.9836484,0.2250716,1.0,0
0.83552605,0.24393511,0.8978021,0.218062,0.80495495,0.20614369,0.87861216,0.17781839,0.6378449,0.14881524,0.7734286,0.28874403,0.34976205,0.27907294,0.803759,0.53705335,0.19519943,0.55261165,0.8573275,0.8001238,0.22821467,0.7964331,0.5776185,0.7540267,0.30794436,0.7541915,0.4819701,0.98452795,0.24175867,0.9931965,0.41248798,0.97810435,0.20783655,1.0,0
0.82832205,0.23613772,0.8910422,0.21128356,0.81217176,0.19576532,0.8607439,0.16928235,0.65699834,0.13291045,0.74726975,0.28737333,0.35669735,0.27367154,0.7801526,0.54506266,0.2265924,0.55863607,0.84557337,0.77389634,0.25725114,0.79513234,0.5428088,0.7620302,0.29545957,0.760653,0.44847712,0.97697455,0.23475301,0.9819609,0.39096048,0.98395205,0.21279754,0.99774975,0
0.8232323,0.24620347,0.8786522,0.22022124,0.8130914,0.20622252,0.8214843,0.1774426,0.6535022,0.14323922,0.7263855,0.29895002,0.37169376,0.2862033,0.7673031,0.55575126,0.2544148,0.56230277,0.82948387,0.8416727,0.3003885,0.8224234,0.5258873,0.7308417,0.30938673,0.73019505,0.41237572,0.943161,0.26289672,0.9471918,0.30541134,0.9876777,0.20039849,1.0,0
0.8286502,0.24611749,0.8894569,0.22183739,0.81607044,0.20645034,0.8496036,0.1821272,0.66164136,0.14498806,0.73918575,0.29937455,0.3861842,0.28553343,0.78024423,0.54300076,0.2686199,0.5532813,0.82543963,0.79414505,0.29902688,0.78007567,0.54135114,0.6994966,0.32752448,0.69894505,0.42920178,0.90428174,0.26421174,0.91240275,0.31511497,0.9880915,0.18033929,1.0,0
0.8560276,0.23990665,0.9139616,0.21572861,0.83954036,0.20186105,0.8727876,0.17810088,0.6625146,0.14296228,0.72422445,0.28663778,0.40113235,0.2720284,0.7437098,0.49921456,0.26101124,0.52289057,0.8999623,0.6207449,0.22888596,0.71291304,0.5548214,0.6796013,0.35577923,0.6793476,0.42135626,0.91429025,0.26992747,0.918742,0.2859389,0.98922783,0.15901248,1.0,0
0.86830443,0.22971584,0.92357147,0.2038146,0.84450203,0.19283037,0.8845072,0.16321969,0.6650239,0.1356233,0.72589236,0.2685276,0.4297952,0.26133022,0.7093857,0.4887238,0.32352206,0.5215526,0.88658315,0.6147924,0.3707834,0.7079062,0.5359887,0.6575585,0.35197628,0.65964884,0.3999127,0.89068943,0.26986918,0.8993166,0.27035004,0.99078447,0.15333107,1.0,0
0.8778409,0.22014385,0.9269904,0.19293228,0.85882384,0.18318616,0.8642634,0.1492344,0.6805891,0.12633616,0.6936331,0.25570303,0.44526714,0.25651947,0.6819018,0.48083022,0.3542748,0.5175504,0.86624646,0.6051646,0.45549357,0.6905401,0.51502067,0.63412195,0.3638463,0.6396384,0.3772228,0.86296314,0.28094983,0.87344956,0.25214043,0.9986602,0.15979047,1.0,0
0.90102494,0.19762453,0.9315355,0.17168574,0.8798846,0.16435346,0.8420192,0.13786021,0.7192839,0.12565134,0.6971289,0.2506813,0.48001322,0.25893676,0.70524573,0.4852307,0.42866647,0.5251511,0.87940735,0.6084157,0.60795504,0.7046247,0.52824426,0.647075,0.37210318,0.65561175,0.5159567,0.88057566,0.3220511,0.8910279,0.51273155,0.99505913,0.25794348,1.0,0
0.8774841,0.22207187,0.9231946,0.19846858,0.8619581,0.18727802,0.83927155,0.1633387,0.6712045,0.13757396,0.6189663,0.25813186,0.45478892,0.25252622,0.5950227,0.47246897,0.37505108,0.49366516,0.7749744,0.60987806,0.41157496,0.7029228,0.49565893,0.5993322,0.39114103,0.6045337,0.40086153,0.7941725,0.3262283,0.8046522,0.3402306,0.96840703,0.22194,0.9838711,0
0.89591515,0.22158408,0.93773985,0.19719195,0.87296385,0.18778619,0.84621495,0.1630279,0.67957646,0.1435957,0.61847794,0.25682285,0.47109795,0.25764093,0.5700112,0.4842258,0.3787209,0.5028031,0.6914108,0.70822835,0.4210163,0.76835513,0.49185792,0.5777634,0.41053438,0.5855218,0.3645993,0.7738751,0.3618926,0.7862671,0.27971318,0.97483176,0.25645745,0.9921447,0
0.8284355,0.21532546,0.8855479,0.19596829,0.8082444,0.17763843,0.89503914,0.16527843,0.66972476,0.119175866,0.879728,0.2933667,0.36512944,0.225108,0.8785344,0.5378278,0.16798738,0.43875873,0.83365977,0.763299,0.08292999,0.6315834,0.5748992,0.70896405,0.23862894,0.6782236,0.46118253,0.9670273,0.16501829,0.9407486,0.36607993,0.9857359,0.14438657,0.99621946,0
0.7998416,0.22319749,0.8645907,0.2060559,0.78407615,0.1825832,0.8868376,0.17686868,0.65581095,0.11934772,0.86594313,0.3023689,0.35435966,0.2199498,0.8662027,0.5427701,0.16472825,0.42485368,0.8270591,0.77270585,0.08432099,0.6256274,0.55880845,0.7084655,0.22254087,0.6717749,0.45210174,0.9620233,0.13630973,0.9298049,0.35862452,0.98162466,0.11082579,0.9889947,0
0.82311875,0.22071664,0.88289124,0.20305525,0.80477154,0.18114549,0.8999608,0.17168313,0.6740123,0.11757493,0.8793297,0.2965392,0.38122016,0.2152121,0.87566394,0.54230094,0.18191229,0.4213764,0.8307236,0.78013,0.10172095,0.6238505,0.5803003,0.70943326,0.25037938,0.6723615,0.4650263,0.9704917,0.15122688,0.93772626,0.38772777,0.98095554,0.122833945,0.9920769,0
0.81631047,0.22266938,0.872255,0.20395523,0.795138,0.18345942,0.89657927,0.17320885,0.6789084,0.1251398,0.88281983,0.300015,0.4008906,0.22483629,0.86725545,0.54938406,0.20023552,0.4319081,0.82235444,0.7859955,0.118925095,0.62148005,0.5911848,0.70532453,0.27148938,0.6689039,0.4678003,0.95031196,0.15915881,0.9199006,0.35368055,0.9703737,0.09791786,0.9851123,0
0.81406367,0.228284,0.8739774,0.20916775,0.7946845,0.18731636,0.8952997,0.17966375,0.67192996,0.12447777,0.8798388,0.31068555,0.40234745,0.22436261,0.88921714,0.55891436,0.22009358,0.4180621,0.82784414,0.80380267,0.12449056,0.6241641,0.60141766,0.70449734,0.2897438,0.6648545,0.48008353,0.9564052,0.18585616,0.92139107,0.36217764,0.9647434,0.13114181,0.96656305,0
0.8069605,0.22819942,0.8643501,0.20875809,0.7885344,0.18828735,0.8853454,0.17642532,0.66735387,0.123824075,0.8714027,0.3044298,0.4045502,0.2217205,0.8828799,0.55006117,0.224367,0.41593513,0.82575184,0.7985212,0.13121016,0.6252301,0.6005006,0.7011745,0.2955675,0.6631837,0.49091595,0.9540387,0.19344945,0.9204563,0.37191847,0.97225296,0.13306,0.97567433,0
0.8056451,0.23102614,0.86620516,0.21194786,0.78729856,0.18968695,0.89419115,0.17799744,0.67255515,0.12284812,0.8783254,0.3054449,0.4071901,0.22376724,0.88733613,0.55094975,0.22311106,0.42542502,0.83490306,0.80644584,0.12662052,0.63371056,0.59103036,0.72203314,0.28428027,0.6838311,0.46849808,0.96962696,0.18454628,0.93748474,0.35323122,0.95441407,0.13933,0.9616631,0
0.79893976,0.23215182,0.85964537,0.21339707,0.78199995,0.19145313,0.8868428,0.17976809,0.66510344,0.12428728,0.87418556,0.30793625,0.4044817,0.2245937,0.8855032,0.55767894,0.22001475,0.4263467,0.816483,0.8029231,0.12712644,0.6351846,0.58590215,0.720297,0.28330472,0.68112224,0.4545598,0.9614119,0.19323891,0.92736816,0.32696947,0.9588844,0.13372712,0.9592036,0
0.7981353,0.23167084,0.85719675,0.21267289,0.7811428,0.19140798,0.8805539,0.17827043,0.66232866,0.12444439,0.873028,0.3050101,0.39832807,0.22439621,0.88535243,0.5577992,0.21577956,0.42981526,0.801295,0.80082685,0.12916824,0.6441932,0.5932809,0.7167325,0.2866228,0.6795927,0.46704808,0.9638188,0.19433782,0.9345243,0.34761518,0.9670901,0.15101688,0.97105825,0
0.7938775,0.22869526,0.8535864,0.20982507,0.77463245,0.18888874,0.8835112,0.17757197,0.6631535,0.126087,0.8806192,0.30589357,0.40287486,0.22980662,0.88655055,0.5585172,0.21525054,0.43956262,0.7936334,0.8049677,0.13937713,0.64902824,0.58886665,0.7446109,0.27666527,0.70814675,0.44644046,0.98316354,0.16505305,0.95814055,0.35120785,0.93839866,0.1598073,0.94721836,0
0.7890992,0.22939956,0.84884894,0.2098218,0.7685323,0.1897174,0.88045335,0.17602448,0.6603081,0.12719712,0.8807849,0.30379814,0.4098965,0.23441683,0.88552713,0.5538125,0.21599157,0.4460578,0.786275,0.80183,0.13864528,0.65833807,0.5873391,0.75001603,0.28844088,0.717024,0.4230489,0.9881949,0.207001,0.96830726,0.32466576,0.92811066,0.22084828,0.93796265,0
0.78814554,0.22926566,0.84861755,0.20962353,0.7670332,0.18932568,0.88272065,0.17465316,0.6590954,0.12559639,0.8820587,0.3017936,0.40759405,0.23266599,0.88485897,0.5492021,0.21384582,0.44393724,0.784319,0.79956937,0.13815236,0.65924174,0.5877004,0.7525611,0.28532097,0.71989626,0.43835193,0.988098,0.21255623,0.968252,0.34259382,0.9232975,0.22946298,0.934466,0
0.78232175,0.23118965,0.8453943,0.21207602,0.76382643,0.1904767,0.87927383,0.17556995,0.6513167,0.12287779,0.87813956,0.3050462,0.38375384,0.23029043,0.87839574,0.56137943,0.19601598,0.4450614,0.7723268,0.80298764,0.1407113,0.6687022,0.5823572,0.7618278,0.26647234,0.7276492,0.41756666,0.98418796,0.17893414,0.9639548,0.3127394,0.9121739,0.20033707,0.9214156,0
0.7704922,0.2340324,0.8366149,0.21470281,0.7491465,0.1931878,0.87713736,0.17777142,0.63646466,0.12575807,0.8801782,0.30665824,0.37255043,0.23495066,0.8763957,0.5622204,0.18505129,0.45570537,0.7705643,0.8046376,0.14190356,0.68722194,0.5894201,0.7613012,0.2663025,0.72854066,0.4314533,0.9823965,0.18869518,0.9615935,0.3271505,0.9094176,0.2172191,0.9175511,0
0.7683489,0.234695,0.83450466,0.214926,0.7463676,0.19369364,0.8749301,0.17842251,0.6343327,0.1270403,0.8728228,0.3110527,0.3736859,0.23981063,0.8635881,0.5730277,0.18038768,0.46367237,0.7687111,0.806972,0.14964096,0.6985399,0.6007276,0.75792706,0.28364813,0.7271834,0.44803584,0.9824917,0.20936559,0.96668863,0.33959,0.9137298,0.22818504,0.9253606,0
0.7749068,0.23191841,0.84064263,0.21181227,0.7516707,0.19198054,0.87625366,0.17493016,0.63103163,0.12601201,0.85990953,0.3065109,0.37123787,0.24123135,0.86316854,0.56567323,0.18364862,0.46632347,0.7768549,0.80325556,0.1678444,0.7054058,0.5784897,0.7558058,0.2756946,0.72786593,0.4258391,0.9795259,0.21171798,0.97011954,0.34476113,0.93126297,0.24269503,0.94435424,0
0.777275,0.23533025,0.84839976,0.21557625,0.75475436,0.19447798,0.8886055,0.17778873,0.62797666,0.1247781,0.85927784,0.30421937,0.36266816,0.23740731,0.8535479,0.55843747,0.18345469,0.46637172,0.7799631,0.79512316,0.19781943,0.7176045,0.5874326,0.7574119,0.27555206,0.73018837,0.43049502,0.9810963,0.21039161,0.9701244,0.3410063,0.91887313,0.23800811,0.9337271,0
0.7616489,0.23690622,0.82945406,0.2155501,0.7368636,0.19633919,0.87363917,0.17305386,0.6175141,0.12569958,0.8715399,0.29799154,0.3608246,0.23867743,0.86877143,0.5545515,0.18779285,0.47678807,0.76670396,0.79344964,0.20199938,0.7207738,0.59747505,0.76819146,0.27211958,0.7425831,0.44541436,0.9825894,0.20368707,0.97349536,0.34154972,0.8907565,0.23478276,0.9054677,0
0.7618357,0.23535046,0.82973164,0.21447788,0.73831546,0.1947186,0.8722724,0.17287217,0.62105125,0.1254855,0.8555276,0.29832384,0.34609002,0.24893261,0.85485923,0.55580455,0.18597774,0.50384766,0.7753186,0.79715085,0.22465234,0.7407346,0.5915594,0.77819973,0.26891592,0.75737756,0.45650333,0.9753301,0.20605837,0.9728359,0.38678122,0.9029484,0.25306344,0.92064375,0
0.7396642,0.24399471,0.81467694,0.2234256,0.7189709,0.20158756,0.8650039,0.1786141,0.5968098,0.12451864,0.8585725,0.29964063,0.33507028,0.2463049,0.8738019,0.5564672,0.19132558,0.5078756,0.7796324,0.79465866,0.26153463,0.76102996,0.60483617,0.77584994,0.2766597,0.7543282,0.45177332,0.98140174,0.22413102,0.97406006,0.35298598,0.9090124,0.26258704,0.91955,0
0.73473585,0.24225229,0.808519,0.22099136,0.7127895,0.20076174,0.8558639,0.17908612,0.5871415,0.12811184,0.858684,0.3021813,0.3282798,0.24879716,0.8723564,0.56482214,0.1993676,0.5097723,0.8059558,0.792629,0.2839564,0.7749142,0.60931236,0.77352834,0.26990944,0.7526156,0.46673036,0.9705066,0.1937255,0.96840006,0.37178952,0.89926386,0.22789982,0.91071683,0
0.7330251,0.23044023,0.81036496,0.20955923,0.70890737,0.18872672,0.86901385,0.17223388,0.591832,0.12158261,0.86595577,0.29492214,0.33073694,0.24791169,0.87660927,0.5564773,0.20892125,0.5208422,0.8302117,0.78538936,0.324375,0.7894119,0.62753946,0.7691689,0.28085408,0.75133765,0.50355566,0.97791576,0.21058978,0.9777604,0.4183496,0.9109666,0.23932905,0.9257416,0
0.74341625,0.23627941,0.82087356,0.21393622,0.71594244,0.19399826,0.8782884,0.17364514,0.5903175,0.12481595,0.8729659,0.29502946,0.3328014,0.2590531,0.8921796,0.55851555,0.23376109,0.5570865,0.8530737,0.7856394,0.37281728,0.8067751,0.6542272,0.7568583,0.30233437,0.744373,0.5567599,0.938083,0.23179576,0.941792,0.44850737,0.903955,0.22117992,0.9265067,0
0.73734677,0.23579225,0.8134102,0.2134049,0.7090366,0.1940253,0.8694019,0.1752538,0.5827703,0.12715003,0.86501324,0.29740462,0.3302474,0.2606416,0.88097805,0.5571811,0.23582236,0.5555919,0.84468794,0.78494,0.36000672,0.80629003,0.64916605,0.7434031,0.3029447,0.73018396,0.55730027,0.91534793,0.24126875,0.9143159,0.42522863,0.91024715,0.21121432,0.9330238,0
0.7340688,0.23399143,0.804308,0.21238688,0.709852,0.19363861,0.85798055,0.17308687,0.59602946,0.12758385,0.8608489,0.29269776,0.3403699,0.25909427,0.89076334,0.54953766,0.25108033,0.5481744,0.88813454,0.76383674,0.39938548,0.81056917,0.65479344,0.71590316,0.31662852,0.70495105,0.5734457,0.9164234,0.25694388,0.9215983,0.4865805,0.9375315,0.21064115,0.957871,0
0.7600059,0.23883078,0.8301506,0.21516904,0.7316811,0.19987802,0.8737114,0.17395507,0.59953094,0.13406725,0.8720897,0.29856226,0.3370804,0.26727238,0.9045895,0.56301993,0.28377116,0.5605944,0.89639515,0.77383745,0.44214523,0.82788074,0.62788683,0.7594938,0.28468695,0.7483062,0.5657023,0.9617164,0.27349958,0.9616352,0.51556545,0.9265854,0.30950528,0.9421007,0
0.77539295,0.24468417,0.83984786,0.21730088,0.74343336,0.20653935,0.87187845,0.16806789,0.5927049,0.13749094,0.85471916,0.2824313,0.34754032,0.27118713,0.8935933,0.52818555,0.29556367,0.56842333,0.9137287,0.7466838,0.4518978,0.8369605,0.63376445,0.751108,0.3030192,0.7484457,0.5399165,0.9769249,0.26807898,0.98458976,0.46654657,0.92699206,0.25744337,0.94593316,0
0.79218566,0.24526498,0.85707504,0.21743076,0.7625192,0.20668666,0.88473725,0.16669568,0.60408235,0.13603395,0.8612935,0.28160352,0.3474303,0.27370608,0.90004206,0.52240384,0.31040037,0.57104325,0.9246707,0.72326416,0.4620148,0.84071195,0.6339832,0.7428848,0.2974474,0.74217033,0.53594166,0.9746719,0.26742595,0.98453116,0.46174586,0.92189676,0.27643976,0.93968,0
0.7964973,0.25079083,0.8613197,0.22262618,0.7734523,0.21113627,0.8797255,0.16858321,0.61469483,0.1364274,0.8385092,0.2842009,0.35202277,0.28687036,0.87969774,0.5273662,0.31132218,0.60919887,0.91526806,0.72255063,0.47473916,0.89923185,0.63807595,0.7710606,0.32073924,0.77716786,0.58785427,0.9542062,0.35097337,0.9665186,0.51926094,0.9217636,0.35385638,0.94265324,0
0.7972135,0.24998702,0.8619281,0.22182006,0.77384394,0.21039344,0.88029504,0.1684948,0.61502934,0.13649003,0.83913565,0.28506804,0.35330588,0.28720006,0.8795527,0.52844065,0.31196776,0.6084575,0.91590655,0.72295344,0.47758237,0.89839405,0.6377031,0.7669113,0.32154155,0.7730536,0.5942009,0.9470989,0.36129186,0.95958835,0.52655727,0.9241639,0.36624774,0.94475245,0
0.8166411,0.25071892,0.8709381,0.2215328,0.7922729,0.21292807,0.86523724,0.1687885,0.6256153,0.14317283,0.8392321,0.29281452,0.37528622,0.29316846,0.8763065,0.5391554,0.33741283,0.60302144,0.9141689,0.731124,0.46315557,0.9053865,0.6442855,0.7494591,0.34371606,0.7531789,0.5783548,0.9712186,0.35386482,0.9789426,0.49165145,0.94635206,0.33974862,0.966679,0
0.82097733,0.2553652,0.87584287,0.22625524,0.7963003,0.21801473,0.8776943,0.17206775,0.6311185,0.14731775,0.8478798,0.29377308,0.37989283,0.2927085,0.8624275,0.5434955,0.35113052,0.5964362,0.8994356,0.72507924,0.43039012,0.8798792,0.66099346,0.722207,0.36398378,0.7249604,0.5838292,0.95600086,0.37762722,0.960302,0.50741345,0.98464555,0.36007908,0.9958386,0
0.8197395,0.25196728,0.8700461,0.22288564,0.7949505,0.21609873,0.8650658,0.17156874,0.6336044,0.15065376,0.83546203,0.29605708,0.3919233,0.2978872,0.84727204,0.5437707,0.34901014,0.5961952,0.8802861,0.7246539,0.43234822,0.8664893,0.6501965,0.7315362,0.36927214,0.7346242,0.5767205,0.9576029,0.3713524,0.96070486,0.5098786,0.9878098,0.35729477,0.99308914,0
0.8212407,0.25740296,0.8695315,0.22882976,0.8025219,0.22077635,0.8481198,0.17996173,0.6324861,0.15514943,0.8027492,0.30959806,0.3840046,0.30181703,0.8257364,0.554017,0.35940275,0.5804817,0.87548983,0.7219582,0.4630154,0.7745811,0.62582886,0.7339375,0.35950428,0.73385036,0.5561482,0.95961857,0.37081572,0.95855314,0.50048244,1.0,0.36413714,1.0,0
0.8191972,0.26130125,0.86980915,0.23523854,0.8115344,0.22269034,0.8322822,0.19070302,0.6423804,0.15594064,0.7451585,0.31796882,0.3774772,0.30371225,0.78174967,0.5594904,0.37284702,0.57692105,0.84649813,0.7139322,0.48328963,0.74956715,0.59682983,0.74247104,0.3585546,0.74268824,0.5297647,0.96327066,0.3552559,0.96776086,0.47695163,0.99697065,0.34475055,1.0,0
0.8206531,0.2641032,0.87093973,0.23628584,0.80960643,0.22465013,0.829686,0.18978825,0.6263242,0.1561935,0.75258696,0.32155216,0.37721005,0.31312636,0.788779,0.5629864,0.36695442,0.6006295,0.8547552,0.7162583,0.42505407,0.8376181,0.61107266,0.76483434,0.36656588,0.7670777,0.5494296,0.97465587,0.36326548,0.9777514,0.48386234,0.98159736,0.34184468,0.98709244,0
0.81614244,0.26407507,0.8649021,0.23780553,0.8041128,0.22605605,0.82862425,0.19313918,0.63314676,0.16060205,0.75082976,0.31707573,0.3824196,0.3071104,0.7717579,0.56132644,0.36490822,0.5933554,0.84106964,0.7207165,0.4998997,0.79838955,0.5929678,0.74005365,0.35351887,0.741708,0.54535884,0.9768605,0.3630848,0.98134965,0.49465984,1.0,0.3480531,1.0,0
0.82957774,0.25937578,0.87058014,0.22833408,0.8073301,0.22485436,0.8304462,0.17957152,0.6244974,0.16563669,0.7697724,0.3070706,0.39142215,0.31327584,0.7692323,0.541237,0.36689875,0.5794154,0.8470442,0.70794964,0.50671786,0.7671676,0.6013689,0.7232691,0.358516,0.72923666,0.51117384,0.9295963,0.35203454,0.9352405,0.4065842,0.98094374,0.31629193,0.9879138,0
0.84285843,0.25789824,0.89080423,0.22894105,0.8213832,0.22020571,0.85168886,0.18411073,0.6322185,0.15926652,0.7667053,0.31180656,0.3826318,0.3106726,0.7714567,0.5540984,0.3673419,0.5905869,0.8478597,0.7240688,0.47884074,0.8104405,0.6042225,0.7523076,0.35597643,0.7573838,0.52116114,0.9398777,0.35549802,0.94792175,0.4473018,0.9817072,0.341804,0.9919828,0
0.84260595,0.2576283,0.88306767,0.22834434,0.82412577,0.2238677,0.83657384,0.18045948,0.64725065,0.16377716,0.78967094,0.30371195,0.38451505,0.30943507,0.7949815,0.55312234,0.37132305,0.6022673,0.8647362,0.71216255,0.55984014,0.7841355,0.5948399,0.7413834,0.33488566,0.74647045,0.49496976,0.96921843,0.3382314,0.97467875,0.39459375,0.9765344,0.2942424,0.9754181,0
0.845437,0.26158708,0.88385165,0.23098761,0.8349959,0.22561802,0.81439835,0.18349563,0.65068907,0.16434656,0.7644965,0.31113866,0.3996578,0.32250077,0.80454946,0.5578886,0.35911092,0.628624,0.88836837,0.7145021,0.3430049,0.921317,0.5951847,0.79840076,0.35766274,0.8062159,0.5175644,0.9615877,0.3690295,0.9655287,0.42105764,0.95806473,0.32222378,0.9624806,0
0.8464893,0.26071444,0.88312536,0.22956069,0.8335629,0.22563335,0.8118005,0.18151712,0.64421076,0.16531181,0.7642752,0.30933926,0.39791664,0.32174838,0.80370533,0.5565319,0.3584158,0.6233142,0.8873606,0.7136606,0.35596514,0.9047288,0.5930335,0.78067136,0.357913,0.7887573,0.5106099,0.9544191,0.3720694,0.9582207,0.4052062,0.96301055,0.32023948,0.96495324,0
0.84700114,0.26047784,0.87995285,0.22978371,0.83021796,0.2258217,0.81540525,0.18436927,0.6401953,0.16819239,0.778718,0.31529087,0.3781984,0.32526258,0.8191141,0.551214,0.37144998,0.6168968,0.8807451,0.7160908,0.48156542,0.8438457,0.5965558,0.79018295,0.3305385,0.79625636,0.5022566,0.9911883,0.31939024,0.9940448,0.4401264,0.9368388,0.3151986,0.9407415,0
0.86321825,0.25851002,0.88817376,0.2242852,0.8335947,0.22626694,0.82462883,0.17770997,0.6397423,0.17556204,0.7900916,0.31428957,0.39293367,0.33078578,0.8182668,0.55639666,0.3795355,0.6146591,0.8864314,0.7211138,0.5632035,0.80856854,0.6019988,0.7792593,0.33489037,0.78646874,0.5082615,0.9941754,0.3074404,0.9961276,0.44815654,0.9367966,0.2994612,0.94034374,0
0.85511476,0.25642923,0.8856354,0.22767104,0.8376192,0.22318168,0.82028186,0.18668173,0.66572267,0.17141333,0.790666,0.31126204,0.39494258,0.3247127,0.83369493,0.5531071,0.37975731,0.6306813,0.88484704,0.73099405,0.4914348,0.8821361,0.6201488,0.79960495,0.34811208,0.8073632,0.56648445,0.98953533,0.32404256,0.99539995,0.5347523,0.92539364,0.30115923,0.93578315,0
0.85556877,0.25812167,0.88668233,0.22738528,0.8406426,0.22306147,0.81582594,0.18620782,0.6605076,0.16962372,0.78741306,0.31854615,0.38558456,0.33478296,0.83311236,0.54926103,0.35295105,0.63395506,0.8849419,0.72260886,0.40931347,0.87656736,0.61352587,0.8101166,0.33593675,0.8176489,0.5468782,0.9794628,0.29395112,0.9815605,0.5121418,0.9179746,0.25376984,0.92077297,0
0.8629451,0.25639692,0.8899676,0.22291273,0.8420956,0.2231295,0.80968726,0.1762921,0.6556288,0.16964903,0.7872495,0.31259426,0.3971803,0.33063364,0.82397854,0.5737705,0.35333526,0.638091,0.8494634,0.83176637,0.46136665,0.8907926,0.58387685,0.8131827,0.31892595,0.81999177,0.5176108,0.9825211,0.2964104,0.98405266,0.46436447,0.9378722,0.2526446,0.9411776,0
0.8620355,0.25606883,0.8934826,0.22516786,0.84556776,0.22265154,0.82219243,0.17996866,0.6716957,0.16754638,0.7922628,0.31100845,0.40042964,0.32281825,0.82366323,0.5716593,0.36739886,0.62962544,0.84707266,0.8319423,0.5360389,0.87787783,0.578126,0.8036263,0.31343654,0.8082966,0.50279933,0.9859248,0.28851476,0.9873629,0.45494103,0.938925,0.25106564,0.9410998,0
0.85130304,0.25763163,0.8845835,0.22901094,0.8403477,0.22231252,0.8086898,0.18771496,0.6730051,0.16621748,0.7724751,0.3175151,0.38322896,0.31926724,0.8205439,0.5793584,0.34381667,0.627157,0.84664327,0.8217997,0.4891846,0.8666672,0.56489927,0.8061432,0.30187184,0.8072161,0.4792186,1.0,0.2739395,1.0,0.44274503,0.93133956,0.2589899,0.93163264,0
0.84622145,0.25947922,0.8852969,0.23265901,0.83981097,0.22206305,0.817864,0.19161797,0.6738308,0.16038294,0.7704176,0.3237196,0.3747936,0.31582627,0.810154,0.596255,0.34864303,0.63457835,0.8235381,0.82039547,0.62350434,0.8370374,0.5887933,0.81580204,0.32182428,0.8158925,0.49872506,1.0,0.30870825,1.0,0.461243,0.91589606,0.29653525,0.91562617,0
0.8521511,0.25696746,0.88759565,0.2294383,0.84416914,0.22156608,0.8229472,0.18509188,0.684374,0.16121669,0.78988725,0.3100202,0.38299015,0.3111903,0.814742,0.5666158,0.32141653,0.6183178,0.8361815,0.76467246,0.54375505,0.80511636,0.5811151,0.7746631,0.3125807,0.77551967,0.4541578,0.9992652,0.2611608,0.99606305,0.3910031,0.9510791,0.23133811,0.9500456,0
0.85370165,0.25757715,0.8842312,0.22925937,0.84032804,0.2241642,0.817973,0.18720303,0.6727958,0.16953102,0.7809154,0.30911607,0.38353193,0.31804013,0.8130085,0.5540324,0.29722536,0.6180498,0.8311137,0.7458024,0.52872187,0.80078024,0.5871755,0.7656938,0.32912537,0.769968,0.45018062,0.99808425,0.2745538,0.99704236,0.37619552,0.9774977,0.24705708,0.9771554,0
0.85419106,0.258302,0.8922462,0.23124318,0.8432771,0.22342816,0.8436339,0.18519136,0.6835656,0.16117345,0.7978263,0.30436164,0.3727399,0.30506346,0.81435883,0.55121684,0.27950373,0.6051315,0.8263589,0.74915177,0.5197965,0.78107977,0.6044333,0.76832175,0.324629,0.7717895,0.5078071,0.99901223,0.28890988,1.0,0.44358858,0.9731513,0.27748397,0.9806596,0
0.85445434,0.2583962,0.89242256,0.2312372,0.8433835,0.22350185,0.8447016,0.18508956,0.68355745,0.1611754,0.7992816,0.3041818,0.3721681,0.30556247,0.81440264,0.5510069,0.27091774,0.60837644,0.82870525,0.74829435,0.5348617,0.78408015,0.6093806,0.772001,0.3260722,0.77641314,0.521876,1.0,0.2916839,1.0,0.4591579,0.9700657,0.2809542,0.98076904,0
0.86185753,0.25762722,0.9022127,0.23053007,0.85030454,0.22146086,0.84964275,0.1830327,0.68610686,0.15681386,0.7803985,0.29682288,0.3771048,0.3022473,0.7974616,0.5516814,0.2735477,0.6151399,0.8175188,0.74555093,0.2953649,0.8790544,0.6642285,0.78012276,0.3903693,0.78936476,0.6350113,0.9860336,0.36017543,0.9936484,0.6018325,0.954068,0.31692222,0.97360134,0
0.85577035,0.254227,0.8960449,0.22850299,0.84823513,0.21758468,0.8395262,0.18338633,0.6794239,0.15404545,0.76665187,0.29635492,0.3751419,0.29634103,0.7824473,0.55219394,0.25728554,0.60988533,0.8177174,0.7496275,0.340671,0.87114304,0.61950135,0.7945325,0.35005736,0.80108833,0.5652975,0.9728127,0.32699975,0.98105687,0.49104232,0.9326266,0.27253333,0.9631176,0
0.84858835,0.2583753,0.88249284,0.22959957,0.83989483,0.22188517,0.822373,0.18006474,0.6735419,0.15646416,0.7800683,0.30498603,0.37642413,0.30007797,0.8099223,0.56255424,0.26922962,0.5965379,0.8323399,0.7770395,0.5089897,0.78823215,0.595267,0.78688973,0.32472342,0.788109,0.5106857,0.973868,0.29076338,0.97660977,0.43231767,0.9285487,0.24074776,0.94925493,0
0.8422172,0.2593033,0.8844365,0.23226012,0.83864707,0.21953693,0.83095455,0.18585742,0.6802813,0.15096927,0.7692359,0.30977747,0.3676585,0.301131,0.8026576,0.5560624,0.2825888,0.59448636,0.7890133,0.72196585,0.583432,0.758217,0.591232,0.78720397,0.32152823,0.78981924,0.5159809,0.99092567,0.29254475,0.99798584,0.46139118,0.93291736,0.26272818,0.9505389,0
0.8466512,0.25542295,0.8882802,0.23059165,0.8416214,0.21811692,0.8451069,0.18551065,0.69622,0.15160929,0.79274166,0.30213264,0.38423476,0.28776357,0.79840004,0.545043,0.2785362,0.57071817,0.7527335,0.7237539,0.44707757,0.7722121,0.606707,0.7773085,0.3389725,0.7756794,0.5636643,0.9623484,0.3219319,0.958449,0.4878688,0.962018,0.26697385,0.9696796,0
0.84592223,0.25851947,0.88550735,0.23289436,0.84409237,0.22115906,0.8390258,0.18567826,0.6897281,0.1522564,0.783271,0.29952657,0.38936895,0.28675798,0.78845537,0.5425187,0.27492934,0.57808137,0.77501523,0.7191939,0.5544167,0.75546676,0.6246939,0.7830472,0.35112932,0.7842042,0.5955948,0.94450426,0.325413,0.94566274,0.5224306,0.93462664,0.25142062,0.9550401,0
0.85116416,0.2546798,0.8905791,0.22930843,0.8485859,0.21726659,0.84966785,0.18451805,0.69849896,0.1488494,0.80749923,0.30719617,0.39407495,0.28547454,0.817236,0.5506074,0.29834974,0.56597924,0.8428025,0.7120642,0.5540884,0.7509854,0.6434309,0.76638836,0.3575716,0.7645621,0.6449726,0.9497933,0.32729408,0.95166034,0.5919502,0.96930015,0.26204857,0.98714346,0
0.84423476,0.25583962,0.8811607,0.22953776,0.8437683,0.21693926,0.83722186,0.18260719,0.6893944,0.14561798,0.7915347,0.30925104,0.3979984,0.2828254,0.79721713,0.5559842,0.26267195,0.5622991,0.79835314,0.7084136,0.52475595,0.7515318,0.642425,0.7886157,0.36282924,0.7855827,0.64010817,0.95595706,0.3248667,0.9574136,0.58286715,0.9360634,0.2620499,0.9592375,0
0.84928805,0.251548,0.8860506,0.2265638,0.8487693,0.21330974,0.8399052,0.18412504,0.70896894,0.14729157,0.7831201,0.30696535,0.39325815,0.27921537,0.7782448,0.55449766,0.2571723,0.55889857,0.7872496,0.72653294,0.51879734,0.7650374,0.5643187,0.83251417,0.28971812,0.82927597,0.61987,0.96015036,0.30482525,0.9689241,0.58646613,0.9282681,0.30564415,0.95006394,0
0.85757285,0.24717133,0.89987737,0.22466643,0.85566145,0.20876223,0.8654409,0.183251,0.71378523,0.13988365,0.813445,0.30209783,0.3918397,0.2666568,0.8029115,0.54734856,0.26985496,0.54147935,0.7379692,0.7140867,0.50214916,0.7503676,0.61245114,0.74694496,0.3217594,0.73892844,0.6265602,0.982174,0.2884571,0.9813017,0.5750566,0.9628277,0.27314645,0.9821446,0
0.845992,0.25197703,0.88846785,0.22997634,0.847654,0.2126959,0.84825474,0.18627104,0.7095658,0.14043054,0.783719,0.3018495,0.38518873,0.27126545,0.7871586,0.5524279,0.27243125,0.5644524,0.7867778,0.72233945,0.5266848,0.7612437,0.6178499,0.8304977,0.32616407,0.828159,0.6615309,0.9880354,0.29586443,0.99672127,0.637179,0.8599022,0.29584342,0.8987007,0
0.8484036,0.24472703,0.8882175,0.22349547,0.8472478,0.20758015,0.85045177,0.18351184,0.71488196,0.14156123,0.7973299,0.29725447,0.39210084,0.26823434,0.80973077,0.5439012,0.2704552,0.5572634,0.8503164,0.71142256,0.52643174,0.75478804,0.61457163,0.7965265,0.3225382,0.79321676,0.638041,0.9857574,0.2709924,0.995741,0.6140455,0.8894576,0.2643206,0.92782646,0
0.842713,0.24402595,0.8824042,0.22282843,0.84501374,0.20403068,0.8317077,0.18552952,0.71218026,0.13758893,0.76838905,0.3089934,0.37997952,0.2738784,0.82142806,0.5494056,0.25562543,0.55330276,0.8154613,0.71096635,0.5339333,0.73797405,0.57980174,0.8111149,0.31216994,0.80490446,0.5762355,0.99999994,0.29080388,0.99999994,0.55235875,0.8987634,0.2989658,0.93096846,0
0.8440467,0.25541732,0.8959004,0.23707986,0.85278785,0.21315181,0.8639497,0.19211085,0.71571225,0.13025694,0.79448235,0.30404982,0.3756061,0.26010162,0.817915,0.5462723,0.27188408,0.5459455,0.821177,0.7279888,0.52657324,0.740005,0.61167085,0.80873764,0.31444535,0.8012605,0.62533706,0.9910143,0.29857036,0.9984455,0.61191195,0.8724081,0.29431352,0.9001928,0
0.8582952,0.24741283,0.90194094,0.22634774,0.86110604,0.20665784,0.86944175,0.18626614,0.7263709,0.13511214,0.8099064,0.3105279,0.38896844,0.2665021,0.80726826,0.554262,0.25661492,0.5377799,0.77149284,0.7083198,0.51898044,0.72469175,0.61568135,0.83116984,0.3142378,0.8227476,0.65823054,0.9899203,0.30743945,0.99198097,0.65139294,0.8574217,0.3271193,0.8883837,0
0.855605,0.24657246,0.9045252,0.22645788,0.85754246,0.20534967,0.8749415,0.18605766,0.72205687,0.13197955,0.80242664,0.3045029,0.37388057,0.2691911,0.8326086,0.53369087,0.26083657,0.5420464,0.85321635,0.7035305,0.5260517,0.7304967,0.6189736,0.8079318,0.31566122,0.80371815,0.62170666,0.98504585,0.28819042,0.9969081,0.6068699,0.85068554,0.29045606,0.887617,0
0.8458187,0.248801,0.895418,0.22772332,0.84682727,0.20602351,0.879881,0.18834247,0.7099271,0.13199657,0.81845474,0.3079931,0.37879518,0.26474527,0.81213313,0.54355747,0.2595526,0.5436134,0.78625226,0.7125892,0.51602995,0.72420955,0.60173154,0.7926332,0.29879415,0.78264105,0.5704687,0.9838031,0.29690605,0.98253,0.5081918,0.87219477,0.3036482,0.8942153,0
0.8473409,0.24961454,0.8972432,0.22819592,0.8493453,0.20634916,0.88063884,0.18830146,0.7115574,0.13147792,0.81472915,0.30866873,0.37876496,0.26498345,0.8074965,0.5453382,0.2639023,0.5454747,0.7851153,0.71443915,0.5194052,0.72572196,0.5845264,0.7993831,0.28314978,0.78838557,0.54069954,0.98415715,0.2738881,0.98206246,0.47201923,0.85759854,0.2789265,0.8794841,0
0.8525577,0.254256,0.90100306,0.2307416,0.8549273,0.21074107,0.8809206,0.18522157,0.7120501,0.13183802,0.8101144,0.30541965,0.3741985,0.26655972,0.81350267,0.5388049,0.2501511,0.5460522,0.7965801,0.70386034,0.50613564,0.72460705,0.58586806,0.8344615,0.28085673,0.8260311,0.5499868,0.99145013,0.2687255,0.99044234,0.49850255,0.8493623,0.2749451,0.8752322,0
0.84899104,0.2490267,0.89791894,0.2267529,0.8505739,0.20531052,0.8797181,0.18669423,0.7112628,0.13073564,0.8127039,0.30840957,0.3734996,0.26671714,0.8230011,0.5346901,0.25784993,0.5424343,0.808665,0.6959134,0.51126456,0.7252271,0.5797759,0.82246584,0.27463782,0.8117509,0.52414054,0.99555695,0.2510966,0.9919989,0.4645877,0.84687924,0.26185575,0.8713401,0
0.8493542,0.25109074,0.8940118,0.22853255,0.8530506,0.2073943,0.8689264,0.18722448,0.7177788,0.13227041,0.81812036,0.3139195,0.38214183,0.26776513,0.8147682,0.54919714,0.24322085,0.5390161,0.81253254,0.7127991,0.5039933,0.7199875,0.6012829,0.8194754,0.29274136,0.8081901,0.5793676,0.9887387,0.2611211,0.9878926,0.53107303,0.8424904,0.27496502,0.86887246,0
0.84868807,0.25882667,0.8987216,0.23657511,0.8509405,0.21423139,0.8744975,0.1916107,0.7069421,0.13318543,0.8089506,0.31484613,0.37497267,0.26619768,0.8128905,0.5513712,0.23853749,0.53566766,0.80906904,0.7202218,0.5070342,0.7183124,0.5964624,0.80920136,0.3005845,0.7978106,0.5458095,0.99462855,0.28769508,0.9913784,0.48545718,0.8791219,0.28712332,0.90626365,0
0.8537039,0.25703523,0.90145046,0.23433654,0.85734624,0.21284163,0.87307566,0.19047679,0.7124009,0.13339143,0.80948985,0.3116224,0.37969238,0.2652431,0.81874996,0.54366904,0.24174657,0.53679174,0.8283888,0.7077673,0.5251766,0.7249857,0.58893687,0.8362755,0.28827885,0.82643515,0.54541993,0.9901671,0.27463835,0.9917202,0.49698734,0.8392355,0.2848673,0.87120086,0
0.8514908,0.25226456,0.89784557,0.2295607,0.8546746,0.20868947,0.8693282,0.18779907,0.7126882,0.13256492,0.8041577,0.30925104,0.38104293,0.2650306,0.80944896,0.53976214,0.23644826,0.5366025,0.82043505,0.7046519,0.5246817,0.7238631,0.5829245,0.83754665,0.2861057,0.82824564,0.54182065,0.9916065,0.2695887,0.99271506,0.49167615,0.8407078,0.2781218,0.87125236,0
0.85266244,0.25107378,0.89905274,0.22703497,0.84925735,0.20840144,0.87872493,0.18438569,0.7073454,0.13485967,0.82285315,0.3128172,0.38778752,0.26907408,0.8031706,0.5505024,0.24019015,0.53363127,0.67937154,0.7048848,0.5025411,0.71840173,0.58065337,0.80040437,0.27957165,0.78738904,0.5387777,0.98642796,0.25536865,0.9827849,0.4827654,0.87038505,0.26120052,0.89293677,0
0.8525684,0.2474252,0.8928374,0.22374067,0.8502876,0.20674783,0.86279315,0.18601257,0.7115861,0.14240141,0.80083364,0.30827942,0.38648176,0.27870455,0.76984715,0.53471893,0.23477353,0.5461425,0.6377616,0.6904433,0.50488293,0.722294,0.5829587,0.8099195,0.28543872,0.80192643,0.5349974,0.98485994,0.22590314,0.9856838,0.48333958,0.8552052,0.24029438,0.8762493,0
0.8522134,0.25031105,0.8991391,0.22714703,0.85025054,0.20798871,0.8766493,0.18519735,0.70631826,0.13601646,0.8025087,0.30324253,0.38454592,0.2685386,0.765866,0.54012644,0.23913036,0.54636633,0.64463174,0.69390905,0.50764376,0.7196951,0.5801834,0.81375873,0.28360155,0.80469096,0.5300863,0.97799796,0.24376155,0.9775042,0.47313312,0.8583431,0.24942595,0.88094366,0
0.8510186,0.24936754,0.8967329,0.22429356,0.85004497,0.20595048,0.87480235,0.18302013,0.71038276,0.13487798,0.81782234,0.31270492,0.38063875,0.27891153,0.79205275,0.5450279,0.25119355,0.54902804,0.6511545,0.7014562,0.5106806,0.7262778,0.5907736,0.8231463,0.28496167,0.81457466,0.52312887,0.9800055,0.24047251,0.98259723,0.4612502,0.84833366,0.26371804,0.8747659,0
0.8593022,0.25692794,0.9057873,0.23460743,0.8639415,0.21293555,0.87359214,0.19103332,0.7187636,0.13572162,0.80541337,0.3151361,0.38412344,0.27309754,0.7735742,0.5550793,0.23835912,0.5492055,0.6385367,0.69476104,0.5068985,0.70975286,0.5867211,0.81410074,0.28823942,0.8021902,0.54155046,0.9766918,0.2520811,0.970938,0.49765748,0.86336863,0.25739852,0.88128024,0
0.85330635,0.2548022,0.8997842,0.23272836,0.85776126,0.21094729,0.87146926,0.19128789,0.7179532,0.1363041,0.8105314,0.31763965,0.3829281,0.27561614,0.77811694,0.55779946,0.23713891,0.55071616,0.638717,0.6951663,0.5077661,0.70860404,0.5956999,0.8178898,0.29262945,0.8059755,0.55257833,0.97728235,0.26062742,0.97097135,0.5150504,0.857807,0.26925197,0.8766203,0
0.848908,0.2492811,0.89596385,0.22761922,0.8489464,0.20632324,0.8754595,0.19181412,0.7130729,0.13833752,0.8085659,0.3155352,0.39032716,0.26989168,0.7742627,0.5623885,0.22995314,0.54644966,0.6619786,0.7057497,0.5013547,0.7229348,0.57569,0.8517984,0.2712787,0.8399805,0.56518924,0.98808426,0.24651985,0.9888252,0.53894204,0.83201295,0.27613193,0.8566188,0
0.84484303,0.24811114,0.8867477,0.22414914,0.846538,0.20551388,0.8556842,0.18538027,0.7164159,0.13693146,0.8057633,0.31643128,0.40151072,0.27495238,0.8075232,0.55904806,0.23847072,0.5447052,0.80690366,0.7248027,0.5079929,0.73006916,0.59405303,0.85696065,0.30319938,0.8481991,0.5579754,0.98549837,0.2606163,0.9926972,0.51679546,0.83245426,0.27665728,0.86952215,0
0.85633963,0.24474497,0.904677,0.22210619,0.8515685,0.20175539,0.8937307,0.18711594,0.7186145,0.13504599,0.83937794,0.31456116,0.40120178,0.27031067,0.8291273,0.5472386,0.24239966,0.5403907,0.7780433,0.69576687,0.50948226,0.7212025,0.5893601,0.8149933,0.28335103,0.80165267,0.5366948,0.9844088,0.2433699,0.98391545,0.46561947,0.8520313,0.25492805,0.8783483,0
0.8646778,0.24702562,0.9088534,0.22161229,0.8594905,0.20339924,0.884775,0.18271145,0.7161934,0.13485889,0.83475786,0.31641945,0.39569515,0.27676526,0.82421863,0.55423266,0.24895014,0.54752487,0.6644712,0.69118756,0.5197644,0.7122357,0.5907591,0.82530284,0.28612536,0.8126895,0.5165063,0.99104816,0.24814494,0.9857009,0.44845548,0.85811645,0.2663134,0.88224024,0
0.8612112,0.24719599,0.90863085,0.22264276,0.85722125,0.20264594,0.8909298,0.18486021,0.7144663,0.13302697,0.83634,0.3155808,0.38661218,0.27645192,0.824352,0.5423297,0.2460905,0.5461183,0.70166695,0.69368196,0.5142757,0.7131576,0.5798071,0.8121888,0.26981086,0.7998614,0.5069666,0.99015266,0.23129502,0.9870017,0.42767063,0.8682872,0.25164652,0.8907863,0
0.85630125,0.2478525,0.9032139,0.22341979,0.8533693,0.20372808,0.8847979,0.18502997,0.71214163,0.1336727,0.8359456,0.31568384,0.38789836,0.27589154,0.8225275,0.5466249,0.24608785,0.5460827,0.6848756,0.6948876,0.51669306,0.71228987,0.58904666,0.81165457,0.27909726,0.799346,0.5225696,0.98878986,0.2401013,0.9858428,0.44668147,0.8694246,0.25598824,0.8931417,0
0.86042285,0.24736072,0.90733814,0.22272362,0.85851866,0.20407067,0.88576686,0.18266709,0.7182214,0.13354062,0.83501285,0.31302628,0.40146738,0.27187723,0.8220252,0.5526315,0.25107628,0.53837425,0.65279585,0.6876211,0.5028344,0.71193343,0.5648986,0.7943815,0.2743837,0.78010654,0.4644974,0.97935337,0.24290687,0.9742982,0.3684171,0.8761583,0.25169042,0.8938316,0
0.8598925,0.24449214,0.90575624,0.22064836,0.8579265,0.20109898,0.8814185,0.18368082,0.718755,0.1323902,0.827266,0.3163808,0.39856774,0.2704547,0.8321585,0.5607998,0.2593962,0.5409284,0.8213704,0.71188974,0.51424813,0.71687615,0.5899056,0.825996,0.29315656,0.81346506,0.50275576,0.98181564,0.25265688,0.98198646,0.4257535,0.8395947,0.26564485,0.87171054,0
0.8587411,0.24532896,0.9033705,0.2213458,0.8569745,0.20292737,0.87853616,0.18481305,0.71634007,0.1355235,0.82828176,0.3146076,0.39738128,0.27057263,0.8318905,0.55236787,0.24369583,0.5360285,0.8206998,0.69973797,0.50665313,0.7123291,0.5886372,0.82516086,0.29177424,0.8131482,0.49673212,0.97836536,0.25126103,0.97773546,0.41517293,0.84094596,0.2646891,0.8699003,0
0.86011237,0.24691261,0.90578794,0.22280358,0.8571868,0.20295018,0.88486767,0.18544216,0.71846116,0.13363522,0.8336442,0.31671542,0.3978412,0.270089,0.8423218,0.5566548,0.25823244,0.5386639,0.8360293,0.71447504,0.5019641,0.7151351,0.6051695,0.8191086,0.30106068,0.80593204,0.5430426,0.987573,0.25838855,0.9836267,0.47333807,0.8457897,0.26835707,0.8745709,0
0.8530326,0.24816538,0.9009277,0.22516677,0.8510434,0.20460686,0.8827257,0.18622474,0.7126952,0.13242353,0.831388,0.31192595,0.3971222,0.2654316,0.8313439,0.55371594,0.2462318,0.5402859,0.82977295,0.71561915,0.48875457,0.7143787,0.6062263,0.81092817,0.3056478,0.7981409,0.526459,0.9869947,0.25118133,0.9860938,0.44985414,0.858373,0.25233346,0.8911338,0
0.8530326,0.24816538,0.9009277,0.22516677,0.8510434,0.20460686,0.8827257,0.18622474,0.7126952,0.13242353,0.831388,0.31192595,0.3971222,0.2654316,0.8313439,0.55371594,0.2462318,0.5402859,0.82977295,0.71561915,0.48875457,0.7143787,0.6062263,0.81092817,0.3056478,0.7981409,0.526459,0.9869947,0.25118133,0.9860938,0.44985414,0.858373,0.25233346,0.8911338,0
0.84846085,0.24687426,0.8964713,0.2248947,0.8476337,0.20364164,0.8837275,0.18660486,0.7133175,0.13177098,0.83693314,0.30865425,0.39600626,0.26404524,0.8369573,0.53802705,0.2626924,0.53451544,0.79212964,0.68920606,0.49383983,0.7102957,0.6169727,0.8105719,0.30379164,0.7976101,0.57870996,0.9871778,0.24447334,0.9844017,0.5239189,0.8500211,0.25354415,0.8774541,0
0.8478185,0.24833377,0.8983205,0.22687167,0.8490424,0.20397146,0.8862866,0.1911679,0.7114288,0.13167867,0.8380094,0.31496838,0.3874916,0.26499772,0.83534753,0.5433886,0.25439325,0.53364307,0.7917631,0.68739295,0.4978481,0.70443696,0.6105431,0.8129528,0.29188296,0.7988329,0.5778555,0.9730694,0.24567771,0.9693599,0.52128476,0.85638803,0.2577961,0.8837452,0
0.8498956,0.24872902,0.8986266,0.22710474,0.85144675,0.20480673,0.8813371,0.19006623,0.7148223,0.13205509,0.8290023,0.31560647,0.3947977,0.26482198,0.8294435,0.5506037,0.25491625,0.5332626,0.79350096,0.68557084,0.4895045,0.7051001,0.59214634,0.8146263,0.290792,0.80001926,0.53019637,0.9762704,0.24825403,0.97397935,0.4571223,0.86168444,0.25678954,0.88789266,0
0.8524495,0.24933818,0.90101707,0.2273873,0.8515444,0.20537974,0.88288265,0.18760298,0.7151444,0.13098149,0.8318672,0.31046587,0.3967577,0.26050717,0.83525836,0.5548058,0.25155833,0.5359857,0.84212714,0.7164929,0.4889193,0.71114516,0.6282629,0.8219165,0.31551632,0.8091721,0.59819657,0.9931962,0.25596958,0.9925271,0.5630387,0.8523859,0.2601429,0.88677394,0
0.85483205,0.24908727,0.90703523,0.22653796,0.8537068,0.20420943,0.89548516,0.1838064,0.71914864,0.12677807,0.8412216,0.3092673,0.4004773,0.25730237,0.8447209,0.5590048,0.25546187,0.5281304,0.86118406,0.725975,0.48315826,0.7097266,0.62168646,0.8266231,0.31562483,0.8133212,0.5415964,0.98084366,0.26547328,0.98412,0.4857475,0.8404043,0.27194408,0.8812575,0
0.84771454,0.2487552,0.8992733,0.22626784,0.845049,0.20433393,0.89158344,0.1849819,0.713789,0.1289294,0.8372782,0.30966967,0.4066724,0.2591373,0.8348442,0.5549519,0.2687979,0.52929157,0.8299532,0.7131527,0.4843156,0.70913833,0.60916,0.8332337,0.31036386,0.8190231,0.5173548,0.9834949,0.25871906,0.98465925,0.45684165,0.8418027,0.2702352,0.8790536,0
0.84621614,0.24971057,0.8956807,0.22679387,0.84589493,0.2056125,0.88612026,0.18426722,0.7156175,0.12990835,0.8369724,0.30925888,0.4078516,0.26106215,0.8253258,0.5500167,0.26530963,0.5301474,0.81398606,0.68762726,0.4869487,0.7058041,0.6100474,0.8467931,0.30781236,0.83367914,0.53980035,0.98462015,0.2642549,0.9848883,0.48752418,0.836393,0.27741626,0.87034845,0
0.85782605,0.24868761,0.9111448,0.22561654,0.85472614,0.20306157,0.9019328,0.18347643,0.71643645,0.12591237,0.836656,0.31053925,0.40206525,0.2576781,0.8292813,0.55543834,0.24663268,0.52654916,0.8401875,0.7105685,0.48381007,0.7057834,0.6069223,0.829473,0.3079031,0.8149672,0.5160404,0.986214,0.26279885,0.9838702,0.45589334,0.8487487,0.27273965,0.88291925,0
0.85512763,0.24711898,0.9087276,0.22471386,0.85179394,0.20192717,0.9004509,0.18420686,0.7140106,0.12618575,0.8373414,0.3086081,0.3978597,0.25571224,0.83541244,0.55121005,0.24714541,0.5252543,0.84009576,0.7082136,0.4778526,0.7103469,0.60556626,0.8262749,0.3048388,0.81105894,0.5139123,0.9944176,0.26357922,0.98820955,0.45222774,0.8534099,0.27680543,0.8843113,0
0.85309684,0.24860266,0.9057887,0.22734572,0.8506947,0.20454101,0.8956451,0.18794763,0.71497643,0.12972264,0.8403806,0.3096165,0.4079429,0.25439525,0.8363578,0.5543689,0.25136378,0.5242999,0.8309531,0.7086368,0.4844993,0.7026322,0.60052174,0.82278866,0.3040352,0.8057212,0.50629216,0.9904745,0.25857812,0.98232067,0.43866932,0.84982,0.26089594,0.8809364,0
0.8483588,0.25002298,0.9011927,0.22803447,0.8464216,0.20503125,0.8966232,0.1865674,0.71652055,0.12877205,0.8434277,0.30980253,0.4089697,0.2586905,0.8335962,0.54518175,0.25743043,0.5240371,0.8056601,0.68822664,0.48977327,0.7067324,0.61759585,0.8106536,0.3207829,0.7950223,0.52594286,0.98449385,0.2704451,0.9763145,0.45140007,0.8490548,0.27205813,0.87650484,0
0.84730935,0.24992357,0.901226,0.2281703,0.8451018,0.20470464,0.89932364,0.18699597,0.7161502,0.12836955,0.8461972,0.3091008,0.40978262,0.25799304,0.8362837,0.54245555,0.25725842,0.523673,0.8017257,0.6851373,0.4901397,0.7061257,0.6177654,0.81138396,0.31981632,0.79542685,0.5260769,0.9845676,0.26885659,0.97585833,0.4519745,0.8494001,0.27225426,0.87599653,0
0.8531593,0.24306904,0.90288794,0.22185455,0.8520196,0.19915321,0.8865093,0.18495806,0.7201675,0.12793307,0.8313993,0.30894423,0.40811276,0.25669336,0.836142,0.55118287,0.25150833,0.52538586,0.8535426,0.7112785,0.48845127,0.7061411,0.60785216,0.8154711,0.31738532,0.8002189,0.5169738,0.98803455,0.26322678,0.981636,0.44968158,0.8562831,0.2615288,0.88911676,0
0.84827644,0.24342582,0.9011174,0.22188431,0.8450053,0.1987479,0.89310986,0.18381423,0.7135771,0.12599692,0.84010005,0.308783,0.4025002,0.2571477,0.8403834,0.5490925,0.2492368,0.52730143,0.82955223,0.70296884,0.4986596,0.7012529,0.6096463,0.8188041,0.31172305,0.80297035,0.5187327,0.98980546,0.27091563,0.9789381,0.45253,0.85709506,0.2653398,0.885687,0
0.84705174,0.24615005,0.8997543,0.22418965,0.8416217,0.2022541,0.896496,0.18557285,0.7091175,0.13020247,0.84489155,0.31009966,0.39889655,0.25976434,0.8349528,0.5484698,0.24531004,0.5263323,0.82154953,0.69634044,0.48931026,0.7032169,0.6176244,0.8052339,0.31231678,0.79017943,0.53978676,0.9866059,0.26661393,0.9792272,0.47148797,0.86384994,0.26086766,0.893732,0
0.84739286,0.2462342,0.90071005,0.22495802,0.844382,0.2018206,0.8945572,0.18630165,0.7094797,0.12781367,0.83799165,0.3080787,0.39522535,0.25745186,0.8450003,0.5408428,0.24660467,0.5256124,0.82449,0.6939412,0.49489328,0.7014883,0.60804254,0.80900407,0.3062511,0.7936841,0.53141564,0.99019295,0.26650524,0.9803812,0.4627291,0.8625971,0.26426542,0.88944656,0
0.8461049,0.24730982,0.8997643,0.22600935,0.8423862,0.20308557,0.89539784,0.18686508,0.709047,0.12902889,0.83886695,0.3085401,0.39765126,0.2584955,0.8456545,0.54061073,0.252926,0.52304703,0.81553835,0.69505537,0.4933614,0.6986927,0.6117009,0.7964216,0.31449,0.78094786,0.5186485,0.9830373,0.26846027,0.9729934,0.4370258,0.871595,0.25063807,0.8993715,0
0.84571844,0.24707349,0.89947677,0.2259713,0.8418481,0.20307182,0.8958672,0.18735665,0.70880103,0.12954435,0.8393257,0.30825043,0.39797845,0.25814506,0.84422934,0.5393801,0.2528365,0.52166677,0.8121018,0.6926489,0.48488685,0.70075613,0.6138772,0.78973293,0.3153524,0.77443665,0.5263251,0.9828335,0.26584083,0.9748592,0.4459544,0.87062865,0.25058946,0.90001374,0
0.84240305,0.24742809,0.89317316,0.22574465,0.84108657,0.20409657,0.8858282,0.18506402,0.7090259,0.12892836,0.8409397,0.30607384,0.39754465,0.2561291,0.8497411,0.5382963,0.2479924,0.5246947,0.82470024,0.68819344,0.49341163,0.69406664,0.58944744,0.8064568,0.28846952,0.7907228,0.5073417,0.9870284,0.25957268,0.97945625,0.4327124,0.8477611,0.27281472,0.87559634,0
0.8471022,0.24643421,0.89830154,0.22480986,0.84539115,0.2029521,0.88941514,0.18386172,0.7128339,0.12754983,0.8396638,0.30755845,0.40077063,0.2565522,0.8388138,0.54635215,0.25770792,0.52580315,0.8189466,0.69261855,0.49441448,0.6953815,0.5839411,0.8011079,0.28885356,0.7850123,0.48373535,0.9834211,0.2600007,0.97757065,0.3967963,0.8549759,0.27103853,0.8826295,0
0.84588885,0.24286932,0.89686656,0.22125976,0.84295404,0.19940203,0.8886076,0.18118991,0.713294,0.12552479,0.84334064,0.30415443,0.40007588,0.2561466,0.84397453,0.53639144,0.25139493,0.52519137,0.8269099,0.6937903,0.4943577,0.6893198,0.5819307,0.7848944,0.28925446,0.769117,0.4706506,0.98237145,0.26793274,0.9730995,0.37876615,0.862955,0.26754287,0.8892784,0
0.84493077,0.24155657,0.8963561,0.22038686,0.842967,0.1979546,0.8902385,0.18124865,0.7144523,0.12425751,0.8429166,0.3035555,0.40019011,0.25570887,0.8494326,0.5257227,0.2540846,0.5202081,0.8212876,0.673784,0.5027434,0.68169063,0.58616793,0.78783816,0.28964084,0.7719213,0.4911132,0.984699,0.25923386,0.97522026,0.39581895,0.8613622,0.2590717,0.8885285,0
0.84533894,0.2410984,0.8956918,0.21995781,0.8420651,0.19786766,0.8928702,0.17991294,0.71306247,0.12402248,0.8524287,0.3005648,0.39395845,0.25422627,0.849632,0.52582973,0.2514543,0.5216267,0.83123565,0.67175794,0.49835864,0.6881306,0.6380055,0.77932435,0.31441513,0.7671659,0.64221627,0.9850763,0.28273806,0.98377,0.5991209,0.87664646,0.27121037,0.90548885,0
0.84000856,0.24082203,0.8921133,0.21983202,0.83757097,0.19731195,0.8925909,0.18133,0.7133066,0.12438668,0.84790003,0.30489555,0.39959008,0.25456896,0.84371734,0.5294837,0.24996832,0.5178722,0.82890666,0.6722254,0.4966045,0.6880365,0.60067075,0.7770481,0.2984583,0.7613584,0.5347658,0.98311454,0.27646086,0.9757487,0.4328274,0.8664787,0.27576378,0.8919576,0
0.8421902,0.24156281,0.89457226,0.22069415,0.84115434,0.19757518,0.8921064,0.18233393,0.7169202,0.12414855,0.84340477,0.30665568,0.40355843,0.25438023,0.8444939,0.53337675,0.25130066,0.51703435,0.82298815,0.6764471,0.50399214,0.6912397,0.58700335,0.7984202,0.29131457,0.78203326,0.51152676,0.98031837,0.2781826,0.9718376,0.42012927,0.8464944,0.2861256,0.87517774,0
0.8456092,0.2437579,0.8984234,0.22260138,0.8449004,0.19945735,0.8913224,0.1835328,0.7150351,0.12472305,0.8345447,0.30749163,0.4066732,0.25667998,0.8410363,0.53280044,0.25224614,0.5190582,0.8240198,0.66896915,0.5222965,0.6869677,0.5882575,0.800936,0.30041194,0.7862277,0.5063961,0.983796,0.28624433,0.9782514,0.42624968,0.85417134,0.2823813,0.88633347,0
0.8382086,0.24236192,0.8888852,0.2215454,0.83809626,0.19881089,0.88360095,0.18117976,0.7146669,0.124090426,0.83660424,0.30231023,0.40336177,0.25596723,0.8519047,0.5199805,0.26164678,0.5160466,0.81576645,0.6616103,0.5266109,0.6785624,0.6023832,0.7740762,0.30854037,0.7605238,0.55084664,0.98092234,0.28852317,0.97690403,0.47029853,0.868145,0.28122607,0.8983289,0
0.8379556,0.24221371,0.88709205,0.22140685,0.8370807,0.19919136,0.8768228,0.18077038,0.713046,0.12514481,0.8334707,0.3019023,0.39947554,0.257574,0.8462728,0.5248241,0.26087022,0.5191521,0.80048627,0.658365,0.5488769,0.67587453,0.62274456,0.77042264,0.32823685,0.7591533,0.56529206,0.9799134,0.3040449,0.97920793,0.4955706,0.8737732,0.28803405,0.90993357,0
0.8403578,0.24172358,0.889597,0.22065613,0.83627844,0.19907239,0.8816612,0.18496533,0.7103202,0.13061976,0.84179693,0.3118914,0.39467037,0.26490787,0.8518556,0.5310731,0.25092357,0.51894593,0.82474184,0.6647948,0.5596897,0.6542823,0.6026361,0.76538193,0.3028316,0.7509404,0.5212482,0.97834957,0.26861882,0.97263753,0.4362614,0.88225895,0.26420563,0.9147514,0
0.84258413,0.24287175,0.89273196,0.22249626,0.8410123,0.1989949,0.8830989,0.1839591,0.71470314,0.12538952,0.84195775,0.30760816,0.39727056,0.2584029,0.8543647,0.5307145,0.25937182,0.5194304,0.8305855,0.66378444,0.55357045,0.65867823,0.6198483,0.769466,0.31989715,0.7553289,0.5462771,0.9781488,0.28645143,0.9732567,0.4735605,0.87442964,0.28148982,0.9085046,0
0.84446204,0.24207015,0.89380234,0.22061911,0.83906144,0.19960098,0.88684225,0.18302907,0.7098671,0.12909603,0.8496472,0.30979347,0.40059724,0.25997508,0.8512189,0.5396683,0.25225285,0.5212304,0.82287073,0.6722926,0.57093793,0.6475892,0.6068154,0.782808,0.3031157,0.7672444,0.5261165,0.9864991,0.2738591,0.9796608,0.44690824,0.86590505,0.27523366,0.8983872,0
0.85586405,0.23515302,0.9030358,0.21330611,0.8469383,0.1937897,0.891593,0.17853898,0.7140325,0.12855786,0.85072523,0.30176818,0.40587664,0.25904354,0.86828995,0.5207086,0.24753012,0.51418483,0.8060256,0.64722115,0.5845869,0.6377532,0.62026024,0.76434016,0.32017553,0.752156,0.55223495,0.98591703,0.2933391,0.98202336,0.47441956,0.88959116,0.2799365,0.92445195,0
0.84335923,0.25280175,0.89414203,0.23189607,0.8408993,0.20999072,0.8865342,0.18918933,0.7126964,0.13472532,0.838008,0.3038823,0.3985959,0.26044467,0.84437704,0.5269,0.26140758,0.5147631,0.6969455,0.62942183,0.57011,0.6414137,0.62458235,0.76458,0.32751888,0.75235647,0.55582196,0.97368866,0.29033265,0.97286373,0.48317385,0.8995305,0.27674976,0.9298335,0
0.85415494,0.24155295,0.90042657,0.21968897,0.8470671,0.20007533,0.8840205,0.18263482,0.71071845,0.13167171,0.84589434,0.30582348,0.40547392,0.2568396,0.84725034,0.5489157,0.26799583,0.51504326,0.81462526,0.7227369,0.5688968,0.64649785,0.6609678,0.7709489,0.34915018,0.75937647,0.6424588,0.97545224,0.3090399,0.9749927,0.610228,0.8841714,0.2798104,0.92548585,0
0.84247804,0.2490768,0.89389324,0.22887583,0.84063697,0.2063916,0.89406294,0.18697165,0.7150857,0.13187012,0.83608687,0.29218644,0.3925641,0.2564065,0.80324,0.50488144,0.26450437,0.5175623,0.6694634,0.6322259,0.57112753,0.64810306,0.6459235,0.74082685,0.32681218,0.73379815,0.6694342,0.96301013,0.27745908,0.96754956,0.66825527,0.9150172,0.2651752,0.94295955,0
0.8499416,0.24929924,0.8999078,0.2287035,0.84788615,0.20694758,0.89774376,0.1871003,0.7194058,0.13358639,0.8307183,0.2905545,0.3917449,0.25674635,0.78912157,0.4990456,0.26599923,0.51605695,0.66677314,0.62820137,0.5762257,0.6424432,0.6439443,0.7414886,0.32576773,0.73544925,0.6800256,0.9616387,0.28163275,0.9637387,0.6767552,0.9171084,0.26642603,0.941781,0
0.84166974,0.2464638,0.8911258,0.22621761,0.8373333,0.20464596,0.8928911,0.18831262,0.7169975,0.13517551,0.8593664,0.30901015,0.39969236,0.2582394,0.8612721,0.55005777,0.26632166,0.5163163,0.7921833,0.68360966,0.5567529,0.6664956,0.63951266,0.7861917,0.31432828,0.7722306,0.6511951,0.976999,0.27952132,0.97865313,0.6240212,0.87983316,0.28276956,0.9121521,0
0.8426792,0.24625152,0.88744706,0.22506188,0.83961195,0.20558721,0.8800146,0.18427438,0.7115642,0.13363904,0.8632756,0.30292743,0.39877966,0.2568654,0.878399,0.53678524,0.2724293,0.51394695,0.77371097,0.67527395,0.5242397,0.68018025,0.69623,0.7472721,0.34760103,0.73807174,0.8308301,0.95487416,0.30266663,0.95275724,0.857822,0.8770761,0.24648978,0.90565073,0
0.8422871,0.2422803,0.8881273,0.22040933,0.83493614,0.20092893,0.8835578,0.18121299,0.70786583,0.1344647,0.8514211,0.2991844,0.40579107,0.25809082,0.83998233,0.53479725,0.2705717,0.5157049,0.6508636,0.68613183,0.51374024,0.69214463,0.62372637,0.75149024,0.30881748,0.7368812,0.59782434,0.9607962,0.26007223,0.958266,0.5499751,0.8877774,0.24315462,0.9227564,0
0.84122634,0.24572201,0.8888496,0.22383194,0.8334129,0.20463134,0.88951653,0.18374288,0.708303,0.1356593,0.85342216,0.30791503,0.39698467,0.26269826,0.8416175,0.5490514,0.2752782,0.5212577,0.62751013,0.705499,0.5238708,0.70965475,0.6220312,0.7725274,0.29731503,0.75758874,0.63946,0.9690463,0.25483644,0.9667828,0.6381356,0.90362835,0.27291673,0.92567,0
0.83730304,0.24036986,0.89005345,0.21873027,0.83022577,0.19656295,0.8968377,0.17951712,0.71257704,0.12554091,0.8594054,0.31054497,0.40774888,0.2554491,0.85471284,0.55880576,0.28307313,0.52069443,0.7458527,0.7199503,0.49391654,0.7398481,0.57676804,0.8173251,0.27353457,0.7949315,0.48754784,0.99999994,0.24544436,0.9830047,0.43527663,0.87117755,0.26649642,0.88797706,0
0.83830744,0.24117135,0.89109534,0.21926416,0.83037794,0.19794668,0.8984401,0.17856878,0.7101419,0.12586279,0.8631886,0.30691656,0.40824902,0.25356364,0.8618608,0.5562445,0.28389403,0.52110523,0.7338452,0.7164018,0.5053652,0.73723155,0.5853546,0.8092301,0.278969,0.78737783,0.49415883,0.9975409,0.24109198,0.98158395,0.43545386,0.8693338,0.2598019,0.88667977,0
0.8383791,0.23888664,0.88678855,0.21661386,0.8313949,0.1969303,0.88557637,0.17547116,0.70877546,0.12626962,0.84999,0.3024629,0.39849555,0.25334197,0.8552072,0.5471002,0.27948132,0.51421636,0.7483812,0.70872784,0.47497568,0.74073493,0.60453486,0.79222345,0.29476565,0.7742251,0.55801576,0.99403214,0.25330728,0.9837397,0.51033556,0.8798721,0.2521418,0.90020245,0
0.84530765,0.22906922,0.89472634,0.20707823,0.83148843,0.18880104,0.8946995,0.17449506,0.69832337,0.12847614,0.85789067,0.30510837,0.39831015,0.2590174,0.85542023,0.5553246,0.2749386,0.52273154,0.75476617,0.71179086,0.42208472,0.7264162,0.632051,0.79188526,0.32064775,0.7737979,0.54763824,0.9909933,0.26702893,0.9758921,0.48514473,0.91133934,0.25343868,0.9246097,0
0.8346227,0.24299248,0.885233,0.21964617,0.81742597,0.20056202,0.8920387,0.17589802,0.69767666,0.13055973,0.85326904,0.30658138,0.38198882,0.2579352,0.8547282,0.5530773,0.2627273,0.5197527,0.77993333,0.7364938,0.42782587,0.75511235,0.60052854,0.8111411,0.29403612,0.79361635,0.57852,0.98979986,0.29407743,0.9757052,0.5310243,0.90346885,0.2983478,0.9213915,0
0.82845575,0.23631233,0.87938005,0.21374418,0.8120432,0.1944177,0.8916165,0.17605232,0.69799834,0.13048,0.85717034,0.3113938,0.39005208,0.26149172,0.85101795,0.55915,0.27188963,0.5200903,0.7638882,0.7350814,0.41003773,0.75317895,0.6076106,0.81574994,0.29743996,0.7969135,0.58313584,0.9980431,0.28028277,0.98332727,0.55920905,0.90106004,0.29666144,0.9198745,0
0.81306803,0.23464596,0.87654483,0.21832512,0.8074621,0.19058321,0.89778817,0.18135443,0.6950604,0.11446771,0.8622376,0.3111005,0.39455467,0.24587108,0.8739669,0.56593627,0.2666778,0.51486516,0.75572175,0.7327065,0.37532967,0.7335272,0.6292744,0.7731059,0.3188786,0.747644,0.58634335,0.9982935,0.2964856,0.9763492,0.5656539,0.94004416,0.30320856,0.9540528,0
0.8114922,0.23409629,0.87758666,0.21840307,0.8058041,0.18938248,0.90186024,0.18199672,0.69175404,0.11201386,0.8646388,0.31143194,0.39538515,0.24257256,0.8750363,0.56484807,0.26705587,0.5083501,0.756673,0.7311814,0.36660272,0.73299545,0.6382868,0.7597385,0.32569832,0.7333085,0.59980583,0.9915335,0.29457322,0.96999925,0.5802707,0.9400908,0.2965086,0.95517194,0
0.8135809,0.23930818,0.88024795,0.22268215,0.80787826,0.19371174,0.9054538,0.19126128,0.6919078,0.12195887,0.8637056,0.31857377,0.37998208,0.25129297,0.86476994,0.5689318,0.261976,0.5189285,0.7581062,0.7533166,0.38997838,0.7583395,0.62535554,0.8147161,0.29981872,0.7897641,0.61023057,0.99999994,0.28765365,0.9785272,0.62442845,0.9241752,0.31310216,0.9394109,0
0.8065271,0.23970005,0.86978644,0.22124304,0.7977276,0.19512749,0.893645,0.1890458,0.68277293,0.1257914,0.8623298,0.3201884,0.38019297,0.25639397,0.86852807,0.5618196,0.2732986,0.5137958,0.7735547,0.7320717,0.5180883,0.6922854,0.61502796,0.78400826,0.29509848,0.75965255,0.571767,0.9912786,0.2876222,0.96673566,0.5545973,0.91416854,0.30625805,0.92905575,0
0.8028827,0.24103315,0.8697796,0.22147074,0.79241645,0.19484174,0.9020528,0.18704246,0.67735434,0.122613996,0.86772823,0.32176048,0.3898638,0.2550656,0.8680034,0.55838495,0.25866765,0.5021234,0.7929754,0.7192388,0.3470393,0.7260759,0.6028531,0.76803344,0.2894966,0.74054533,0.5392625,0.98309344,0.25808698,0.95932126,0.5133394,0.92451036,0.26102635,0.9412929,0
0.8004602,0.22533026,0.8611692,0.20456637,0.78285706,0.18233757,0.89861333,0.17623696,0.6844017,0.124625586,0.872716,0.31903532,0.3979871,0.26449466,0.86805415,0.57631826,0.27008322,0.5305967,0.7807659,0.7860641,0.37623674,0.78632087,0.61262345,0.81439227,0.29962704,0.79121065,0.5690629,0.99999994,0.2800686,0.9925913,0.5563246,0.9216909,0.30515513,0.93851495,0
0.8085985,0.22724317,0.8701662,0.2060011,0.7889109,0.18428215,0.90110904,0.17958568,0.6790002,0.12831402,0.8634579,0.32478616,0.3872555,0.2720531,0.8603355,0.57709605,0.2522403,0.531612,0.76418215,0.7814,0.34183705,0.74944615,0.61070114,0.82285565,0.2989609,0.8014514,0.56562865,0.99999994,0.30054095,0.98417807,0.5641616,0.90353835,0.3435634,0.9208074,0
0.80857617,0.22492173,0.8689569,0.20333305,0.7884708,0.18239176,0.90040326,0.1773926,0.67941993,0.12790474,0.8660731,0.32238972,0.3903707,0.27270105,0.86302185,0.56946605,0.2555789,0.53186864,0.7730636,0.7609705,0.38124996,0.7536784,0.6173113,0.808348,0.30494395,0.7882232,0.575825,0.99733895,0.2994499,0.980333,0.57576305,0.9123328,0.33472136,0.9294568,0
0.79287046,0.2278876,0.8553003,0.20644206,0.77413785,0.1843377,0.8906309,0.17562942,0.6651623,0.12244744,0.87143856,0.32061028,0.3875114,0.26205838,0.87335443,0.5691611,0.26071143,0.50970376,0.7877465,0.77893525,0.3361502,0.7274535,0.6157914,0.75438845,0.2991192,0.7284735,0.56408787,0.9742253,0.2726444,0.94989485,0.5598634,0.9291968,0.29262364,0.93915975,0
0.77458346,0.23334274,0.83775747,0.21442774,0.7602867,0.19047813,0.8703331,0.18641423,0.65729535,0.1291065,0.85878044,0.32514426,0.39012235,0.26115337,0.8755002,0.5688665,0.25501543,0.50305784,0.784832,0.79811776,0.30939063,0.75518525,0.619265,0.779992,0.30610847,0.75240594,0.5889463,0.986785,0.27142346,0.96338093,0.5981726,0.8992416,0.29299733,0.91739076,0
0.7832751,0.23186058,0.8435688,0.2102601,0.7607604,0.19028243,0.8757738,0.18060264,0.65256584,0.13285778,0.8662459,0.31335473,0.394586,0.2655059,0.8920052,0.54903084,0.26668498,0.517471,0.8020286,0.80271083,0.34283164,0.7912195,0.61782515,0.7502057,0.31495452,0.7271217,0.5405664,0.9754436,0.27540004,0.9519012,0.52924365,0.92029417,0.30209514,0.93409866,0
0.7757276,0.23057657,0.8393296,0.21020287,0.7555292,0.18893175,0.87404853,0.18002595,0.6439167,0.1280178,0.86319625,0.31696865,0.39101985,0.2594444,0.87559617,0.5697357,0.26719958,0.5098672,0.79391414,0.8131074,0.2867447,0.7303362,0.6189528,0.76865077,0.3107278,0.7415137,0.5368205,0.9865547,0.26341498,0.95793366,0.52631795,0.9166633,0.28702667,0.9242684,0
0.7608074,0.2403504,0.82535213,0.21866533,0.7427801,0.1971657,0.85601103,0.18507911,0.6260342,0.1318407,0.84759855,0.3162914,0.36996916,0.27412313,0.8770098,0.5669825,0.2906732,0.5619936,0.7926818,0.80844784,0.3440297,0.87238616,0.61880594,0.7562815,0.30948788,0.7365986,0.5343932,0.97349507,0.26552084,0.9507612,0.4700026,0.91649723,0.2678903,0.9310786,0
0.7632549,0.23646887,0.8288432,0.21522091,0.7437161,0.19372484,0.8663475,0.18075249,0.6316863,0.12844588,0.86077213,0.30704555,0.38269404,0.26422063,0.8844867,0.5610058,0.3040231,0.5565269,0.7995102,0.805846,0.36624146,0.8735636,0.6445264,0.76134115,0.32671237,0.74197644,0.57025474,0.97565144,0.26362893,0.95431095,0.52540106,0.8841396,0.28973442,0.9097561,0
0.7636361,0.2419691,0.8260983,0.21964255,0.74380827,0.20077549,0.8557501,0.18292248,0.62385905,0.13545042,0.8409787,0.3043633,0.38315284,0.26774305,0.8573287,0.5582863,0.3217545,0.5558901,0.79883075,0.8148331,0.37183505,0.8761715,0.64311427,0.73644686,0.3430369,0.7207418,0.5603372,0.9607619,0.27821016,0.9441935,0.49410674,0.9172449,0.2799923,0.9371576,0
0.7814136,0.2548772,0.84829086,0.2304182,0.75903314,0.21228263,0.8797193,0.18431997,0.6224724,0.13748221,0.8606312,0.30559582,0.38922703,0.27310467,0.87720805,0.557977,0.3309843,0.56665593,0.82423663,0.80717456,0.39325592,0.8861525,0.6369618,0.7807101,0.3221269,0.76824105,0.5895181,0.97989774,0.2729573,0.9766279,0.5416271,0.91125906,0.29101378,0.9357534,0
0.7731847,0.2519441,0.8316869,0.22910644,0.7520838,0.21334693,0.85911864,0.18662883,0.6266722,0.14730746,0.8408004,0.29368532,0.410315,0.2732071,0.8771191,0.51734585,0.3275522,0.5582466,0.8928779,0.6940189,0.38314238,0.9026679,0.6729603,0.7384558,0.38974956,0.73213947,0.59953433,0.94833827,0.33493653,0.94379985,0.5302545,0.94509166,0.31677672,0.97356033,0
0.7752811,0.24928692,0.8492759,0.22639106,0.74501646,0.20767488,0.89473456,0.19238149,0.6077827,0.14525652,0.86432457,0.31337777,0.38626593,0.27955812,0.86684287,0.5671579,0.32574624,0.57480633,0.8147598,0.8102473,0.3667797,0.8974884,0.62488395,0.80506355,0.30528256,0.7906603,0.56939065,0.9875363,0.25673413,0.98089474,0.52674836,0.9179524,0.28256136,0.93512803,0
0.76945764,0.25042346,0.8406822,0.22652791,0.7388945,0.21074626,0.88633543,0.1877282,0.6073589,0.14771938,0.8700008,0.3077306,0.38403457,0.2852408,0.8903921,0.56085074,0.33848214,0.5808566,0.8168895,0.81249654,0.35776064,0.89927256,0.6384128,0.78342503,0.3284301,0.77251095,0.55549043,0.9880704,0.30843565,0.98064613,0.50074124,0.9481765,0.33665732,0.9625539,0
0.7650536,0.25098598,0.83544743,0.22730897,0.7377001,0.20955072,0.8793237,0.18714035,0.606791,0.14205283,0.8628378,0.30833316,0.39387223,0.27585077,0.87395763,0.5611616,0.34492284,0.56131107,0.8126508,0.80931246,0.35822064,0.8988193,0.66047806,0.7602776,0.35361102,0.74711305,0.5986025,0.9789143,0.30684552,0.9721791,0.52100295,0.9468468,0.3070402,0.96208626,0
0.75871354,0.25193444,0.82590705,0.22669296,0.72440094,0.21531205,0.87416404,0.1841153,0.5907977,0.15317783,0.8809939,0.30317143,0.3756708,0.2885874,0.88285315,0.562445,0.34217238,0.5897177,0.8163109,0.8036045,0.38035518,0.899366,0.656068,0.7745077,0.3284019,0.7663626,0.5710234,0.97870934,0.291906,0.97467446,0.5062936,0.94516015,0.3042062,0.96176296,0
0.7564619,0.251928,0.8260137,0.22455157,0.72096,0.21307579,0.87886024,0.17863403,0.5901137,0.14814903,0.87049466,0.30605564,0.37328488,0.29060218,0.87320846,0.57059616,0.3369357,0.58721507,0.80742645,0.8178864,0.38159475,0.8933211,0.65676343,0.7737383,0.34026107,0.76619196,0.5655791,0.9741422,0.30932182,0.9712101,0.49858665,0.9563376,0.31969452,0.9743037,0
0.74734,0.24484542,0.82208407,0.22026737,0.71385235,0.20545307,0.88798416,0.17489286,0.5939825,0.13809934,0.8905996,0.29610506,0.36912477,0.27453044,0.89125216,0.5607354,0.32855555,0.57527524,0.81877244,0.8052357,0.3659867,0.89083594,0.66217875,0.766173,0.33198214,0.7557883,0.5851309,0.953371,0.30793956,0.94893,0.5092583,0.96619725,0.3106215,0.98177725,0
0.76552534,0.24248946,0.8467209,0.21360774,0.72138757,0.19745485,0.91704977,0.17346098,0.5791416,0.13407546,0.890708,0.31251344,0.3614215,0.29384187,0.8798836,0.5666027,0.30754784,0.5985384,0.8230902,0.79780877,0.40163425,0.89784557,0.6937022,0.785203,0.3489977,0.77848935,0.6054854,0.9662093,0.300546,0.9653161,0.5197273,0.9460265,0.29558867,0.9686349,0
0.7240348,0.25389025,0.796093,0.2263638,0.6849779,0.21272193,0.8617252,0.17414814,0.5556358,0.14039159,0.875791,0.29930553,0.3496497,0.2837881,0.8696521,0.56514066,0.294532,0.5964395,0.8180473,0.79443514,0.3847029,0.89729065,0.67831606,0.7988492,0.3395451,0.7932465,0.5995875,0.97389543,0.33409995,0.9743901,0.5089989,0.93016,0.35582834,0.9523956,0
0.71829426,0.25480452,0.7937387,0.2272669,0.67927796,0.21490258,0.86583453,0.17606455,0.5544432,0.1445048,0.8823907,0.30170506,0.34528425,0.2837146,0.86589307,0.57222384,0.30062714,0.58939505,0.8127284,0.8000453,0.37394136,0.89537424,0.64841527,0.779201,0.30682272,0.77150035,0.5998341,0.9517891,0.32015076,0.95181316,0.5304269,0.9528389,0.34554058,0.9733606,0
0.71541774,0.2529527,0.788689,0.22612372,0.67822146,0.2111381,0.8531831,0.17612989,0.5471058,0.13917893,0.8660554,0.30339405,0.34842446,0.28563955,0.871685,0.5634482,0.2949783,0.5917957,0.82979685,0.7833509,0.30208543,0.91224486,0.6653901,0.77989393,0.33238825,0.7718345,0.6039008,0.95343566,0.3032499,0.9489409,0.537854,0.9582442,0.28927863,0.969348,0
0.7067192,0.25749463,0.779838,0.23010823,0.66723704,0.21673682,0.84284866,0.17725106,0.5314999,0.1433685,0.8604984,0.2991676,0.32554147,0.28466767,0.8724111,0.56043726,0.27620232,0.59320146,0.8372878,0.78809965,0.35317084,0.89884,0.6681159,0.7717102,0.32509783,0.76653385,0.59793353,0.9631727,0.30258557,0.9639672,0.5188553,0.9450116,0.31033224,0.9622644,0
0.71321505,0.25618914,0.78695714,0.23140523,0.6769874,0.2160742,0.8569331,0.17849375,0.55279684,0.14115931,0.8747821,0.29501307,0.3257344,0.27119368,0.88497317,0.5558373,0.2560293,0.56928223,0.84248865,0.79139686,0.3325247,0.87998843,0.6788456,0.76460165,0.3262701,0.75542873,0.60913,0.9607268,0.29904723,0.95528436,0.518879,0.93762344,0.30370343,0.9546527,0
0.6824055,0.2448606,0.7618863,0.22158934,0.64413226,0.20478296,0.8508866,0.17284098,0.5408284,0.13496123,0.8793671,0.28822035,0.3161133,0.268295,0.8783655,0.56163967,0.22140658,0.58245903,0.8508662,0.7886801,0.32364935,0.8758355,0.6663697,0.7965518,0.30481753,0.78977036,0.59245944,0.9858092,0.29257897,0.9935097,0.5155476,0.9083744,0.34597236,0.93039876,0
0.69321054,0.2624296,0.7711773,0.23671739,0.652205,0.22181396,0.8461895,0.17988838,0.52692145,0.14430155,0.8640193,0.28777906,0.2920296,0.27522966,0.88365215,0.5483376,0.20850796,0.5867222,0.8674156,0.77916217,0.29988506,0.87615126,0.66688627,0.7694211,0.3021676,0.7654176,0.5678029,0.99195486,0.2617211,0.9989657,0.50450003,0.92123675,0.30786085,0.9384495,0
0.6926676,0.25804687,0.7705836,0.23221906,0.650342,0.21806024,0.8486334,0.17640552,0.5269539,0.14254096,0.869799,0.28685337,0.2950394,0.27326313,0.882398,0.549714,0.20605494,0.58235973,0.8636658,0.7814281,0.29602113,0.8742199,0.6635585,0.77160287,0.29645818,0.76655453,0.5637107,0.9941154,0.24865648,0.99999994,0.4993841,0.92221993,0.29273492,0.93969256,0
0.70103097,0.25907287,0.7714051,0.22958468,0.64622974,0.22366996,0.84052473,0.17237884,0.50723726,0.156071,0.8692686,0.28410882,0.28212008,0.28246778,0.88825107,0.5461402,0.1815151,0.57828635,0.8753248,0.77922267,0.26946223,0.86230636,0.68639565,0.7316597,0.3263397,0.7339193,0.5984763,0.98464197,0.34415174,0.9965924,0.53518933,0.99136233,0.40808418,1.0,0
0.681884,0.25101134,0.75450575,0.22536322,0.6368102,0.2140619,0.84254247,0.1714106,0.5328126,0.14612733,0.8866826,0.28662723,0.3018597,0.2779669,0.89399165,0.5583822,0.18658064,0.58382964,0.87891316,0.7829641,0.24096383,0.8669599,0.6892288,0.76073027,0.3246449,0.7587971,0.6126958,0.9949963,0.33411893,0.99999994,0.54019934,0.954583,0.4087549,0.97467905,0
0.6915335,0.269595,0.766817,0.24082027,0.6401308,0.23099895,0.84832805,0.17873253,0.5075649,0.15430193,0.8859456,0.29259473,0.27189228,0.2846523,0.8945351,0.5641554,0.17622934,0.5920248,0.8718345,0.7905031,0.22572728,0.8796677,0.69267493,0.7931594,0.30549905,0.79199326,0.6101747,0.9933304,0.30486548,0.99999994,0.5189184,0.900808,0.3944864,0.91653115,0
0.6929371,0.2715202,0.7640092,0.2427786,0.6361324,0.23686735,0.83643055,0.19083372,0.49371478,0.17413975,0.87892574,0.30736,0.27155313,0.3019492,0.89134216,0.5652513,0.16623306,0.5862007,0.8666611,0.78843033,0.19331224,0.880284,0.6972414,0.8080628,0.31215435,0.8079827,0.6172314,1.0,0.31282434,1.0,0.5441684,0.90660113,0.39949274,0.9242543,0
0.6746854,0.26932395,0.7484076,0.24142861,0.62126607,0.23318931,0.8253866,0.18381958,0.4839836,0.16281557,0.87482804,0.2947875,0.26091555,0.29400763,0.9051382,0.54838365,0.15409192,0.58872604,0.8721369,0.7806707,0.18728791,0.88569635,0.70452005,0.79083484,0.32230523,0.79357874,0.62514246,0.9917745,0.33966333,0.99999994,0.5411973,0.9026265,0.4396119,0.9214665,0
0.6789408,0.26352182,0.7509461,0.23516275,0.6268466,0.22774476,0.8267325,0.17648897,0.49129337,0.15718351,0.87725884,0.29077625,0.26305625,0.29032543,0.90410376,0.5519616,0.15548906,0.59012735,0.8719582,0.7790868,0.18604028,0.8851342,0.69975764,0.79400474,0.31633946,0.79672974,0.62646234,0.99140733,0.33833256,0.99999994,0.54636335,0.9010446,0.4424651,0.91907614,0
0.6818265,0.2730297,0.7519994,0.24231562,0.6281902,0.23665914,0.82317036,0.17691126,0.4863563,0.16084276,0.8748012,0.28943285,0.25746349,0.29279348,0.9051323,0.55531657,0.16344123,0.5968621,0.87602466,0.7864038,0.19005907,0.89823973,0.7081816,0.79258955,0.32167816,0.79625964,0.6231133,0.99526376,0.32178447,1.0,0.52922714,0.90568256,0.40730396,0.9200046,0
0.673434,0.27567708,0.74773335,0.24812515,0.6231917,0.2386099,0.82352453,0.18901134,0.49183455,0.16538744,0.8675235,0.2937487,0.25640947,0.2936881,0.89922696,0.548829,0.1580552,0.5954732,0.87690926,0.7820445,0.18680163,0.8964917,0.7050341,0.7673075,0.3245735,0.7698482,0.6195327,0.98929214,0.3241429,1.0,0.52591246,0.91458344,0.40492293,0.93169004,0
0.66479737,0.27831838,0.7437391,0.2499448,0.61536396,0.2385179,0.821843,0.18765785,0.47746098,0.15926163,0.85503256,0.29553297,0.2567868,0.29419702,0.89915323,0.55002,0.17402008,0.598989,0.8633962,0.77429706,0.18560185,0.9000258,0.6841821,0.7731459,0.32170814,0.7750658,0.5809673,0.99207205,0.34568492,1.0,0.4914068,0.93474346,0.43026853,0.9424528,0
0.6750949,0.26796213,0.742903,0.2355562,0.61006343,0.23471257,0.81665766,0.1769622,0.46119058,0.17153174,0.8725532,0.2932806,0.25724578,0.30424044,0.89781153,0.55759025,0.16927564,0.61160743,0.8608751,0.77451694,0.19270751,0.90755755,0.6902718,0.80169326,0.30372927,0.8067535,0.6120325,0.9882882,0.31006324,0.99910206,0.51456785,0.9040038,0.3867597,0.9250571,0
0.66604334,0.2702146,0.7421665,0.2425882,0.61893946,0.23188551,0.8157613,0.18569031,0.47978985,0.15812974,0.8596141,0.29808155,0.2561416,0.2943827,0.90238196,0.55809796,0.16917558,0.6071031,0.85668105,0.7814838,0.19551156,0.89928895,0.66052055,0.8254394,0.27920023,0.8247829,0.5816565,0.9932333,0.27961212,0.99999994,0.4916215,0.89493203,0.35954994,0.9085698,0
0.66594464,0.27018774,0.7414538,0.24257538,0.6182588,0.23202753,0.81422204,0.18551116,0.47911048,0.15839887,0.8605426,0.2982111,0.2544988,0.29426822,0.9024719,0.56040657,0.17061792,0.60880965,0.8574443,0.7829697,0.19729605,0.902053,0.66169804,0.8271818,0.27870744,0.82640857,0.5841392,0.99503225,0.2847847,0.99999994,0.49635822,0.89373386,0.36544958,0.9077155,0
0.6636005,0.27042538,0.7356277,0.23983417,0.6070966,0.23440479,0.8087325,0.17914566,0.4624788,0.16347232,0.85704553,0.2892282,0.24675465,0.29635173,0.90041727,0.5494561,0.16677304,0.6058084,0.86802185,0.7719322,0.19914779,0.89852506,0.68177986,0.79538536,0.30080178,0.7998966,0.59676397,0.99271286,0.31069243,0.99999994,0.51145834,0.9081457,0.39842835,0.9240046,0
0.6583455,0.26244724,0.72655004,0.23157561,0.6031081,0.2291273,0.79636246,0.16878861,0.4585488,0.15912618,0.8542025,0.28225222,0.24857517,0.2938252,0.8986983,0.54781705,0.1618865,0.603063,0.8560163,0.77277875,0.20000142,0.8933006,0.6828258,0.7983559,0.30243325,0.80453604,0.6075895,0.9830091,0.29893675,0.9997533,0.51625985,0.8978103,0.38949978,0.9147358,0
0.6586117,0.2457269,0.7213003,0.21297662,0.59757924,0.21391144,0.7809799,0.15686367,0.44692385,0.15456018,0.8464912,0.28132775,0.24589275,0.29624447,0.89229363,0.5446456,0.15810637,0.5982295,0.8597131,0.7774796,0.20900026,0.8903132,0.67637074,0.8042705,0.30004698,0.8121905,0.6100672,0.99117005,0.31247643,0.99999994,0.52500886,0.8966837,0.41466993,0.9158153,0
0.66864973,0.25211018,0.7248385,0.21979295,0.6021795,0.22447993,0.7792148,0.16916321,0.4482804,0.17490953,0.8479048,0.28886765,0.25573546,0.30337536,0.8977575,0.5496439,0.15838815,0.59090626,0.86579,0.77552783,0.22266799,0.88060564,0.6753516,0.79100376,0.30226302,0.7979449,0.6028362,0.9856559,0.29606798,0.99999994,0.5046612,0.91178674,0.36500773,0.9324584,0
0.6643228,0.26338953,0.73456997,0.2335106,0.6150347,0.22626923,0.80143917,0.17218398,0.47323447,0.15151905,0.85056067,0.29272246,0.24318337,0.28886515,0.8971273,0.55699104,0.15025978,0.58648264,0.85423225,0.7744784,0.24055462,0.8601846,0.68617326,0.81104445,0.30154896,0.813367,0.62587976,0.98984617,0.30482265,0.99999994,0.54344827,0.8868244,0.3932819,0.9076265,0
0.66328466,0.26021418,0.73226315,0.22994855,0.6122599,0.22370496,0.7976153,0.17072581,0.47008076,0.15245995,0.8482747,0.29066727,0.24188457,0.2909561,0.90057176,0.5504353,0.15061657,0.58955604,0.85389143,0.7729675,0.24046889,0.8592587,0.68684953,0.80990636,0.30263332,0.81349844,0.6271222,0.9942605,0.30561045,0.99999994,0.54150283,0.8870728,0.3958902,0.90922004,0
0.66986245,0.26669547,0.7387368,0.23664394,0.6182954,0.22949956,0.80667895,0.17684315,0.48025593,0.15704058,0.86070067,0.29616436,0.2539541,0.28961605,0.90428877,0.5524341,0.1465606,0.5759339,0.86723566,0.7611382,0.25357807,0.8423611,0.6840727,0.79195625,0.30261764,0.79246783,0.6150828,0.9977401,0.3141258,0.99999994,0.547041,0.90210664,0.3988243,0.9228951,0
0.66918325,0.26747063,0.7353135,0.23684523,0.6191215,0.23212089,0.7998776,0.16875519,0.47523177,0.15337415,0.8567617,0.28518996,0.25191975,0.28291348,0.88826805,0.53671265,0.14229625,0.5647609,0.854614,0.74808407,0.25164622,0.8231327,0.68445086,0.7848329,0.30556482,0.787106,0.6164323,0.99365383,0.30829632,0.99999994,0.53688234,0.9081094,0.39534286,0.9254405,0
0.68691576,0.24123397,0.7381833,0.20932788,0.62849826,0.21165071,0.77813834,0.15924534,0.47579038,0.15967973,0.84828556,0.28162736,0.25582984,0.28997794,0.88981205,0.5250315,0.13906084,0.56626695,0.8520102,0.7372644,0.29037,0.8180847,0.6836987,0.76870745,0.30400762,0.7742496,0.6117599,0.96923697,0.27161524,0.98378,0.5196029,0.898862,0.33882332,0.91971856,0
0.6721182,0.26820254,0.7257278,0.23468128,0.6194885,0.23525712,0.7812621,0.17095608,0.4752411,0.16766495,0.83847874,0.284342,0.2605984,0.28906336,0.8853782,0.5206156,0.14226964,0.56618214,0.8336469,0.71736807,0.2912153,0.8050124,0.6742059,0.75563407,0.2992783,0.75648767,0.60661024,0.9237785,0.220253,0.92364746,0.516103,0.9390945,0.20964812,0.9598295,0
0.6735196,0.2706733,0.73048747,0.24179278,0.6285635,0.2396146,0.78443354,0.18266831,0.48627782,0.17158075,0.84040844,0.28354427,0.2549121,0.28391218,0.89132094,0.50091696,0.14715289,0.5429065,0.8392982,0.6975955,0.29787618,0.7601087,0.66721237,0.7040061,0.2937107,0.7023548,0.6107698,0.8938215,0.23017529,0.89019364,0.54921347,0.96519864,0.21617483,0.97488666,0
0.6736882,0.26929703,0.72975755,0.24083643,0.6286007,0.23893403,0.7832498,0.18296981,0.4874104,0.17258388,0.8400394,0.28319335,0.25562748,0.28330138,0.8902835,0.5006471,0.14764158,0.54063314,0.83998156,0.69690776,0.2871131,0.7593173,0.6658796,0.6978828,0.29333064,0.6960541,0.6126922,0.88124114,0.23014987,0.8775867,0.5532158,0.97003335,0.2123276,0.97952837,0
0.664903,0.27394783,0.72427475,0.24386564,0.615627,0.24257764,0.7808555,0.18409795,0.46910354,0.17531237,0.82602626,0.2806916,0.24282584,0.28916764,0.88716733,0.493546,0.14227386,0.5605196,0.83616346,0.69022536,0.34289104,0.78903687,0.6561764,0.7341887,0.28227627,0.7366933,0.597477,0.9341314,0.22698268,0.9343087,0.5104409,0.9254677,0.24451447,0.9450436,0
0.66694105,0.27160916,0.72212183,0.23646426,0.6128224,0.23934871,0.7769625,0.16866209,0.45406738,0.1680697,0.8293659,0.26953897,0.24441195,0.28196836,0.8902588,0.48458463,0.13875355,0.557921,0.8360331,0.67523235,0.37126786,0.76120836,0.666729,0.6990222,0.2931606,0.7022009,0.60438144,0.911542,0.22903244,0.9049672,0.49106973,0.9591534,0.1989305,0.97431356,0
0.6592189,0.27465543,0.71559495,0.23877653,0.6040958,0.24147296,0.7742722,0.167839,0.44599697,0.16776524,0.83518714,0.2693021,0.23499022,0.28531808,0.8901908,0.4897661,0.13227333,0.5687129,0.8294819,0.6627629,0.40900272,0.76256096,0.6754598,0.7536238,0.2838964,0.7607304,0.63013613,0.95148396,0.23003228,0.95872974,0.538297,0.91406465,0.25406498,0.9377781,0
0.66426474,0.23622538,0.71098286,0.20483384,0.61077523,0.20841515,0.75142956,0.16003032,0.46075952,0.16198935,0.8299296,0.2673985,0.23916456,0.2826933,0.8968051,0.47830153,0.15304063,0.5567134,0.818909,0.6501168,0.43185043,0.736803,0.67193246,0.63594174,0.29634455,0.6400336,0.6103304,0.83971685,0.2416006,0.8319891,0.49696723,0.97760785,0.20787045,0.98795944,0
0.64508283,0.27001843,0.70030546,0.23170975,0.5851412,0.2385131,0.7659994,0.15583839,0.4243887,0.16478238,0.82973725,0.26230285,0.22545381,0.28536582,0.8723277,0.4946063,0.12304238,0.5791064,0.8273109,0.6420785,0.4354203,0.7351569,0.65239906,0.8019096,0.25687173,0.81053185,0.5869523,0.95698977,0.20762949,0.9639421,0.49769476,0.8807215,0.2439876,0.89727724,0
0.64643586,0.26639786,0.69826734,0.22982192,0.5874503,0.23749804,0.76333344,0.1556841,0.4317164,0.16632654,0.83280843,0.25203425,0.23152782,0.27676025,0.8769064,0.47536382,0.12805939,0.5644964,0.8206707,0.63742536,0.43673283,0.7261993,0.6575534,0.68431,0.27154985,0.6925725,0.6057058,0.88833606,0.20981292,0.8946067,0.5101489,0.9767718,0.17654525,0.99185926,0
0.63426554,0.26839277,0.6923511,0.23267871,0.5745354,0.23690864,0.7675097,0.16454746,0.42977887,0.16957398,0.8253605,0.26591918,0.23675486,0.28702426,0.8711151,0.48632142,0.11718555,0.57223463,0.8439609,0.63801813,0.45187604,0.7198084,0.63772935,0.7844978,0.25365582,0.79218525,0.5806394,0.9485705,0.2076413,0.9584156,0.49578106,0.89782584,0.22917163,0.916243,0
0.64491475,0.27245307,0.695386,0.23763642,0.5844368,0.24576735,0.7587079,0.17471853,0.4358289,0.1872821,0.8181975,0.26704484,0.2450133,0.29384208,0.8660378,0.4758649,0.13321051,0.56698096,0.84460706,0.63067645,0.44672686,0.7142461,0.63124454,0.7516468,0.26042742,0.7615585,0.5729484,0.9354254,0.22347854,0.94744396,0.49204427,0.92199695,0.2394749,0.93999064,0
0.6509043,0.26668558,0.7070967,0.23074764,0.59149337,0.23767103,0.768417,0.16188979,0.4301259,0.17036128,0.8105103,0.25361788,0.23402402,0.28090578,0.86782837,0.4683048,0.12881379,0.57162786,0.8512519,0.6246298,0.4701659,0.7153781,0.6283745,0.7696519,0.25805932,0.7801237,0.54687667,0.9604354,0.21774414,0.9687018,0.4377307,0.92041296,0.23371361,0.9397682,0
0.64886475,0.2703454,0.709525,0.23328456,0.5906643,0.23911603,0.7785563,0.1594794,0.4289829,0.16543068,0.8194477,0.25049677,0.23328966,0.27759862,0.87194467,0.47048184,0.13021791,0.5749151,0.8498625,0.6286305,0.47668797,0.7188718,0.62647086,0.79438466,0.24912456,0.80464727,0.54128814,0.9510738,0.20984527,0.96164095,0.4316002,0.9015215,0.23508836,0.9178324,0
0.650281,0.27137357,0.7082912,0.2357283,0.592904,0.24131963,0.7778061,0.16219625,0.4389341,0.16830845,0.8208906,0.25040418,0.23834129,0.2774423,0.8693264,0.46432748,0.13036332,0.57028466,0.84677494,0.62131387,0.47003442,0.7114539,0.63276905,0.7391493,0.26235342,0.7488423,0.5494845,0.94815195,0.21830861,0.95613897,0.43579823,0.94545954,0.22082622,0.96283543,0
0.64491963,0.26792568,0.7042632,0.23301329,0.587546,0.2381149,0.77776206,0.16002275,0.43719292,0.16542016,0.8221888,0.24714471,0.24019112,0.27357414,0.8677751,0.46310687,0.1291227,0.56766415,0.84671044,0.6212173,0.46497238,0.71364003,0.63381535,0.7353106,0.26437148,0.74495995,0.5558643,0.94890463,0.22112907,0.9584797,0.44333413,0.9500071,0.22275256,0.96750087,0
0.64705926,0.27236328,0.7040314,0.23691662,0.58917344,0.24287334,0.77505404,0.16452561,0.43811786,0.17143731,0.8197074,0.25095102,0.24254736,0.2776162,0.86911756,0.4643085,0.13215037,0.5697126,0.8485222,0.6212862,0.4776269,0.7088842,0.62948287,0.7126345,0.26424977,0.72195244,0.5614079,0.92913556,0.22334741,0.93624765,0.44071963,0.9641275,0.21020724,0.9803545,0
0.6415801,0.27034688,0.69437337,0.23601036,0.58381146,0.24323227,0.75910634,0.1679143,0.4344816,0.17770281,0.81610715,0.2519072,0.24100012,0.28071353,0.87043595,0.46051988,0.1402903,0.5642498,0.8408651,0.6221718,0.47764835,0.70197916,0.6386294,0.6993191,0.2756952,0.70910317,0.55935097,0.93541664,0.22920382,0.9419152,0.442974,0.97545034,0.20778365,0.99038714,0
0.6527152,0.27580664,0.7003842,0.24132243,0.59668374,0.2506807,0.7529825,0.17681785,0.4429408,0.19052924,0.80682385,0.25786856,0.24456808,0.2932337,0.8778816,0.4484627,0.13252637,0.5685801,0.8411885,0.6122981,0.46124795,0.7146752,0.6217731,0.72259164,0.26498595,0.73425996,0.5350852,0.9384741,0.2203337,0.9448824,0.40647587,0.95914316,0.20703219,0.9745294,0
0.6520231,0.27565283,0.7006429,0.241549,0.59651166,0.2504012,0.754548,0.17293726,0.44213656,0.18572688,0.80834466,0.25368106,0.24321052,0.28807268,0.8767566,0.4484817,0.12997904,0.5665994,0.83827186,0.6037004,0.4588725,0.7198658,0.62932825,0.7213173,0.27185443,0.7328486,0.54336905,0.9342354,0.22595036,0.94021934,0.41960454,0.9652602,0.20913918,0.9775584,0
0.6486275,0.27861375,0.6963664,0.2452405,0.5864697,0.25494125,0.7516115,0.18701497,0.43586573,0.20306514,0.81935287,0.27117854,0.23619156,0.30679086,0.88458526,0.4679694,0.12632762,0.5823984,0.8449348,0.6133454,0.47175553,0.707186,0.6308752,0.7314036,0.2606131,0.74296445,0.5266045,0.96005577,0.2114967,0.9677175,0.41026425,0.9514388,0.21163915,0.96738374,0
0.6476542,0.28027233,0.6982337,0.24601421,0.58620185,0.25477543,0.7561989,0.1833687,0.43408793,0.19721538,0.8090699,0.26855123,0.23214352,0.3042359,0.8761661,0.46649453,0.12069073,0.58477706,0.8417044,0.61304766,0.47021672,0.71201485,0.6233332,0.759118,0.25396755,0.7712583,0.51903903,0.970453,0.20273447,0.9792238,0.4067581,0.92554384,0.22024801,0.9429455,0
0.6541915,0.28255144,0.705251,0.24740456,0.5969041,0.255101,0.76631874,0.17452489,0.44474334,0.18536587,0.81749344,0.25931013,0.23969209,0.29197899,0.8775486,0.45938426,0.14182575,0.571172,0.8384563,0.6138026,0.47723642,0.7105994,0.6474693,0.71491843,0.28080076,0.72742677,0.57433575,0.9310585,0.24427769,0.9425006,0.45737353,0.9708897,0.22443429,0.99218124,0
0.6568269,0.27947018,0.70482504,0.24429971,0.59933114,0.25385696,0.7632775,0.17039199,0.4465662,0.1851048,0.8245784,0.25524557,0.2461092,0.28595075,0.87532896,0.4581916,0.1487735,0.56039906,0.84737015,0.6114779,0.4720772,0.7094549,0.63856107,0.7011621,0.2767529,0.71087384,0.55153847,0.9226996,0.2411408,0.92429143,0.42956316,0.9835921,0.21815836,0.9948035,0
0.6570168,0.2518086,0.6991233,0.21869743,0.5981393,0.2301977,0.7415486,0.16093117,0.43932402,0.17931329,0.8146668,0.25095737,0.23815534,0.28211337,0.86903024,0.45896006,0.14126745,0.5529009,0.8458798,0.6113721,0.471729,0.7081217,0.6469575,0.68018895,0.2826721,0.692557,0.5738955,0.9029183,0.2389729,0.91508585,0.46389586,0.9845813,0.21981382,1.0,0
0.64204943,0.2886114,0.68914396,0.25385267,0.5813463,0.2638958,0.742126,0.18807451,0.4232575,0.20441273,0.8075259,0.26777533,0.2223428,0.30897307,0.875843,0.45874593,0.1146573,0.58931917,0.8468943,0.6098835,0.4686626,0.7182899,0.66440916,0.738302,0.282129,0.7543362,0.58684736,0.96468383,0.20995416,0.9772161,0.49394226,0.9292504,0.2231145,0.9566197,0
0.64400995,0.25416714,0.69569474,0.22131443,0.59020424,0.22740589,0.75053155,0.15886916,0.43755734,0.16659613,0.808681,0.25017077,0.2276674,0.2822121,0.8729507,0.45992675,0.10975816,0.5750481,0.85641557,0.6064469,0.4720856,0.71438736,0.66588354,0.7550953,0.28331646,0.76945955,0.60247535,0.9703305,0.21932335,0.98543334,0.53264153,0.9035432,0.2415731,0.9297295,0
0.6466945,0.2821974,0.696663,0.24820884,0.59362847,0.25493336,0.75228626,0.17426088,0.43880183,0.18289421,0.81057584,0.25586382,0.226903,0.2895954,0.8768052,0.4552162,0.11563831,0.57412726,0.8535046,0.6048038,0.4712846,0.71165615,0.6674367,0.73356086,0.28712195,0.7475574,0.592808,0.96592766,0.21640779,0.97869176,0.5126868,0.9368681,0.22319676,0.95995307,0
0.6397876,0.25966376,0.6804785,0.22840412,0.5886016,0.23672608,0.7165142,0.17165026,0.44038567,0.18392253,0.79007375,0.25729823,0.22277437,0.29556894,0.873646,0.4501282,0.11740479,0.5725718,0.84807634,0.60950136,0.47748882,0.71314794,0.64382356,0.7029325,0.2830894,0.7186357,0.5641326,0.94850814,0.23335177,0.9617644,0.45146132,0.9602916,0.23128356,0.98013264,0
0.64437795,0.2675798,0.68854773,0.23076959,0.5895314,0.2397471,0.7355983,0.15608874,0.4348337,0.17027783,0.8026512,0.24501193,0.21540791,0.282385,0.8755442,0.44860876,0.112009674,0.5727223,0.842391,0.60676444,0.4632108,0.71465224,0.6518738,0.69599235,0.27599066,0.71056056,0.5769843,0.9398633,0.21557206,0.94937265,0.45904937,0.97878087,0.194653,1.0,0
0.6405622,0.27631107,0.6843752,0.24185485,0.5860303,0.25018597,0.73235077,0.17359456,0.43917367,0.1873167,0.79751897,0.25373217,0.2246325,0.2915327,0.87283003,0.44609937,0.108607136,0.57381546,0.84692234,0.6060491,0.4634763,0.71548635,0.64987344,0.72723687,0.27697703,0.74183565,0.5712407,0.96243244,0.20854026,0.9733559,0.46616337,0.93937165,0.20880832,0.9678488,0
0.66101044,0.2696944,0.7032371,0.23277147,0.60231864,0.24376492,0.7494256,0.16181408,0.44680506,0.18071347,0.813659,0.24557957,0.22916773,0.2860205,0.8783623,0.44515204,0.105860226,0.5714082,0.8462225,0.60328615,0.46533653,0.7155005,0.67966264,0.7008934,0.29816577,0.7176861,0.6124871,0.95069003,0.22629298,0.96320206,0.51009583,0.954107,0.20768958,0.98585975,0
0.65729904,0.29133275,0.70112324,0.25635007,0.60308325,0.26633316,0.74758583,0.18434955,0.4476425,0.19962995,0.80548656,0.26570398,0.23726402,0.30271906,0.8722256,0.46092442,0.122277,0.57780683,0.8504163,0.6085956,0.4724642,0.71217483,0.66113704,0.7267503,0.2944926,0.74138564,0.57428443,0.95927817,0.23163089,0.9702749,0.46306044,0.9549691,0.22395067,0.974855,0
0.65257066,0.2878726,0.69690937,0.25323558,0.59836346,0.2628935,0.74795616,0.18028909,0.44584796,0.1951316,0.8138384,0.26215643,0.23733693,0.29840693,0.87759006,0.45938876,0.12534004,0.5741978,0.8485078,0.6079619,0.46896055,0.71285546,0.6745893,0.7071137,0.30344123,0.7214173,0.5956464,0.9448262,0.23850447,0.9559522,0.48196566,0.97332406,0.21523587,0.9942959,0
0.6520083,0.28945646,0.70242363,0.25590026,0.6026278,0.2607005,0.75122327,0.1842807,0.44758925,0.18860903,0.802771,0.26635528,0.22788405,0.29761252,0.87974757,0.46951595,0.11972054,0.58655983,0.84888095,0.60994714,0.4763895,0.7150779,0.68158,0.76577395,0.29973602,0.7814373,0.6580773,0.9709412,0.26260495,0.9847462,0.58741796,0.9017683,0.27634227,0.92593175,0
0.65703076,0.29022822,0.7038331,0.25681415,0.60520995,0.2634582,0.7459897,0.1921167,0.4481716,0.20000312,0.7910812,0.2741026,0.22549127,0.30598956,0.8712134,0.46741974,0.12135021,0.5843205,0.8425552,0.6134885,0.47208053,0.7109781,0.6330677,0.7532513,0.26383695,0.76611054,0.5565471,0.97996604,0.21044308,0.9888632,0.46852356,0.9262591,0.2298199,0.9464133,0
0.65042424,0.28909025,0.695774,0.25653988,0.60022926,0.26290077,0.7396242,0.19421788,0.4533395,0.20236766,0.79054976,0.27510506,0.23645599,0.30909583,0.8755335,0.4650718,0.12405494,0.5864075,0.843369,0.6134134,0.46521407,0.71107703,0.6402197,0.75952053,0.27835298,0.77288926,0.55687636,0.9793559,0.22466138,0.98932654,0.46211413,0.911224,0.24157904,0.93245625,0
0.65716565,0.2899895,0.6978995,0.25629058,0.6039887,0.2663311,0.73724854,0.19341527,0.45089513,0.20883952,0.7970057,0.274545,0.24090306,0.3104702,0.8809695,0.46210915,0.12349475,0.57573116,0.84428054,0.6132502,0.46255776,0.7077577,0.64851075,0.7404545,0.28534013,0.75482297,0.5758839,0.97141856,0.2296887,0.9829118,0.4924534,0.92322546,0.24641998,0.944603,0
0.64746773,0.28628135,0.6938594,0.25477445,0.59606284,0.2604371,0.74718,0.19223028,0.45660678,0.1999386,0.80457634,0.2710332,0.239956,0.30491215,0.8842536,0.46417677,0.12999105,0.5820197,0.8476768,0.61396784,0.4684473,0.7107214,0.6770056,0.7390015,0.30241048,0.7541129,0.6384174,0.9609342,0.24042529,0.97846496,0.5526698,0.9325518,0.23349567,0.9626974,0
0.64836264,0.28340268,0.6955727,0.25079638,0.59553134,0.2572881,0.74946386,0.1850381,0.4514199,0.19421779,0.8096592,0.26606667,0.23692471,0.3015582,0.8873007,0.46416774,0.12943138,0.58319324,0.8438026,0.6144543,0.4665369,0.7114145,0.6851314,0.74456483,0.30507308,0.76068854,0.6506642,0.9643565,0.24830776,0.9825472,0.56931764,0.9268601,0.24479266,0.95779383,0
0.6507718,0.28745878,0.6988286,0.25469998,0.5973231,0.26114023,0.7529476,0.19000092,0.45032322,0.19862023,0.80796164,0.26689503,0.23862934,0.3000533,0.8907172,0.46241915,0.12597442,0.578345,0.8480447,0.6126308,0.45372376,0.7071689,0.67498326,0.73543835,0.3008557,0.7495732,0.6185609,0.9584025,0.23451716,0.97293717,0.5294375,0.93717676,0.23591143,0.96488816,0
0.64099836,0.2800268,0.6895923,0.24639855,0.5824471,0.25236234,0.74698186,0.18309171,0.44030422,0.19290084,0.8137741,0.26738718,0.22820199,0.2968844,0.8756981,0.47150713,0.12387415,0.5772074,0.84323853,0.6183218,0.451239,0.70579565,0.66743547,0.74091125,0.28415942,0.7524397,0.5852165,0.96475744,0.21209946,0.9760137,0.48941126,0.93053013,0.21442336,0.9595806,0
0.64192146,0.28225955,0.6904996,0.24874906,0.5859627,0.25385186,0.74535686,0.18536648,0.44525796,0.19318017,0.8064015,0.26777643,0.22679749,0.29746202,0.879793,0.468015,0.12067957,0.579134,0.84462917,0.61570567,0.44915262,0.7003902,0.65543234,0.75341547,0.2768037,0.7646482,0.56342196,0.9683859,0.20429921,0.9782246,0.45893088,0.9141012,0.21316698,0.94185877,0
0.64479226,0.27487496,0.699527,0.2412333,0.58566993,0.24744935,0.7648657,0.17221537,0.4393459,0.18108693,0.81439173,0.26029164,0.24044485,0.2870928,0.88416517,0.4861213,0.12297318,0.5798098,0.855834,0.62366784,0.45569357,0.6943697,0.6500176,0.7654921,0.2818125,0.7757807,0.55422693,0.9721949,0.23112142,0.98250604,0.46298686,0.91647726,0.24905276,0.9375281,0
0.6549896,0.27897733,0.70620334,0.24603483,0.60263383,0.25071776,0.7530756,0.17880009,0.44818982,0.18293203,0.8153163,0.26558322,0.23457204,0.2917494,0.8960552,0.47413337,0.12659587,0.57052463,0.8398572,0.6180192,0.48870093,0.6880496,0.67931205,0.7689051,0.30777785,0.7806729,0.59407526,0.97477514,0.27191022,0.9824207,0.51923174,0.9111654,0.29406127,0.9309798,0
0.663699,0.28652248,0.71296453,0.25327176,0.6096293,0.25996628,0.7570902,0.18793803,0.44942573,0.19563733,0.8129792,0.26893833,0.23227957,0.2978933,0.8950321,0.4683588,0.12406001,0.5687397,0.8441735,0.6211913,0.4808423,0.693048,0.6701738,0.75308746,0.29975364,0.76524204,0.5781328,0.9661408,0.25141838,0.9735016,0.48839027,0.93409336,0.25743237,0.95086235,0
0.65962595,0.27800313,0.70875996,0.24389341,0.60522556,0.25118214,0.7524215,0.17921586,0.4457132,0.18836184,0.81272674,0.2636513,0.22974072,0.29659072,0.8931685,0.46480396,0.11950907,0.5726416,0.8299293,0.62131166,0.505178,0.6807237,0.66644025,0.7633529,0.29370087,0.77687865,0.5639015,0.9608708,0.2400973,0.9713067,0.45773098,0.921485,0.24468637,0.94261163,0
0.65960276,0.28093192,0.7093759,0.24803685,0.60707974,0.2535451,0.75701344,0.18076459,0.455779,0.18681498,0.81930643,0.2663178,0.237481,0.29400644,0.8916612,0.4721123,0.11842564,0.56979716,0.82790476,0.6158659,0.46084353,0.6836429,0.660617,0.75601465,0.2916982,0.7675763,0.5692436,0.9728228,0.26027068,0.98217756,0.48091045,0.9231833,0.28034586,0.93962806,0
0.6601307,0.27611703,0.71109354,0.24315125,0.6048609,0.24833268,0.7575845,0.18248044,0.45033443,0.18777452,0.8180468,0.27196988,0.2318381,0.2967013,0.8982005,0.4788389,0.10383371,0.57084066,0.8315831,0.6112946,0.4449077,0.6875206,0.657279,0.7624247,0.28457433,0.77341366,0.5584213,0.97560966,0.24872077,0.9879801,0.46303388,0.9127301,0.27652502,0.93516374,0
0.66919637,0.2476426,0.71084917,0.21573704,0.61507225,0.22260366,0.7326397,0.16767503,0.45362037,0.1763445,0.810756,0.26980168,0.23293932,0.29285744,0.88490385,0.49163964,0.10747549,0.56799275,0.825019,0.6254239,0.45454815,0.67701966,0.667763,0.77628917,0.29266983,0.7878808,0.56904197,0.9701832,0.23762953,0.98645717,0.47414437,0.90406805,0.26316348,0.92906547,0
0.63223445,0.27010593,0.68504626,0.23814905,0.58402216,0.24077931,0.73875076,0.1735458,0.4424386,0.17388926,0.81238407,0.266683,0.22093555,0.28933096,0.87712556,0.4837883,0.11298073,0.5708145,0.8163259,0.61860925,0.45799902,0.6722345,0.66398287,0.7792429,0.28114736,0.79007035,0.5794946,0.9736743,0.23958981,0.98865736,0.48824483,0.89459383,0.27461997,0.91800624,0
0.6361366,0.27058795,0.687577,0.23828809,0.5862077,0.24210443,0.7375844,0.17426178,0.44081068,0.17702624,0.81086683,0.26744497,0.22135589,0.2912688,0.8744078,0.48650584,0.11196974,0.5716792,0.82047087,0.6221324,0.4559947,0.67272776,0.6700078,0.78493035,0.28734326,0.79683274,0.5860874,0.97060084,0.24654993,0.9868388,0.499124,0.8835881,0.283031,0.90781283,0
0.64783084,0.2724109,0.70110387,0.2391046,0.6002296,0.24070984,0.7547664,0.17140415,0.45729464,0.17010616,0.81582874,0.27000403,0.2375994,0.28770596,0.8865641,0.49410623,0.1053397,0.56944937,0.8290924,0.61135364,0.4453792,0.6677891,0.6754078,0.79375803,0.2993691,0.8040186,0.6006484,0.96197784,0.26465562,0.9787422,0.5011643,0.8790128,0.2901234,0.90396076,0
0.63969845,0.27272028,0.6962606,0.23964135,0.5938063,0.23947184,0.75517315,0.17030841,0.45467812,0.1653889,0.8111615,0.2665836,0.23809579,0.28279257,0.8862723,0.4850708,0.105248496,0.56545264,0.8317677,0.5997465,0.45600295,0.6611885,0.6625211,0.7938242,0.29067943,0.8029638,0.58520013,0.96679026,0.25923118,0.98063356,0.49077225,0.8600522,0.29420412,0.8854111,0
0.6431141,0.2640693,0.70139456,0.23065616,0.5940096,0.23052952,0.76646036,0.16387476,0.45672464,0.15996239,0.82925504,0.26529866,0.24617545,0.28156236,0.8872715,0.49420226,0.10889344,0.5693812,0.83011997,0.6085697,0.45427817,0.65804696,0.68566096,0.79538196,0.30330384,0.80432767,0.61304,0.9641993,0.25704235,0.97962546,0.52652335,0.8705522,0.28497797,0.89825386,0
0.6466679,0.2584059,0.70328933,0.22505513,0.60087574,0.22379558,0.76184106,0.15956554,0.4666984,0.15342243,0.817421,0.2660126,0.2485461,0.28071728,0.8761881,0.5053392,0.11292695,0.5743604,0.8378914,0.6207318,0.4593941,0.6568524,0.68645453,0.807997,0.30923188,0.8179069,0.61663204,0.9690611,0.26120925,0.9876582,0.53734726,0.8578223,0.2867395,0.8889489,0
0.6451538,0.25178263,0.7005319,0.2196036,0.59807515,0.22066155,0.7517991,0.15755405,0.4528926,0.15411729,0.81632423,0.26832345,0.2268638,0.28517047,0.8689721,0.4944243,0.10319333,0.56848425,0.81848013,0.61961085,0.45447332,0.6510767,0.65222055,0.7925972,0.2737756,0.80116755,0.5711923,0.97470367,0.23863952,0.9873841,0.49073908,0.8895889,0.29354513,0.9102561,0
0.654219,0.2457156,0.706079,0.21299432,0.6087693,0.21376355,0.74952036,0.15470837,0.46576694,0.15160856,0.81345344,0.2669493,0.24456082,0.2818808,0.87189615,0.49913332,0.101184584,0.57162124,0.81835645,0.6202534,0.44761837,0.6505119,0.6624578,0.7908375,0.29075578,0.79924846,0.58118945,0.9738785,0.24369258,0.98577774,0.4842546,0.87571216,0.2703407,0.90278304,0
0.66551876,0.2301931,0.71590173,0.19811696,0.6168713,0.19900416,0.75402945,0.15071347,0.47219664,0.14831714,0.8127159,0.26739073,0.24085519,0.28467843,0.8781617,0.48906735,0.09500769,0.5713891,0.82523316,0.6159952,0.45052296,0.6507444,0.64998007,0.78381515,0.27772656,0.7928018,0.5658545,0.9712438,0.23758936,0.98253816,0.46993366,0.8790748,0.26803297,0.90896446,0
0.6690771,0.24942584,0.7244629,0.21553084,0.6238048,0.21434787,0.77100027,0.15247849,0.47793987,0.14519323,0.8266993,0.2634159,0.24240433,0.2770179,0.88791424,0.4957825,0.10321305,0.57110506,0.8324056,0.63765985,0.4461558,0.65150416,0.6628166,0.7982013,0.28101718,0.80582917,0.5714165,0.97321844,0.23299842,0.98396844,0.48263824,0.8694421,0.25889248,0.9007717,0
0.6662447,0.2658647,0.72236073,0.23252785,0.6255437,0.22946967,0.76321137,0.16718403,0.47692168,0.15501004,0.8127677,0.27614978,0.23829554,0.2880655,0.89132255,0.49643505,0.10270015,0.5750644,0.8297828,0.63130814,0.44005522,0.6573862,0.6508798,0.7837313,0.28064024,0.79102725,0.55771375,0.973754,0.23663083,0.98452085,0.46667236,0.89346296,0.25352806,0.9235459,0
0.6582397,0.26151544,0.71651065,0.23235941,0.6229405,0.22578655,0.7589555,0.17384352,0.48476046,0.15444855,0.80143124,0.27916306,0.24152122,0.28505674,0.88755995,0.49773097,0.1050901,0.5702699,0.848289,0.65252846,0.43527701,0.66395473,0.6459006,0.7851805,0.28368896,0.7908364,0.5583017,0.973573,0.2466538,0.98421174,0.46791214,0.88013077,0.26217842,0.91247195,0
0.66587657,0.26554608,0.7272722,0.23503867,0.63544285,0.22710435,0.7688332,0.17453203,0.49344665,0.1513608,0.79814136,0.28361103,0.24601193,0.28546712,0.87752104,0.50255877,0.10476902,0.5689689,0.84704876,0.6590441,0.4335326,0.66886973,0.6336478,0.7915145,0.27781412,0.7958071,0.54064,0.97198445,0.23630995,0.9796609,0.44606754,0.8723484,0.2681922,0.89779925,0
0.66793144,0.26675949,0.72579265,0.23577166,0.6355427,0.22908834,0.7640105,0.17313269,0.49357557,0.15301089,0.8029045,0.285035,0.24556185,0.28929463,0.8759817,0.5020079,0.10816096,0.57056725,0.8478199,0.6602522,0.43489814,0.6706225,0.63695985,0.78672665,0.27756214,0.7914957,0.5471969,0.971504,0.23811032,0.97958046,0.45002168,0.8776581,0.26594308,0.9036782,0
0.68893766,0.25234073,0.74460405,0.22024418,0.64384604,0.2173641,0.7874724,0.16625184,0.495401,0.15465875,0.82300234,0.28391623,0.24337485,0.28860703,0.8727528,0.5075805,0.10063196,0.5687795,0.8794253,0.675188,0.4278338,0.67178994,0.64994234,0.7461034,0.2760238,0.75040936,0.56055397,0.97875094,0.2212381,0.9842214,0.4575862,0.9458764,0.22826022,0.9728705,0
0.6863639,0.24694811,0.74064857,0.21725404,0.63819695,0.2149093,0.77918875,0.17704767,0.48782656,0.16647524,0.82026976,0.29796603,0.24824344,0.29986882,0.8750104,0.5144909,0.111138135,0.5643571,0.8782099,0.69583327,0.41893,0.6824461,0.65247643,0.7539088,0.28248245,0.75761247,0.5710294,0.9744412,0.24210185,0.9824312,0.47265664,0.9295061,0.25930002,0.9575274,0
0.68249047,0.25560564,0.7418109,0.2261041,0.6454429,0.21873222,0.78353685,0.17246799,0.50357026,0.1507059,0.81248844,0.29038924,0.25318804,0.28494194,0.88441527,0.5173609,0.115421,0.561952,0.8852132,0.71086276,0.40950525,0.6924665,0.6455106,0.76296353,0.28512415,0.76413625,0.5534596,0.97654015,0.23626147,0.9846949,0.460342,0.9158719,0.24347043,0.9482123,0
0.68335974,0.25679076,0.74317515,0.22810699,0.64798963,0.21956179,0.78372073,0.17603573,0.50754535,0.15178874,0.8174922,0.2964943,0.25589564,0.28689316,0.8836705,0.5278547,0.1248936,0.56300306,0.8792641,0.73201996,0.40760973,0.70797706,0.64697003,0.7694455,0.2849524,0.7686921,0.55770457,0.9843223,0.23980063,0.9917546,0.46743527,0.93317854,0.24371159,0.9616661,0
0.68868715,0.2560538,0.7545565,0.22661127,0.64550513,0.21939841,0.8050912,0.17235765,0.4979048,0.1499389,0.83564496,0.29559916,0.24401814,0.28455287,0.89190835,0.5406557,0.13665183,0.5585617,0.88464123,0.7653412,0.41279328,0.74273443,0.65698224,0.7811597,0.28074372,0.7801323,0.553784,0.9852569,0.23347083,0.9977733,0.4677696,0.913228,0.27745834,0.93282425,0
0.684803,0.25829214,0.7435192,0.22971408,0.6439942,0.22334477,0.7875141,0.18188399,0.50286895,0.16242236,0.8342288,0.30245182,0.25559866,0.29082537,0.8896545,0.5432759,0.12759435,0.56218606,0.88159317,0.76492614,0.4030174,0.7384671,0.6695769,0.77369237,0.29204065,0.77265584,0.5894784,0.98087883,0.24099827,0.99217945,0.4938132,0.9132565,0.25306296,0.94249886,0
0.691862,0.25814003,0.7546995,0.22908448,0.64590245,0.22387883,0.805515,0.1767615,0.5007003,0.159335,0.8520388,0.29819703,0.24832274,0.28865603,0.89971274,0.5513364,0.13836071,0.5621169,0.8879443,0.77954525,0.39910474,0.7669911,0.6880022,0.7823282,0.29955363,0.7824116,0.59793514,0.98662657,0.25709617,1.0,0.52670264,0.9121198,0.30412322,0.9348547,0
0.6921111,0.25742123,0.7582534,0.22865044,0.648369,0.22102338,0.81038904,0.1710797,0.5049869,0.1488659,0.84786063,0.2889961,0.24726981,0.27950954,0.8893543,0.5420028,0.13953109,0.5618663,0.8782712,0.78173536,0.3475498,0.80382085,0.6800727,0.7677131,0.29848653,0.7686738,0.61201274,0.98870665,0.28000733,1.0,0.54777795,0.92028433,0.33863658,0.9432032,0
0.69772136,0.2523079,0.76376957,0.22498232,0.6537573,0.21666083,0.8158987,0.1746785,0.5132893,0.15127629,0.85751534,0.2926937,0.25994754,0.2811934,0.89094305,0.55511653,0.15669186,0.5734758,0.87837636,0.79175836,0.33036366,0.8181792,0.68984956,0.7707696,0.3058076,0.77000695,0.6217192,0.99365836,0.265543,0.99999994,0.5471479,0.963791,0.29450008,0.98740536,0
0.7044017,0.25386804,0.7707849,0.22504215,0.6557343,0.21872221,0.82629526,0.1714858,0.51030433,0.15291776,0.875656,0.28932264,0.26452985,0.28419822,0.8969659,0.54919475,0.15072837,0.57378674,0.8902459,0.78613526,0.3226698,0.8281514,0.7268785,0.7712343,0.33823004,0.773952,0.6301583,0.99132425,0.30463415,0.99999994,0.55453753,0.9490745,0.34673414,0.9763367,0
0.69968885,0.25902548,0.7723944,0.23208629,0.65775853,0.22003609,0.83548564,0.17879844,0.5227628,0.14808875,0.8691016,0.29380834,0.26716107,0.2796541,0.8909763,0.5477953,0.15112878,0.56792766,0.884925,0.77578086,0.30537748,0.8134425,0.7183218,0.7519903,0.33930966,0.7519124,0.6356815,0.9928634,0.32271647,1.0,0.5580775,0.983173,0.3563698,1.0,0
0.69932526,0.25932035,0.77231926,0.23212594,0.65575254,0.22053634,0.8380184,0.17868772,0.5212393,0.14915602,0.8705104,0.2940075,0.2697927,0.27967668,0.88936394,0.5485407,0.14922898,0.5662901,0.8859929,0.7754322,0.3023405,0.8127833,0.7150816,0.75260746,0.33683443,0.75205576,0.6291721,0.9941771,0.3149195,1.0,0.5539854,0.9863175,0.3494054,1.0,0
0.7196575,0.26163316,0.78837895,0.23308069,0.6724197,0.22403921,0.8474333,0.18102807,0.53006387,0.15621762,0.8760634,0.29785854,0.2816545,0.2829762,0.8930688,0.5457193,0.15987106,0.5564679,0.9081527,0.76617557,0.2888534,0.8253467,0.71344584,0.72740406,0.34139654,0.72531873,0.60992247,0.98152316,0.30863723,0.98866206,0.5384961,1.0,0.31257302,1.0,0
0.7330245,0.25164592,0.79630476,0.22200829,0.6868519,0.2153001,0.84350383,0.17144936,0.54418063,0.15182638,0.8703738,0.29542923,0.28687775,0.28858638,0.88497216,0.5459581,0.15110047,0.56486905,0.9016495,0.7615913,0.28362563,0.8187302,0.7189212,0.73766863,0.36036092,0.74140567,0.6134004,0.9877797,0.37850723,0.99999994,0.5399244,0.98199654,0.4381309,0.99999994,0
0.74694306,0.24040975,0.800848,0.21223189,0.70826155,0.2055268,0.83303297,0.16976394,0.581368,0.1520513,0.87717414,0.3014144,0.29063734,0.3003426,0.8869208,0.54121095,0.14668699,0.5762922,0.8984699,0.74407554,0.26854986,0.81795603,0.69293267,0.7381651,0.33019862,0.74292916,0.6128028,0.9962951,0.36270183,0.99999994,0.553847,0.9944607,0.44825283,0.99999994,0
0.72751534,0.26580846,0.7952159,0.24096896,0.6987002,0.22494008,0.8468779,0.19118118,0.5752958,0.15208596,0.86895996,0.30937967,0.2871563,0.28965855,0.8833722,0.54732484,0.15485945,0.5683734,0.87608165,0.7336904,0.25575843,0.81174004,0.68009186,0.7419794,0.31793794,0.7384437,0.5903348,0.9978104,0.32524875,0.99999994,0.53306514,0.99999994,0.3926439,0.99999994,0
0.69740325,0.17522116,0.7557551,0.14786263,0.65193236,0.14612098,0.8320307,0.104334645,0.5474035,0.09807921,0.8955552,0.24013479,0.30012026,0.24031554,0.89068955,0.5235579,0.13411999,0.54728615,0.8862861,0.7231406,0.24602702,0.81161773,0.68408054,0.7230639,0.31289014,0.7225062,0.5938099,0.98718125,0.27474308,0.9935049,0.53234917,1.0,0.33377486,1.0,0
0.74810183,0.26067057,0.8167623,0.2359568,0.7227241,0.21927981,0.85875213,0.18513556,0.5883231,0.14329019,0.8594067,0.29943404,0.28684112,0.2788613,0.8877577,0.5342669,0.14973699,0.5627416,0.88745195,0.7190327,0.23869368,0.82214457,0.66852915,0.74073005,0.30690542,0.7361533,0.580898,0.9921057,0.27547547,0.9926616,0.5279893,0.99704736,0.3142405,1.0,0
0.7421571,0.27184153,0.8161916,0.24917296,0.7213937,0.22825986,0.85539865,0.19832765,0.5840908,0.146767,0.8278754,0.2993816,0.27152714,0.27979794,0.8747349,0.52093,0.1485407,0.5666241,0.8802753,0.7158085,0.25422984,0.83358556,0.6728624,0.72992116,0.32607055,0.73011,0.5973888,0.9778086,0.34834266,0.9865438,0.5486764,0.9338587,0.43771657,0.94918054,0
0.7309293,0.2608544,0.79064196,0.23380901,0.7124919,0.21822016,0.81944,0.1767784,0.5985353,0.14029284,0.8487783,0.29679078,0.2873109,0.29032224,0.8625863,0.53008544,0.14068559,0.5780779,0.86810327,0.71460885,0.25533587,0.8410844,0.6816325,0.7333745,0.34457025,0.7376366,0.59080344,0.9815167,0.4075542,0.99448717,0.5189688,0.96865773,0.512839,0.9808975,0
0.74670655,0.27732736,0.8114631,0.25445968,0.7429302,0.2322336,0.8208037,0.19560432,0.59886104,0.1402906,0.79038155,0.29753184,0.28519276,0.2751895,0.83389336,0.52463394,0.14940326,0.57075983,0.8584979,0.71481013,0.26845598,0.8592356,0.6533268,0.7277248,0.33468738,0.72752327,0.57490736,0.94292986,0.33152667,0.951627,0.4842799,0.9562167,0.3373908,0.97158146,0
0.7487944,0.25766224,0.81832147,0.23193109,0.72887164,0.21265309,0.86190844,0.1736328,0.5998295,0.12821068,0.8404147,0.29242304,0.2992782,0.27311385,0.8328602,0.5349527,0.14608464,0.5736653,0.85119784,0.7126744,0.2631455,0.8616925,0.650765,0.7402585,0.3129835,0.7390323,0.5733452,0.9498093,0.34848887,0.9602477,0.4740714,0.9472225,0.36981428,0.9650018,0
0.7494132,0.2572047,0.82307047,0.23191908,0.73318607,0.21051161,0.86737174,0.1748848,0.61053365,0.12601638,0.82467085,0.28701773,0.30380115,0.27106953,0.8235322,0.528347,0.14571384,0.5803846,0.85688305,0.7020718,0.26051322,0.87355244,0.6521104,0.7746969,0.31961584,0.77542144,0.5640312,0.9631309,0.3179345,0.9770468,0.43472505,0.9088127,0.33471045,0.9321096,0
0.75357765,0.25738382,0.8269683,0.23285627,0.73550844,0.21163717,0.87005514,0.17610717,0.60858816,0.12737446,0.8343312,0.28803626,0.3012506,0.27036774,0.82304835,0.53403634,0.14635402,0.5839899,0.8552551,0.705117,0.26363394,0.8739984,0.65867823,0.7963384,0.31555992,0.7972201,0.57879084,0.9748806,0.3265594,0.9917565,0.4466217,0.8784636,0.37400767,0.90777415,0
0.74339247,0.25768393,0.822863,0.23535873,0.71917087,0.21327122,0.88663495,0.18741979,0.60457724,0.1378064,0.8364081,0.29086846,0.32110634,0.27260128,0.81452984,0.5241131,0.14726071,0.5762791,0.8468174,0.71086496,0.25660697,0.8797508,0.66466206,0.75727147,0.33917466,0.7570707,0.57542306,0.9738156,0.35471937,0.9885723,0.44576916,0.9048865,0.4014753,0.93252176,0
0.7618967,0.27134284,0.8314104,0.24928644,0.7581457,0.2266635,0.8331752,0.19532607,0.61234546,0.1404489,0.7441403,0.28830177,0.30636853,0.2777984,0.78448343,0.52201396,0.17070411,0.59657156,0.84608835,0.706712,0.26411217,0.89501506,0.6368698,0.7547037,0.35860902,0.7610072,0.5321701,0.96116453,0.3522708,0.97956824,0.4191872,0.9226039,0.36232787,0.94641215,0
0.7628217,0.26622155,0.8323289,0.24609713,0.76729345,0.22069767,0.8257779,0.19220306,0.62857556,0.13162827,0.71954983,0.2873295,0.30497956,0.27274418,0.7472315,0.5333668,0.17914037,0.6047403,0.8164707,0.7127376,0.2591267,0.8945734,0.59786814,0.7848717,0.33017093,0.79095364,0.5344467,0.9735492,0.3553365,0.99289143,0.4262752,0.8944341,0.3961679,0.9197597,0
0.76682657,0.27202478,0.83697253,0.2508864,0.77203083,0.22602038,0.83163446,0.19444838,0.63539815,0.135753,0.7241821,0.28624493,0.327754,0.2776374,0.7578997,0.51800925,0.19981731,0.6058797,0.809449,0.70180714,0.26179603,0.9172239,0.56367826,0.7435475,0.30914608,0.7474965,0.49711215,0.9428405,0.31012294,0.9515653,0.3949097,0.93834484,0.2909238,0.956109,0
0.7879338,0.27540052,0.85063845,0.25129142,0.79004854,0.23196562,0.83408153,0.19566394,0.6343141,0.14659402,0.7231782,0.29524115,0.3389843,0.28593105,0.74327433,0.5181052,0.20934692,0.585169,0.806134,0.6927172,0.25772983,0.89818454,0.5620534,0.73122674,0.30993393,0.736064,0.5282692,0.8998611,0.3219501,0.91220886,0.4366702,0.9416858,0.30608258,0.95969397,0
0.7837724,0.2759936,0.84745556,0.2527828,0.7833624,0.2327448,0.835391,0.20001295,0.62798357,0.14912406,0.7155297,0.29959813,0.3367169,0.28526267,0.7441665,0.5173093,0.216864,0.5778965,0.803468,0.69426334,0.24963477,0.89610773,0.54525506,0.7253476,0.2960611,0.72681725,0.509613,0.9292804,0.29379484,0.93474066,0.42048347,0.95311093,0.2854775,0.9674214,0
0.77454734,0.26465675,0.83432084,0.24328908,0.78199685,0.22005837,0.8067697,0.19837527,0.63490844,0.14098486,0.68840504,0.30753672,0.34000286,0.28606036,0.72235215,0.5278198,0.22321922,0.5737261,0.7890922,0.6946943,0.24131379,0.8772449,0.53606945,0.7082265,0.31230906,0.7079722,0.4864475,0.91424847,0.30130914,0.9179586,0.40340498,0.9803106,0.28243756,0.9925186,0
0.7717911,0.26338923,0.8290389,0.2414385,0.7853163,0.21968581,0.7884504,0.18738134,0.64230853,0.13413046,0.6612903,0.28267685,0.34337053,0.27610445,0.68935937,0.51477593,0.21335278,0.5968397,0.7736184,0.6730313,0.26786616,0.87835157,0.5064981,0.74861217,0.29246622,0.75528985,0.47010052,0.9380096,0.2708042,0.9558507,0.37637433,0.9333452,0.23110211,0.95580614,0
0.81997526,0.25508025,0.8703111,0.2289508,0.8224645,0.21487504,0.8211547,0.17200938,0.6651824,0.13565928,0.69792753,0.27095607,0.3787504,0.27484116,0.7005416,0.5010465,0.23346934,0.5874274,0.76822895,0.6571921,0.29326773,0.87232137,0.50214875,0.7462964,0.28283,0.7544804,0.45274752,0.9201695,0.24730207,0.94073975,0.32460135,0.91529596,0.15908088,0.95067847,0
0.7950748,0.24973187,0.84051245,0.22547656,0.81004244,0.21069299,0.76477605,0.16733035,0.66959715,0.13091336,0.6111472,0.25530285,0.38621414,0.2633493,0.62347776,0.48858693,0.23467389,0.5778051,0.7493648,0.6487957,0.3185306,0.8501114,0.45718682,0.7418254,0.29551995,0.7548386,0.43515107,0.92374766,0.25826535,0.953715,0.33242324,0.88567543,0.1735897,0.92598546,0
0.8110823,0.24447596,0.85256267,0.22023688,0.82276994,0.2065382,0.7723724,0.16905117,0.68436116,0.1354004,0.63471955,0.26845816,0.41444474,0.27184024,0.6408315,0.5101695,0.27048823,0.5853061,0.7475467,0.6493299,0.35929617,0.84196216,0.45369512,0.75217915,0.2986567,0.76057744,0.3919556,0.92804486,0.2518343,0.95063573,0.28523767,0.9189075,0.16689268,0.95677984,0
0.82557344,0.24552974,0.8655997,0.22033003,0.8366169,0.20741816,0.77478373,0.1679482,0.6887725,0.13577026,0.6258582,0.2680847,0.4143609,0.27267423,0.6334824,0.51232624,0.26663393,0.58623195,0.74868727,0.6509396,0.36151117,0.8376665,0.45240343,0.7568778,0.3026772,0.76646024,0.3886334,0.9257375,0.25894138,0.94866127,0.28354856,0.91888535,0.17085479,0.9578751,0
0.808989,0.24028637,0.85129446,0.21463388,0.82004035,0.19811654,0.7673907,0.16286516,0.6671239,0.12229962,0.61424756,0.2709215,0.41874135,0.26540068,0.6243536,0.5174542,0.29928157,0.5820036,0.7333535,0.6479138,0.39392,0.8387652,0.44025448,0.7610242,0.29930666,0.7666466,0.39651868,0.92865276,0.2554571,0.94616264,0.31812653,0.9152001,0.2111845,0.94320685,0
0.82479805,0.23856787,0.8728203,0.21430874,0.8335772,0.19832516,0.8098566,0.16426359,0.6821943,0.12515764,0.65360355,0.26889572,0.4111211,0.2582204,0.63641876,0.5025836,0.306901,0.539251,0.7211272,0.6605199,0.40404,0.7492442,0.43525973,0.64588517,0.290036,0.6466535,0.35243505,0.860054,0.28311118,0.86171323,0.3068825,0.9735986,0.23627982,0.9811811,0
0.8131801,0.23088144,0.8584132,0.2078084,0.8218287,0.19172591,0.7811189,0.16345705,0.6737011,0.12556042,0.6032614,0.2637097,0.40915346,0.25922462,0.59031075,0.5020939,0.30920908,0.56028587,0.6930083,0.6566689,0.4900426,0.7990727,0.4058216,0.66115934,0.29031366,0.6666439,0.3673935,0.87499523,0.3333488,0.88001657,0.37225217,0.9634635,0.3211768,0.9733835,0
0.8231025,0.23251525,0.8698336,0.20830265,0.83251953,0.19232607,0.77536637,0.16425925,0.68089175,0.12745987,0.5905502,0.26888123,0.43878555,0.26305646,0.5647559,0.5274438,0.3747737,0.5646222,0.5672656,0.75214934,0.5612638,0.812715,0.3843782,0.66817975,0.2740819,0.67392486,0.37885594,0.867458,0.2912452,0.88802654,0.3587731,0.92179257,0.2057966,0.9650722,0
0.83510035,0.23364581,0.8846759,0.2086642,0.848048,0.19390002,0.7688832,0.1550034,0.688436,0.12026996,0.53854644,0.24907675,0.4734447,0.24687731,0.53357494,0.5296826,0.39865008,0.56483805,0.5841226,0.7780383,0.61038375,0.8159022,0.3298049,0.7148278,0.28228974,0.72219586,0.27518675,0.9444412,0.27609363,0.97013515,0.22741348,0.9314386,0.193854,0.9691277,0
0.8335746,0.23156361,0.8922716,0.20925002,0.85040534,0.18480873,0.7840768,0.16125317,0.6875281,0.105005644,0.5388891,0.26445946,0.44797423,0.23657678,0.5383523,0.5234167,0.36811405,0.53309727,0.5856634,0.7473017,0.60690844,0.8167928,0.31275663,0.7168301,0.25664368,0.7165137,0.25376254,0.9092614,0.2660256,0.9294548,0.19223353,0.919744,0.17879267,0.9509298,0
0.84243894,0.21821374,0.8954517,0.19484295,0.85514957,0.17810984,0.78424734,0.1575168,0.6977516,0.11908913,0.5398777,0.2584214,0.4517065,0.25448892,0.5254261,0.54297936,0.39119878,0.5769128,0.60544556,0.7839866,0.6284321,0.80994564,0.34576318,0.73616904,0.28113544,0.7446993,0.24633786,0.888869,0.24151506,0.9227237,0.17284445,0.9058383,0.13408422,0.94177943,0
0.8399974,0.21869308,0.8965946,0.19555125,0.85925317,0.17720366,0.76414883,0.14692117,0.7004114,0.10659485,0.5049184,0.23734204,0.47542602,0.23376201,0.4716766,0.51152354,0.42089048,0.5405261,0.5895939,0.76922494,0.6211608,0.7953071,0.31123668,0.6584073,0.28908855,0.6683875,0.2777717,0.77190673,0.29823124,0.8105162,0.21176659,0.9252389,0.16920753,0.97023827,0
0.8387425,0.21356088,0.8935237,0.1940587,0.86238855,0.17078213,0.7762867,0.15263267,0.72318786,0.10130377,0.50720346,0.23998274,0.49802122,0.21039909,0.45607018,0.46738914,0.40861532,0.4430403,0.62366295,0.77485996,0.6594098,0.79163355,0.3458221,0.6669304,0.33532467,0.6666223,0.28566408,0.8688344,0.31202942,0.89207035,0.17854488,0.94972706,0.17690404,0.99527925,0
0.853788,0.20303753,0.8886453,0.17602678,0.86676043,0.16740727,0.71971416,0.12596041,0.7107078,0.107294805,0.4722233,0.21850497,0.52026445,0.23323745,0.45950803,0.50737613,0.4726535,0.54847085,0.6091415,0.7725774,0.66030616,0.79837096,0.33269405,0.71153444,0.35726315,0.7259783,0.281138,0.93162274,0.33166626,0.9640407,0.21136487,0.9575146,0.20260793,0.99639064,0
0.86025673,0.19889565,0.8974284,0.17444587,0.8718565,0.16549306,0.7328939,0.12453937,0.7153913,0.106478974,0.46252927,0.20127524,0.54942995,0.21649468,0.44421783,0.4707572,0.52149576,0.51165134,0.5941834,0.75638795,0.6431808,0.7792287,0.31806022,0.6319363,0.3704221,0.64651644,0.30476522,0.8477542,0.37257984,0.8799052,0.25939333,0.954811,0.28039503,0.9936423,0
0.8631047,0.19951487,0.90086377,0.17483497,0.8749985,0.16577196,0.7348739,0.12420926,0.7165133,0.10583949,0.46260974,0.20250387,0.54844457,0.21727113,0.44412103,0.47800133,0.51764554,0.51779264,0.59262896,0.75830907,0.64312667,0.7815109,0.3168384,0.629217,0.36981532,0.6442335,0.30495495,0.8359651,0.37840202,0.86953515,0.2622404,0.95212847,0.28601363,0.99354327,0
0.8794004,0.19320245,0.9107397,0.1693357,0.8860394,0.16241708,0.7485871,0.124333054,0.7266864,0.11203174,0.4833464,0.19680472,0.5721392,0.21389918,0.44720346,0.43279043,0.54241085,0.47545013,0.55470186,0.676664,0.6103907,0.72491264,0.3213385,0.5445598,0.37272033,0.5587842,0.3690606,0.73756534,0.40298536,0.76240045,0.31215173,0.9406333,0.326951,0.9656634,0
0.8770491,0.19224004,0.9041092,0.16644868,0.88612247,0.15996617,0.7141529,0.12254696,0.73703194,0.11308837,0.43712702,0.20867208,0.58890015,0.22875673,0.40929866,0.46233737,0.5652339,0.49925172,0.53416306,0.7318615,0.59898216,0.7521673,0.2743252,0.57305753,0.36991096,0.58755714,0.28875905,0.77251005,0.3919331,0.7995526,0.26654595,0.95338285,0.34439954,0.9877866,0
0.89555794,0.18883313,0.9197537,0.1639737,0.8968183,0.1592958,0.7551493,0.12582397,0.7572693,0.12068232,0.49810022,0.21110214,0.60593843,0.23306277,0.43338346,0.44692427,0.5539771,0.48831773,0.54344434,0.7109944,0.5811318,0.72547936,0.33460525,0.5624222,0.38428298,0.5753736,0.38895446,0.77640206,0.33631733,0.80092216,0.3212804,0.9575371,0.24071647,0.9870476,0
0.64722455,0.12756933,0.62434375,0.10842656,0.65050787,0.10762539,0.37716714,0.10581808,0.5874417,0.107817255,0.1672871,0.22190283,0.6216192,0.22951578,0.076283656,0.4026044,0.78045285,0.39353195,0.14669864,0.5062991,0.92103875,0.45516172,0.25312987,0.5255797,0.5548081,0.53492767,0.32325828,0.7102718,0.5957634,0.7238652,0.32999182,0.89473933,0.5367746,0.9186985,0
0.6544769,0.1258181,0.63387096,0.105610415,0.65671945,0.10523967,0.38539734,0.1004969,0.58451474,0.10332369,0.16929014,0.2178523,0.60286504,0.22661604,0.08489877,0.40239722,0.76182574,0.39583686,0.16530098,0.5055271,0.88514966,0.45441243,0.25146258,0.51814115,0.5387399,0.5291738,0.3388613,0.7010748,0.59591186,0.7172917,0.31728518,0.88602173,0.5469522,0.91895515,0
0.7372875,0.1302464,0.7130455,0.110159405,0.74376637,0.110252045,0.4331991,0.10415893,0.66861427,0.108183056,0.18361613,0.22044475,0.6565637,0.23224859,0.098755814,0.42006835,0.80900985,0.4010011,0.24542318,0.5081919,0.881411,0.3644034,0.2858985,0.52548826,0.59586334,0.54084873,0.38142872,0.7019728,0.65787286,0.72746384,0.36018524,0.874701,0.59983116,0.92281324,0
0.73779446,0.12882642,0.71268296,0.10875574,0.74482757,0.10919342,0.43352398,0.1041637,0.67454344,0.109089755,0.18704514,0.22234957,0.66216266,0.2357583,0.099811874,0.4236912,0.8069577,0.40615666,0.24664275,0.50899124,0.87471646,0.35929576,0.284159,0.5275394,0.595791,0.5434192,0.38154936,0.7026259,0.65717924,0.72877854,0.3566733,0.8730595,0.59873325,0.9216823,0
0.72546405,0.124440104,0.7018828,0.10450478,0.7284073,0.104978904,0.42168158,0.102966934,0.6469728,0.10791722,0.17172207,0.22208844,0.63341796,0.23703939,0.08894262,0.419572,0.77975774,0.40879643,0.25825572,0.49689904,0.8767044,0.3581507,0.2790453,0.52437943,0.5789286,0.54220194,0.37855104,0.6931052,0.64386684,0.7246904,0.35968047,0.8569892,0.59183824,0.92001534,0
0.7471246,0.118905745,0.72245264,0.09823113,0.75084704,0.099728875,0.40913266,0.098441124,0.6574912,0.10622121,0.15573888,0.21912432,0.61056346,0.24361522,0.10242264,0.41349408,0.7522676,0.42605835,0.32413194,0.45452166,0.90317136,0.3650749,0.2637528,0.5212365,0.559957,0.54519534,0.3661037,0.68258446,0.6532511,0.73125064,0.39158767,0.8345145,0.598824,0.91971534,0
0.74244547,0.12365513,0.7257437,0.10301948,0.74131763,0.10317412,0.43313214,0.09950943,0.64267725,0.10421453,0.16622011,0.21757019,0.6121259,0.23688214,0.1015443,0.41160852,0.769415,0.41766486,0.29434463,0.46391976,0.918614,0.36907592,0.26568872,0.5096842,0.55384266,0.5313012,0.37474614,0.66894144,0.6585995,0.71534073,0.4195077,0.82410836,0.60739154,0.9135176,0
0.73035806,0.123357296,0.70907813,0.102127075,0.72710407,0.10309997,0.39614946,0.09437027,0.6029107,0.10125647,0.13947298,0.20242526,0.5604019,0.23093936,0.23807032,0.3685642,0.7393225,0.42070574,0.71959347,0.35315317,0.9234742,0.37870383,0.26236972,0.50549275,0.53583306,0.5318189,0.38942775,0.67612326,0.636597,0.7288405,0.417154,0.8207638,0.6033997,0.9197419,0
0.70868826,0.1355043,0.69799167,0.11421175,0.709839,0.11307894,0.39982146,0.10089484,0.57904744,0.10347491,0.13402444,0.19735661,0.52225816,0.22847052,0.29275355,0.34374166,0.69407374,0.42057768,0.7642887,0.31717673,0.90549254,0.39894956,0.25318485,0.4976376,0.5074987,0.52633476,0.40200257,0.66694283,0.62715894,0.73036313,0.42068478,0.8141291,0.5982523,0.92628616,0
0.7083052,0.13347203,0.6865993,0.11311255,0.7093857,0.11115761,0.40141812,0.10029497,0.5807594,0.100761995,0.16003467,0.2055133,0.5266367,0.22520672,0.2826541,0.35511816,0.6886961,0.41490275,0.73584384,0.3223163,0.8926754,0.39170334,0.27139735,0.5032697,0.51156795,0.5262274,0.40551424,0.67702526,0.6030973,0.72487664,0.4320459,0.8224916,0.6097557,0.92371523,0
0.6979741,0.12654582,0.6906162,0.106208324,0.69719166,0.104361445,0.40549538,0.09507681,0.55554414,0.09571023,0.15496974,0.19193612,0.46756136,0.2220322,0.34452382,0.34280303,0.66087234,0.4203022,0.78194565,0.31769663,0.90407795,0.39285016,0.2741956,0.49365154,0.47865492,0.5214732,0.42320964,0.6679979,0.6018542,0.7241202,0.4271413,0.81987625,0.6076915,0.92337,0
0.68972105,0.12390787,0.6693828,0.10005837,0.6762654,0.10296731,0.400919,0.089243606,0.549721,0.09920792,0.15779796,0.19052526,0.47001693,0.22457716,0.35726145,0.33282623,0.64257264,0.4173327,0.7511221,0.34438017,0.945294,0.39175618,0.29165348,0.48663563,0.50006336,0.510932,0.44337526,0.67948693,0.57811594,0.70934063,0.48780975,0.8458115,0.626071,0.9002806,0
0.6818003,0.124229304,0.6657211,0.10090406,0.66934335,0.10242338,0.4051922,0.09031453,0.53900224,0.09650664,0.15436946,0.1928184,0.468932,0.22075811,0.35407913,0.33304447,0.6146733,0.41119328,0.7879807,0.33087122,0.9296471,0.3866014,0.29778433,0.48612618,0.5128598,0.5086465,0.44906807,0.67676175,0.5871281,0.70782006,0.47265106,0.8450289,0.6418877,0.90023774,0
0.67671394,0.11608296,0.6579109,0.092815205,0.6559702,0.09485101,0.395206,0.08507137,0.5091224,0.092434116,0.1640211,0.18949507,0.44772312,0.21670088,0.38328138,0.33038506,0.57799214,0.40503082,0.8190418,0.32631123,0.9393445,0.38932994,0.29921958,0.477467,0.49694112,0.50030214,0.46402434,0.6642343,0.59608465,0.69933474,0.482169,0.83328116,0.639054,0.89397657,0
0.6562165,0.120989084,0.6461052,0.09728575,0.64074826,0.09855795,0.3992972,0.085774995,0.50125456,0.091047384,0.14855012,0.18961607,0.4314186,0.21575819,0.3600307,0.33257008,0.56598115,0.40895033,0.8492131,0.31818014,0.91922766,0.38784376,0.29153687,0.4804441,0.48745853,0.5032514,0.45972347,0.66755044,0.5896506,0.70212144,0.4846439,0.8376143,0.6312642,0.89811325,0
0.64966136,0.120824054,0.63972265,0.09714737,0.6360335,0.09825411,0.3922506,0.08584237,0.4981601,0.09060187,0.15133874,0.19038562,0.4302687,0.21543275,0.37624052,0.33728844,0.55988526,0.41063046,0.8533329,0.3187099,0.9189236,0.3890919,0.28474766,0.47965464,0.48070744,0.50246847,0.45431477,0.6626148,0.59135854,0.7000301,0.4789549,0.8352703,0.6279596,0.89858073,0
0.64636,0.12005401,0.6372286,0.09663596,0.6365566,0.0972907,0.37873948,0.08617649,0.5070286,0.08986197,0.14522551,0.18847683,0.41337267,0.21466786,0.35652182,0.3379336,0.5567341,0.4110338,0.8140942,0.33394668,0.92143506,0.39074484,0.29252553,0.48087832,0.47863266,0.5045607,0.466852,0.66555816,0.5981309,0.70457995,0.5065762,0.84092927,0.6442077,0.9011627,0
0.64897424,0.12166203,0.64392585,0.09869985,0.64086646,0.09826975,0.3881588,0.08743215,0.49410188,0.08813548,0.16046663,0.18698743,0.3910006,0.21222363,0.3557238,0.34791574,0.55409676,0.41423935,0.7426605,0.3560761,0.8858141,0.3824197,0.31068137,0.47617924,0.46814358,0.50143135,0.49292785,0.6540932,0.6162604,0.698562,0.5296757,0.8361956,0.64142764,0.89919263,0
0.62756497,0.12153953,0.62507397,0.09848456,0.6202476,0.09820232,0.3835255,0.08611403,0.4765111,0.0870801,0.15081646,0.18250485,0.35426694,0.21005349,0.35649437,0.34327838,0.5183341,0.41582003,0.7755238,0.35153136,0.8581019,0.38035905,0.30794477,0.47547987,0.44802618,0.50180703,0.48176295,0.66072726,0.6004923,0.7043598,0.5158939,0.8429502,0.62536883,0.90443057,0
0.6316056,0.1258008,0.6360837,0.105597876,0.62882197,0.100952044,0.40282127,0.089879416,0.46121204,0.0815381,0.19050361,0.19482765,0.31443295,0.20326585,0.35268182,0.38350916,0.4815992,0.41112983,0.76151854,0.36940867,0.8036628,0.38271415,0.32551187,0.4883672,0.4137314,0.51069987,0.49014837,0.65953904,0.61925083,0.71019953,0.4810838,0.83653617,0.66103584,0.92603797,0
0.62811446,0.12713934,0.6314953,0.10631452,0.62520534,0.10258032,0.3963552,0.08994537,0.45696613,0.08370314,0.18828484,0.19387504,0.3091742,0.20484948,0.34672347,0.38421324,0.47750515,0.4140153,0.73423827,0.36460054,0.7906703,0.37997368,0.31109637,0.48688966,0.4001967,0.5087344,0.47923473,0.6522846,0.62013054,0.6954211,0.48506624,0.84592116,0.66032547,0.9203651,0
0.63161606,0.12688714,0.63449395,0.1062716,0.628267,0.10250382,0.4031759,0.09037037,0.4616942,0.08391938,0.19622202,0.19460383,0.3067636,0.20473948,0.34702864,0.3835954,0.46672887,0.41293228,0.7381768,0.3631961,0.79540074,0.38004464,0.3310912,0.48985657,0.41320488,0.51164424,0.48498586,0.65742946,0.6238927,0.70133567,0.48569787,0.84587157,0.66382253,0.92263573,0
0.6146464,0.12832776,0.6212092,0.10762621,0.6086587,0.10323401,0.394759,0.09061523,0.4396337,0.082933046,0.17076539,0.19296418,0.30649,0.20290042,0.3196454,0.37885004,0.4672832,0.40831807,0.7124694,0.3598383,0.7866758,0.3763156,0.31362325,0.49577394,0.41627008,0.51764584,0.45228446,0.6744021,0.629802,0.7196541,0.46941477,0.8525166,0.66369253,0.9262667,0
0.6041092,0.13353615,0.61374384,0.11281365,0.593304,0.10845475,0.4089539,0.09499511,0.4243843,0.08710713,0.19106513,0.19755076,0.29314816,0.20527457,0.3380495,0.38999885,0.46270967,0.4146407,0.71203446,0.3619739,0.7604692,0.37387168,0.33662483,0.49929464,0.41000554,0.5188665,0.4826361,0.68203133,0.6057984,0.7168761,0.52431285,0.8616471,0.6382861,0.921428,0
0.59238786,0.13339767,0.6069376,0.11213174,0.58137774,0.107224174,0.41545814,0.09196959,0.4115687,0.08272276,0.19890404,0.1943577,0.270802,0.20283669,0.34568137,0.3905345,0.44510204,0.41873077,0.70972997,0.36086476,0.7498027,0.37290627,0.34445688,0.5042135,0.40382305,0.524679,0.46595702,0.6849596,0.6131535,0.7218798,0.4967215,0.86469,0.6476289,0.9252121,0
0.5909389,0.13473798,0.6080709,0.11359493,0.5781705,0.10846491,0.42943034,0.09496022,0.41157225,0.0849186,0.21632577,0.19792175,0.27142835,0.202558,0.36057147,0.38619328,0.45312697,0.40622362,0.72859854,0.36751553,0.76966375,0.37730405,0.34796795,0.5054057,0.39046168,0.5230621,0.48617223,0.68887633,0.5958822,0.71849936,0.5439074,0.87475336,0.6362311,0.9231112,0
0.5905977,0.13541831,0.6047322,0.11464375,0.57136357,0.11012807,0.43391365,0.10045218,0.39776894,0.09183239,0.2333604,0.20673816,0.25474185,0.21145248,0.37487397,0.3894668,0.41927674,0.41309533,0.74430174,0.36466447,0.75814945,0.37988803,0.35719106,0.5050161,0.37705866,0.52149296,0.49886498,0.6885226,0.5858118,0.71183425,0.5437671,0.8779102,0.6334826,0.92085963,0
0.5814929,0.13936773,0.5996466,0.118537284,0.561263,0.11372867,0.4458741,0.105019525,0.3904357,0.095392704,0.24292457,0.21273318,0.24887711,0.21732791,0.3873612,0.3980071,0.42182535,0.42291766,0.74373144,0.36807957,0.74550587,0.38073146,0.365738,0.5135819,0.37418723,0.5300549,0.49944314,0.69300586,0.5737888,0.71678215,0.54222584,0.88051,0.6114194,0.9224852,0
0.58618116,0.14093313,0.6068593,0.120290756,0.5673485,0.11493058,0.46505806,0.1063939,0.40034103,0.09527483,0.2608116,0.21475033,0.25351706,0.21813008,0.40905893,0.4030456,0.4179265,0.4284631,0.7736634,0.3683153,0.7602588,0.38054708,0.39054233,0.5206763,0.39222568,0.5371359,0.51419014,0.69719183,0.57983834,0.7216857,0.55459535,0.88150513,0.62629485,0.9235683,0
0.5863128,0.13956575,0.6050622,0.119363114,0.5686671,0.113872424,0.45926732,0.106752954,0.3991922,0.09550609,0.26209876,0.21438913,0.23955467,0.21715136,0.41688332,0.4004527,0.39749086,0.4255558,0.7830854,0.36220175,0.7566613,0.3783219,0.38245326,0.51295775,0.37602964,0.5289682,0.50527245,0.6916136,0.57424426,0.7148319,0.5480698,0.8790532,0.64113325,0.9200766,0
0.58880097,0.13843688,0.60882,0.11808328,0.5696436,0.11243505,0.45781025,0.104837276,0.3966326,0.093486786,0.24853571,0.21264438,0.24482417,0.21618211,0.3944426,0.40000427,0.41108555,0.42753837,0.7506357,0.35966712,0.7427296,0.37476167,0.36184192,0.5138167,0.36561826,0.5299865,0.49345168,0.69489026,0.5600582,0.71848655,0.5421958,0.8811446,0.63723546,0.92274326,0
0.581483,0.13800482,0.6006106,0.117839046,0.56418484,0.11208162,0.44499704,0.10412769,0.40059146,0.09306821,0.2361258,0.21097526,0.26423714,0.21456793,0.3719338,0.39357385,0.3960544,0.42155722,0.7347004,0.35944074,0.729511,0.37525406,0.33810917,0.5067405,0.36917326,0.52223337,0.47152224,0.69291395,0.57266474,0.7149413,0.53267056,0.88299584,0.6526223,0.9229312,0
0.5807953,0.139615,0.6023066,0.11952228,0.5666033,0.11321239,0.45355135,0.10615606,0.40480936,0.09336333,0.2483937,0.21304625,0.24708068,0.21538603,0.3820226,0.3977466,0.39248085,0.42500868,0.73852086,0.3551488,0.73332846,0.37156478,0.3592804,0.5074464,0.3661816,0.5230588,0.49524516,0.68981683,0.5732321,0.7120421,0.5461478,0.8815791,0.6512889,0.9213258,0
0.58094597,0.1396294,0.6033446,0.11966843,0.5653437,0.1133048,0.46074036,0.10676669,0.40382776,0.09388876,0.25879294,0.21407808,0.24504936,0.2160151,0.38849318,0.39878783,0.38189232,0.42553183,0.74071795,0.35655212,0.7265213,0.37176815,0.36305383,0.5068813,0.3628486,0.52219266,0.4952695,0.68969166,0.57000613,0.7115228,0.5471203,0.8818445,0.6508362,0.9209479,0
0.5823304,0.13461699,0.5981663,0.11433931,0.5676705,0.10890436,0.431221,0.09947262,0.3985142,0.08881845,0.23688681,0.20649596,0.24866027,0.2105575,0.3905108,0.39234203,0.3827548,0.42066774,0.7746613,0.35579237,0.7484606,0.37416714,0.34447524,0.4977956,0.36134937,0.5138889,0.49961466,0.68362814,0.56514406,0.7046046,0.5613673,0.87986887,0.64232826,0.9179398,0
0.5807646,0.13339782,0.5951511,0.11258769,0.5638119,0.10775271,0.4197244,0.09575586,0.39225328,0.086697005,0.21663758,0.20103121,0.2588341,0.2066225,0.35580507,0.38554272,0.3784496,0.41712046,0.755856,0.35264304,0.74338657,0.37295264,0.32579297,0.5002057,0.3649301,0.51678646,0.47924256,0.68785924,0.5723548,0.70920414,0.547618,0.8792736,0.65160865,0.92078865,0
0.57268167,0.13617598,0.5927769,0.11531559,0.5550016,0.109956115,0.43500492,0.09895305,0.38584995,0.08853907,0.22340238,0.2042763,0.2519408,0.20894155,0.35552987,0.38939255,0.36951473,0.41956198,0.7509347,0.3582964,0.7311042,0.37225476,0.3297698,0.5052064,0.36061168,0.5215039,0.46958843,0.6883061,0.565615,0.7102037,0.54296434,0.8778936,0.64743704,0.9197343,0
0.5711398,0.1366557,0.5886437,0.11596707,0.5532372,0.110923626,0.43118167,0.101112925,0.3856837,0.091080375,0.23364171,0.20817766,0.24795868,0.212298,0.37006328,0.39489704,0.36740202,0.4239984,0.75600487,0.35244778,0.7255189,0.36970752,0.34859368,0.50981694,0.36834443,0.52590954,0.48309237,0.68730146,0.56581074,0.7093843,0.5504616,0.87418085,0.6395929,0.9169417,0
0.5759061,0.13687448,0.59213006,0.11583967,0.55923265,0.11088828,0.42418343,0.10002379,0.38877812,0.090364926,0.21658327,0.20749626,0.2583695,0.21223292,0.36089975,0.39300594,0.37186363,0.4243227,0.7425614,0.3490436,0.72947884,0.37047663,0.32370213,0.50954026,0.36642393,0.525421,0.46120554,0.6885696,0.57816285,0.7088818,0.5293695,0.8760925,0.6466897,0.9166891,0
0.575989,0.13797726,0.592216,0.11695489,0.5604377,0.111947484,0.42432567,0.10146956,0.38891143,0.09139323,0.21729062,0.20892404,0.25343934,0.2133458,0.37131405,0.39277962,0.372847,0.4236357,0.74936855,0.34720767,0.7322726,0.36978054,0.33259737,0.5123537,0.3709737,0.5285037,0.4684198,0.6898075,0.5802818,0.7112181,0.5299399,0.87459695,0.64588314,0.91621923,0
0.5773784,0.13301668,0.5911491,0.11233244,0.56081575,0.10760461,0.419396,0.09791617,0.38955793,0.08865815,0.2238834,0.20550695,0.25576353,0.21099734,0.379926,0.39156854,0.3935585,0.42249796,0.76472366,0.34663382,0.741157,0.3665903,0.34044582,0.5065543,0.37133357,0.52300143,0.48802722,0.68508106,0.5730895,0.7059074,0.5539795,0.8747851,0.64446145,0.9142717,0
0.57276356,0.13169423,0.587216,0.111014456,0.5567784,0.10617724,0.42407686,0.09671216,0.39092842,0.08720674,0.23467655,0.20553721,0.24906608,0.21060802,0.38418028,0.39225185,0.39644575,0.422901,0.7652689,0.34525037,0.7307893,0.3689856,0.35212022,0.50453794,0.36717716,0.52076286,0.5025598,0.6816025,0.55410475,0.7028003,0.5683426,0.8771916,0.6391661,0.91597337,0
0.56762946,0.13315938,0.58240664,0.1125268,0.5513984,0.10793066,0.4214869,0.09864139,0.3932126,0.089819044,0.23363474,0.20708598,0.25495964,0.21309255,0.36089116,0.39203122,0.3933723,0.42251167,0.723498,0.35085905,0.7373355,0.36882466,0.35388544,0.507215,0.3735839,0.5235536,0.4969782,0.68260336,0.5645723,0.7038106,0.56740475,0.8757047,0.63715893,0.9166219,0
0.5609276,0.13124798,0.5761401,0.11042404,0.54430115,0.105695955,0.4122504,0.09617109,0.38640785,0.08717126,0.21568619,0.20531225,0.26381975,0.21092786,0.34089345,0.39022583,0.39722332,0.4203347,0.7070153,0.35758045,0.738057,0.3750155,0.3341649,0.5083723,0.37633485,0.52434677,0.47170627,0.68725574,0.5788563,0.7072434,0.54878896,0.8761699,0.6428166,0.91760087,0
0.5460075,0.13170575,0.5645511,0.11125722,0.52942437,0.10592107,0.41233253,0.097978875,0.37732404,0.08791952,0.21493068,0.20666541,0.25371805,0.2134118,0.33726534,0.38971254,0.39817253,0.42326516,0.7063736,0.36125383,0.7438027,0.37842596,0.3410329,0.50835854,0.37599623,0.52530736,0.4700464,0.68638873,0.5643917,0.7096685,0.52695554,0.8741814,0.6337525,0.91936314,0
0.5460075,0.13170575,0.5645511,0.11125722,0.52942437,0.10592107,0.41233253,0.097978875,0.37732404,0.08791952,0.21493068,0.20666541,0.25371805,0.2134118,0.33726534,0.38971254,0.39817253,0.42326516,0.7063736,0.36125383,0.7438027,0.37842596,0.3410329,0.50835854,0.37599623,0.52530736,0.4700464,0.68638873,0.5643917,0.7096685,0.52695554,0.8741814,0.6337525,0.91936314,0
0.53714323,0.13081603,0.558937,0.11066346,0.5217805,0.10445146,0.41306794,0.09871845,0.37011513,0.086394496,0.2107742,0.20851421,0.24749786,0.21251982,0.34545138,0.39189675,0.39684707,0.42027214,0.71798027,0.36918703,0.74268866,0.3840134,0.33541995,0.5092738,0.36842772,0.5255275,0.46835998,0.68801403,0.56045324,0.7110963,0.5291387,0.87592447,0.6215668,0.9196737,0
0.5353675,0.13147874,0.5563857,0.11074867,0.5199478,0.10511431,0.40556887,0.09690379,0.37023288,0.08619737,0.1956785,0.2046669,0.2566158,0.2113478,0.29465392,0.38995004,0.3850583,0.42315668,0.6842563,0.36967137,0.75523365,0.38778186,0.331755,0.50829583,0.37921822,0.52592784,0.4637411,0.6862205,0.5634143,0.71111816,0.5262664,0.8733683,0.62381655,0.92139935,0
0.52820694,0.12994918,0.5503928,0.10924115,0.5144416,0.103551,0.4087289,0.09557108,0.3712758,0.084573746,0.20368293,0.20392483,0.25054836,0.21072653,0.30700502,0.38811645,0.36891416,0.42276677,0.7069309,0.37221608,0.7568122,0.3932444,0.32828704,0.50982785,0.3675289,0.52770036,0.45333558,0.68790936,0.5514511,0.7133386,0.517178,0.8737573,0.6081253,0.92270315,0
0.5274203,0.13006401,0.54651105,0.10932364,0.513125,0.10371542,0.39026427,0.09614305,0.36541992,0.08554429,0.18970765,0.20448016,0.25877,0.21156839,0.3344659,0.38257736,0.43353102,0.41637877,0.7056391,0.3716833,0.7785787,0.39587712,0.31626266,0.5086181,0.3707683,0.52582157,0.44678822,0.6886743,0.56190425,0.7122518,0.50774616,0.8745525,0.61300766,0.9215947,0
0.51701677,0.12780795,0.5350845,0.10720881,0.5009542,0.102608725,0.37736493,0.096508116,0.3449969,0.08822411,0.19083954,0.20268625,0.24911128,0.21834067,0.33357927,0.3799779,0.41990638,0.4240138,0.69679767,0.37567544,0.7783634,0.40213323,0.3112393,0.5061484,0.3540769,0.52770096,0.4306102,0.6901164,0.5369583,0.7214742,0.47909644,0.8749711,0.58677024,0.9284347,0
0.5202076,0.12831001,0.5381217,0.10790886,0.5079262,0.102281325,0.37499145,0.09487247,0.35785145,0.08433494,0.17641307,0.20166428,0.25451827,0.2125705,0.30541533,0.38387015,0.42316192,0.42079976,0.67880046,0.3825127,0.77681035,0.4004996,0.31088412,0.50388473,0.36969477,0.52412796,0.4387191,0.6868717,0.5447298,0.71659714,0.4797367,0.87193096,0.5990707,0.9282799,0
0.5124376,0.12817888,0.5300132,0.10735678,0.49988422,0.10215101,0.3631742,0.09394116,0.35030317,0.084418915,0.16010308,0.200986,0.2529038,0.21374497,0.29096317,0.38309243,0.41580877,0.42229748,0.66307884,0.38499305,0.7765347,0.40437084,0.30094936,0.50796074,0.3716228,0.52912956,0.4198701,0.6927056,0.54737836,0.7242338,0.45667756,0.8729753,0.6008238,0.9309531,0
0.4979603,0.1287107,0.51634496,0.10786485,0.48400125,0.10264682,0.35601738,0.09437866,0.3353935,0.08493051,0.16248971,0.20139043,0.24690373,0.21514577,0.29666957,0.38208178,0.4264783,0.42378706,0.6523688,0.38494945,0.7772511,0.40709955,0.29724246,0.50603366,0.36022243,0.5272537,0.42125204,0.6897312,0.5345496,0.72030735,0.46396643,0.8713535,0.5808698,0.9287581,0
0.49899733,0.12921919,0.5155561,0.10817151,0.4850835,0.10289397,0.35417277,0.09482202,0.33844408,0.08535065,0.16241835,0.20313662,0.25354993,0.21546473,0.29201898,0.38034642,0.41896752,0.4186275,0.6497502,0.38704923,0.78089654,0.41133374,0.29238915,0.5069909,0.36139902,0.52738386,0.41278312,0.69163275,0.53695965,0.7205349,0.45304942,0.87327546,0.5770742,0.92921185,0
0.51253873,0.12882426,0.52724195,0.107820176,0.50128686,0.1027059,0.35372865,0.09356665,0.3548835,0.08465586,0.15574192,0.20005855,0.26548436,0.2140717,0.2863955,0.37808457,0.4315219,0.4209524,0.66480416,0.38540894,0.79891783,0.41453952,0.29499668,0.50525904,0.37496585,0.5264327,0.4235262,0.6913591,0.54650235,0.7208226,0.46376243,0.8728891,0.5896137,0.9300276,0
0.4968615,0.12921494,0.5108474,0.10847406,0.48417014,0.10350518,0.3405046,0.09577265,0.3403199,0.087267675,0.15288429,0.20226707,0.26419276,0.21599017,0.29156253,0.3754449,0.43230993,0.41681033,0.6559454,0.38708326,0.7884412,0.41867286,0.28361908,0.50513595,0.3663642,0.52583325,0.40779725,0.6889697,0.53957045,0.7190926,0.447218,0.87100405,0.580928,0.92899245,0
0.4933233,0.12843522,0.50739616,0.108289525,0.47999358,0.10274686,0.3361924,0.09611153,0.33417475,0.08624949,0.14681843,0.20314768,0.2652131,0.21323751,0.28816098,0.37979335,0.42320687,0.41509864,0.6647094,0.39144433,0.78163546,0.4197143,0.26727855,0.5005501,0.35472083,0.5194802,0.40453777,0.6853535,0.5375594,0.71135914,0.4601892,0.8728336,0.56852895,0.9266611,0
0.5182992,0.1275021,0.5283903,0.10707134,0.5069533,0.102427,0.33838198,0.09549407,0.36291623,0.08805322,0.14560482,0.20206133,0.29128948,0.21498632,0.28920868,0.37461632,0.43576026,0.4147056,0.6867824,0.390582,0.80203086,0.42288074,0.26619095,0.49970487,0.37324944,0.51914775,0.40575764,0.6843942,0.5561976,0.7100111,0.45952803,0.8727133,0.5866003,0.92729145,0
0.52660614,0.13068005,0.53343153,0.111268066,0.5180842,0.10629148,0.3514269,0.104018755,0.38373747,0.09442424,0.15597165,0.20959863,0.30605248,0.22169746,0.3431724,0.3790956,0.45343396,0.42083663,0.76302725,0.4056045,0.84393775,0.42283472,0.26027253,0.50090516,0.36281022,0.5189004,0.41265163,0.68287414,0.52200687,0.70496905,0.50261587,0.8696467,0.5616449,0.9016847,0
0.52519333,0.12628374,0.53276634,0.10584655,0.51652,0.10194706,0.33206588,0.09460582,0.3751796,0.088654034,0.14782006,0.2003054,0.29171908,0.21436165,0.31443512,0.37009624,0.45549208,0.40996736,0.7235692,0.39270645,0.82309276,0.43000892,0.26307032,0.49792898,0.36985487,0.51766545,0.39891964,0.6826008,0.550266,0.7108971,0.45283517,0.86879313,0.6021625,0.92559385,0
0.52539617,0.12636742,0.53097725,0.10756764,0.51987565,0.10332393,0.33789954,0.103494875,0.39004487,0.09571199,0.17269507,0.2065464,0.29605815,0.21978547,0.36952442,0.37229726,0.45511052,0.4123212,0.7902471,0.40001613,0.8447133,0.4246843,0.24642107,0.50203925,0.3290851,0.52107316,0.40369457,0.6851762,0.5102042,0.711064,0.48179,0.8710021,0.5874705,0.9123272,0
0.5281998,0.12798175,0.535046,0.108245224,0.5210705,0.104409166,0.32896608,0.09799861,0.38277873,0.09224081,0.146652,0.20200078,0.29976717,0.2164258,0.31756315,0.37310532,0.45474702,0.4145357,0.7350865,0.38929114,0.81955,0.4260467,0.254853,0.49639478,0.36712965,0.5157237,0.39938995,0.6792735,0.55073076,0.7046404,0.4602894,0.87096477,0.58801,0.92397654,0
0.527654,0.12813677,0.5352552,0.10847792,0.520912,0.10445756,0.33086765,0.09789132,0.38282195,0.091628924,0.1488725,0.20128435,0.29811355,0.21488266,0.31756464,0.37274152,0.45196798,0.41286734,0.7334778,0.38939178,0.81903774,0.426237,0.2561768,0.4958552,0.36586758,0.51496214,0.39978218,0.6792314,0.55022967,0.704648,0.4609334,0.8706375,0.5871562,0.9241644,0
0.5291193,0.1283103,0.535662,0.10871443,0.52401334,0.10461501,0.335295,0.098724835,0.39236772,0.09254531,0.1504787,0.20290902,0.2940825,0.21873766,0.29650995,0.37012956,0.45590153,0.41522744,0.6990361,0.38509303,0.80884063,0.42224595,0.26901764,0.49224278,0.3684407,0.5124094,0.4191288,0.67734843,0.53358465,0.7046698,0.47973296,0.86878407,0.589554,0.92299986,0
0.5273335,0.12900695,0.5339404,0.10962934,0.5230338,0.105423495,0.334324,0.099620625,0.39488003,0.09313678,0.15157953,0.20341323,0.29974964,0.21811502,0.28525358,0.37261865,0.45514435,0.41442865,0.6724536,0.38409966,0.79592973,0.4149044,0.26488096,0.49068698,0.36791503,0.5104274,0.41649002,0.6743405,0.537245,0.7022251,0.47580603,0.86637795,0.5898359,0.9233276,0
0.5327961,0.12895846,0.5296275,0.11009864,0.5331467,0.10678856,0.3243795,0.10433283,0.42798206,0.09862265,0.15392056,0.20443243,0.3300935,0.221192,0.31125268,0.3674375,0.4625458,0.416716,0.6982393,0.38986373,0.82322735,0.4109597,0.25344083,0.49376342,0.36866054,0.5116865,0.4054249,0.68077415,0.512974,0.7012173,0.50169057,0.8678663,0.5624156,0.89819235,0
0.57952386,0.12980843,0.5786854,0.11043162,0.5788176,0.106177375,0.35335368,0.1007338,0.45142022,0.09452066,0.16389681,0.20867547,0.34807548,0.21854128,0.3013434,0.37959233,0.5119296,0.4102494,0.69364756,0.3795657,0.8432809,0.40637508,0.28022692,0.49690935,0.40923074,0.5135767,0.44908798,0.6817851,0.60485125,0.7048486,0.5407966,0.8709459,0.6611947,0.91745526,0
0.5639015,0.12756075,0.5598788,0.10804829,0.561253,0.10479988,0.33455178,0.100601286,0.43495494,0.09622211,0.1600311,0.21099882,0.33686924,0.22213882,0.3004596,0.37988862,0.5055303,0.41030523,0.66301435,0.3748387,0.812841,0.4000766,0.28135598,0.501291,0.40354612,0.5182199,0.4524557,0.6842295,0.604799,0.70730823,0.52882767,0.86995983,0.6431354,0.9166948,0
0.5664644,0.12671083,0.5620831,0.10748958,0.56312114,0.104307264,0.33504778,0.10041246,0.43578827,0.096286386,0.15998647,0.20976208,0.34155145,0.22098276,0.29688278,0.3773395,0.5044573,0.40817666,0.66833884,0.37358442,0.8195844,0.4005826,0.27862003,0.49905717,0.40515268,0.5159312,0.45137292,0.6829265,0.6105097,0.7064258,0.53276765,0.869448,0.6527485,0.9161448,0
0.57626295,0.13203678,0.57311827,0.112258434,0.5749204,0.10840765,0.33977616,0.10219755,0.44387245,0.09629206,0.1555126,0.2125703,0.35621205,0.22078831,0.32662252,0.39036214,0.53069043,0.41360512,0.7032697,0.3812149,0.818719,0.39353964,0.27400997,0.5089741,0.42463797,0.52544487,0.42873904,0.69027627,0.6448144,0.7153431,0.504147,0.87120295,0.68556356,0.91924465,0
0.57023686,0.1338903,0.5660881,0.11433301,0.5676603,0.11091824,0.33155677,0.10593395,0.4354581,0.10085325,0.1597073,0.2157797,0.34650344,0.22505535,0.32792893,0.38990662,0.5187862,0.4152029,0.6969508,0.37259096,0.8012685,0.38620156,0.27787834,0.5070913,0.41736466,0.5230738,0.44438902,0.68628347,0.66203415,0.70698017,0.5160002,0.8733951,0.68462706,0.91320866,0
0.5735722,0.13405319,0.56841815,0.114761114,0.57379967,0.11073213,0.3326459,0.10701732,0.4421372,0.10032682,0.15952826,0.21883623,0.33786616,0.22644463,0.34871805,0.39658025,0.52173686,0.41848257,0.71693176,0.3739466,0.7933999,0.3841534,0.29413038,0.51675993,0.42646053,0.5324232,0.4506021,0.6957886,0.6449831,0.7158235,0.5302969,0.872917,0.68104,0.9090265,0
0.578176,0.12965545,0.5727465,0.11047115,0.57399493,0.107394695,0.33853838,0.10356307,0.4408205,0.09947529,0.16046792,0.212999,0.34228754,0.22556745,0.30852,0.38654858,0.5212781,0.41722283,0.6435078,0.36715424,0.7934818,0.38010636,0.30563036,0.51020163,0.43535283,0.5278744,0.4680857,0.6924839,0.6622261,0.71366316,0.54431254,0.8728162,0.68291044,0.91219634,0
0.57551855,0.13145657,0.57011914,0.1122538,0.57065505,0.10942273,0.34478858,0.10524959,0.4366309,0.10146665,0.17915437,0.21410187,0.3312837,0.22713844,0.33716527,0.3884144,0.520581,0.41965386,0.6692075,0.3632621,0.7806088,0.37829992,0.32338205,0.50945926,0.4178611,0.5270369,0.52034956,0.6914726,0.6044701,0.71054333,0.6019714,0.8830095,0.6213078,0.9124257,0
0.57695806,0.1313013,0.57037973,0.11194181,0.5720374,0.109258935,0.33932462,0.10489649,0.437568,0.101627536,0.17067061,0.21410467,0.33591282,0.2279088,0.3243226,0.38759303,0.52159256,0.42049524,0.65929234,0.36165786,0.7804429,0.378136,0.31366435,0.50942683,0.42004633,0.5270105,0.50423384,0.6922045,0.61695087,0.7107755,0.58384556,0.88346785,0.6347319,0.9124298,0
0.5991756,0.13256082,0.5929781,0.11312703,0.5934307,0.11059994,0.36341247,0.10612086,0.4557787,0.10328378,0.18267249,0.2144129,0.33786395,0.23002736,0.32481503,0.3912776,0.52490973,0.4263162,0.67326015,0.36543694,0.80256903,0.3786739,0.3425641,0.516874,0.43012694,0.5363088,0.5598988,0.7024605,0.60049075,0.7232945,0.6285395,0.8929373,0.591783,0.92115074,0
0.60263306,0.1360775,0.59306276,0.11589961,0.6026592,0.113191076,0.3373257,0.10708094,0.47669193,0.10403114,0.13814993,0.2179534,0.39500633,0.23069267,0.28153387,0.39471328,0.5554211,0.42604277,0.65508854,0.3679119,0.816423,0.37885296,0.2849858,0.5204089,0.46918368,0.53705245,0.45017752,0.7108668,0.70844567,0.7270242,0.5209064,0.90492773,0.6834737,0.93463814,0
0.614768,0.13456696,0.6056791,0.115525715,0.6146005,0.11222634,0.36231628,0.10836667,0.49229118,0.104893625,0.18140833,0.22075133,0.3913995,0.23307106,0.3607948,0.39907908,0.5661481,0.42796993,0.6869246,0.3719522,0.82989985,0.37962416,0.29217046,0.52570236,0.44525266,0.54184574,0.47443315,0.71099156,0.6834112,0.72715306,0.5282016,0.90539867,0.6617601,0.93654615,0
0.6179434,0.13917321,0.6043438,0.11920451,0.62559503,0.11623868,0.34364456,0.11275696,0.50503224,0.10855836,0.16810316,0.22610207,0.39487767,0.23498219,0.38398448,0.4008667,0.59531474,0.4226965,0.7363637,0.37089756,0.8320375,0.37910506,0.30575135,0.52851677,0.46018088,0.5439369,0.49073917,0.712075,0.6645088,0.7293755,0.5454922,0.90506315,0.64061135,0.9386886,0
0.6171187,0.13516855,0.6015839,0.11545262,0.62492585,0.1132268,0.3367632,0.10973492,0.51023006,0.10773611,0.15171221,0.21926874,0.39893496,0.23281634,0.3279042,0.3849746,0.5975759,0.41706145,0.6792063,0.35821187,0.82906127,0.3785354,0.30011854,0.5221444,0.45832232,0.5388161,0.485989,0.70993686,0.6238684,0.72857845,0.5454857,0.90429235,0.62155557,0.9381731,0
0.6166992,0.13663463,0.60294825,0.11664343,0.6237289,0.114174694,0.33948085,0.109983444,0.5054539,0.10733328,0.14748691,0.2192484,0.39686495,0.23217653,0.31732687,0.38550165,0.5975511,0.41741276,0.67588824,0.3580514,0.8297366,0.37855133,0.29916626,0.5233244,0.45942852,0.5398755,0.4781777,0.7098054,0.62577164,0.7282173,0.5412157,0.9052931,0.6234313,0.938924,0
0.6279007,0.13769358,0.6126368,0.117890395,0.63385886,0.11500429,0.34958035,0.11023616,0.51467294,0.10693406,0.16129386,0.22092722,0.41203222,0.23323086,0.35177562,0.39165294,0.6260566,0.42307603,0.6823444,0.3494106,0.8334911,0.3657824,0.30325475,0.525202,0.46752477,0.54114103,0.46052924,0.7170117,0.62827057,0.73461974,0.52984,0.90702677,0.62109816,0.9411587,0
0.6244638,0.1394999,0.60869515,0.12015505,0.6322103,0.116862014,0.34888753,0.1138936,0.52231395,0.109901525,0.1614938,0.22551107,0.42230454,0.2348554,0.34366387,0.39072126,0.63246775,0.41523814,0.7029583,0.349512,0.8320655,0.36116445,0.28886226,0.5175296,0.45554426,0.53214246,0.47491044,0.70810163,0.60999846,0.72478133,0.5434445,0.90449435,0.61682117,0.93724555,0
0.64376765,0.13492732,0.6248585,0.1157002,0.6514633,0.113046356,0.35337886,0.109584756,0.53713965,0.10723791,0.1669818,0.2203097,0.42006847,0.23302889,0.373767,0.38653755,0.6496307,0.4174221,0.7358383,0.33653632,0.853554,0.3490482,0.29751855,0.522008,0.4585695,0.5378083,0.47993582,0.71124023,0.6157967,0.72768795,0.5384545,0.90082747,0.61228013,0.9341373,0
0.6504604,0.13598472,0.6307632,0.11654039,0.65776443,0.11409488,0.3608092,0.11071893,0.54363954,0.10897341,0.16074298,0.22186413,0.42644718,0.23359895,0.3306571,0.3811876,0.64725435,0.4070511,0.7106566,0.3427237,0.8392943,0.35747132,0.29873848,0.52364784,0.46137375,0.53946257,0.49799797,0.7162218,0.5940644,0.7333914,0.55512524,0.9044645,0.60635734,0.9358468,0
0.6658357,0.13527614,0.64402825,0.11557618,0.6692966,0.11375934,0.36495203,0.10922527,0.54264975,0.109130576,0.1702319,0.21994631,0.42746237,0.23362689,0.3622622,0.37860268,0.6570306,0.40582517,0.71985406,0.34961715,0.84507805,0.3598666,0.28563175,0.519166,0.4443307,0.535469,0.49416366,0.7115136,0.59501487,0.72879267,0.5480906,0.90450144,0.6075698,0.9356602,0
0.6648058,0.13506557,0.64278805,0.11554123,0.6680142,0.11365552,0.36214495,0.109292135,0.5388954,0.10899306,0.1698819,0.21938208,0.42574573,0.2323816,0.3702263,0.377831,0.6585453,0.40286592,0.73510593,0.35155818,0.8476588,0.3578669,0.28218722,0.5165952,0.44091466,0.5326714,0.4932957,0.70937586,0.5972887,0.7264989,0.54371613,0.90395075,0.60906124,0.9348817,0
0.6616368,0.13559757,0.6380538,0.115825705,0.66814363,0.11377393,0.34923366,0.11019974,0.5473281,0.109821185,0.14981778,0.224681,0.4442921,0.23742396,0.33685973,0.39099374,0.6618123,0.41720194,0.72253835,0.35528374,0.83064395,0.3642348,0.24671987,0.5163834,0.43128994,0.53200954,0.48294663,0.70511836,0.59226733,0.7211829,0.5365964,0.9018907,0.6009393,0.9334875,0
0.6783809,0.13663812,0.6544089,0.1163477,0.6811752,0.114619456,0.36781594,0.10921374,0.5562203,0.10946279,0.16752763,0.22490996,0.46368244,0.23826303,0.35964337,0.39405435,0.67118675,0.42385477,0.7524846,0.350626,0.8599126,0.36430892,0.2636088,0.5185389,0.45101863,0.5348197,0.5063503,0.70113784,0.6144443,0.71920943,0.5600728,0.89392614,0.6059284,0.93149626,0
0.6847149,0.13664909,0.66029227,0.11662951,0.6846971,0.11459175,0.38455832,0.107840925,0.5560499,0.10720511,0.19276863,0.22099873,0.43794894,0.23439339,0.4183945,0.38260847,0.6883111,0.4144367,0.774055,0.32149693,0.8941668,0.33176643,0.31174412,0.52502984,0.4611105,0.5422111,0.5369284,0.72177136,0.6039899,0.7422939,0.5621202,0.9003557,0.60724086,0.93857616,0
0.6680961,0.1337957,0.64312685,0.114332445,0.67418545,0.112301506,0.3550244,0.106797606,0.5556901,0.106159024,0.15525435,0.2193338,0.4508083,0.23204666,0.35150093,0.38553336,0.68622077,0.41498587,0.7377334,0.3191503,0.8891011,0.32908407,0.26819035,0.52026075,0.45308018,0.5366463,0.49014372,0.70564866,0.59512615,0.7242314,0.5336566,0.89033437,0.5986117,0.93013763,0
0.660037,0.12846327,0.63419914,0.11034393,0.66376734,0.10855122,0.3503022,0.10666314,0.540782,0.10623698,0.16763856,0.21655242,0.43634394,0.22913225,0.3753078,0.38105956,0.66916907,0.40717238,0.75910574,0.3261782,0.8856375,0.33026838,0.28474534,0.51837975,0.44844282,0.5356358,0.5127745,0.7103312,0.5840949,0.7339538,0.5527864,0.88815266,0.57414186,0.93274623,0
0.6609058,0.12868571,0.63481826,0.110535,0.66459864,0.10875697,0.34985748,0.10683436,0.54064006,0.106415175,0.169374,0.2168639,0.43568772,0.22963649,0.38535705,0.38189054,0.6757302,0.4084786,0.76169634,0.3260881,0.886325,0.32987493,0.28578794,0.5190444,0.44778487,0.53638744,0.5133125,0.7105117,0.5839728,0.7343575,0.55331105,0.8879931,0.5743277,0.932962,0
0.6099128,0.1290573,0.58961296,0.10974177,0.6084903,0.107896134,0.3265513,0.10297622,0.48292583,0.10193195,0.15517421,0.21265072,0.4014565,0.22491194,0.39220548,0.37476453,0.6744164,0.40159264,0.75942045,0.30579287,0.88845056,0.30497608,0.2706263,0.51548755,0.41799265,0.5343888,0.49554697,0.7026947,0.5483802,0.73432195,0.56491464,0.87691534,0.5490518,0.9409904,0
0.56158435,0.11441736,0.53887784,0.09658509,0.5484497,0.09571753,0.2948199,0.10105286,0.41458577,0.10182348,0.1626772,0.21489231,0.34229222,0.22845866,0.4305641,0.36678234,0.6330911,0.39327246,0.7593304,0.28848386,0.84834605,0.27647522,0.27237323,0.5132114,0.37661332,0.5328877,0.45481637,0.70034605,0.4910498,0.73525935,0.5003588,0.8610918,0.5047821,0.9359571,0
0.54847515,0.119704194,0.5274142,0.10019784,0.53451866,0.099645615,0.27118564,0.09727249,0.39235285,0.09960404,0.124283426,0.20551038,0.34815913,0.22483681,0.4238189,0.36103037,0.6861727,0.38975558,0.751213,0.28671286,0.84647787,0.2696455,0.24861145,0.5060956,0.3777439,0.5290539,0.42471802,0.6878769,0.47897467,0.7313378,0.47217053,0.8443294,0.47690007,0.9354133,0
0.52635,0.11601334,0.50228214,0.09689709,0.51121515,0.09658704,0.25323203,0.09710079,0.3770994,0.100020796,0.121359624,0.20694587,0.3568195,0.22398536,0.41328785,0.35333496,0.69511896,0.37473053,0.75017637,0.2843631,0.8626638,0.26285154,0.24046732,0.5043725,0.37464312,0.52508175,0.4192264,0.69517547,0.46669352,0.7346677,0.45733806,0.85574096,0.4648848,0.93908,0
0.51523274,0.11083861,0.4933606,0.093199015,0.49356827,0.09260492,0.26041645,0.098206386,0.34287947,0.099965855,0.14725468,0.2053909,0.3049762,0.22079936,0.47684926,0.34050798,0.65911514,0.3629045,0.80684894,0.26259825,0.8759571,0.24712133,0.25094202,0.50255823,0.33915097,0.52219415,0.4127475,0.6944866,0.448271,0.7301062,0.42730823,0.8647301,0.44924417,0.9367381,0
0.51635784,0.111391306,0.49472424,0.093587734,0.49457547,0.092983775,0.26159742,0.0979704,0.3425192,0.099666886,0.14801401,0.20475177,0.30382445,0.21996199,0.4801811,0.34100115,0.65835226,0.36315605,0.8096461,0.26191303,0.8758549,0.24592571,0.2526034,0.503324,0.33926994,0.5231204,0.4149458,0.69588476,0.4482761,0.73208296,0.43029508,0.86361516,0.44827762,0.937462,0
0.4866535,0.10426855,0.46216825,0.08233012,0.45953152,0.084982105,0.26031986,0.08920941,0.33544233,0.0979771,0.138631,0.19960742,0.30724406,0.21751286,0.4919441,0.32323098,0.63175726,0.35108113,0.774516,0.26024413,0.8682951,0.24319182,0.25999025,0.50030047,0.36180255,0.51899165,0.40070456,0.69675595,0.43383032,0.72675055,0.42178702,0.86278784,0.44344476,0.9221302,0
0.44319057,0.1127549,0.42500907,0.09134087,0.42394772,0.09229813,0.23809525,0.09575019,0.31138146,0.098702915,0.13737838,0.20165622,0.27902862,0.21257506,0.49394166,0.32405278,0.6089686,0.34583327,0.75520897,0.25945365,0.85041034,0.24099405,0.25439033,0.495942,0.34178522,0.5117663,0.38105083,0.68735325,0.4211515,0.7139433,0.4021364,0.85993594,0.4249812,0.91406745,0
0.42626962,0.10598202,0.4135018,0.086536035,0.40371785,0.08707826,0.24340504,0.09163511,0.29389215,0.09333704,0.14555305,0.20237756,0.2712479,0.20860134,0.4995692,0.32066807,0.59219474,0.33397153,0.74603283,0.25878373,0.83358645,0.24062395,0.24788164,0.48775372,0.32917705,0.4995905,0.3625678,0.67446584,0.45150876,0.68871516,0.40025967,0.8563951,0.44937184,0.888508,0
0.4249312,0.09959353,0.41220352,0.08035181,0.39981115,0.081025794,0.2612231,0.08704808,0.28544766,0.08909337,0.18139638,0.1982789,0.25000846,0.2053036,0.535285,0.31688133,0.60036016,0.3275508,0.767228,0.25277323,0.82815325,0.23197946,0.29082775,0.48760435,0.32775417,0.49980107,0.3937127,0.67720014,0.44124752,0.6918466,0.42147106,0.85913277,0.4184075,0.88412684,0
0.42211437,0.09811178,0.4087126,0.07931478,0.39589447,0.08024533,0.25901973,0.08807748,0.28475437,0.091271386,0.17576998,0.19756223,0.24532938,0.20726168,0.49765533,0.31351566,0.59230024,0.32711887,0.7210104,0.25494936,0.82921094,0.2338467,0.29611802,0.48398557,0.33057898,0.49752337,0.40264577,0.6742935,0.44705895,0.69045967,0.41335267,0.8624334,0.42363715,0.8885938,0
0.42308933,0.09903369,0.40947,0.08004342,0.3963474,0.08122636,0.25877556,0.088300474,0.28437883,0.09224025,0.17332502,0.19736929,0.24795903,0.20832789,0.49221447,0.31169307,0.5934234,0.327135,0.71362996,0.25400698,0.8301069,0.23353273,0.2944451,0.48391238,0.33188584,0.4979962,0.40055504,0.6737662,0.44542015,0.6906917,0.4133999,0.8600495,0.42414066,0.88801044,0
0.41871482,0.103441365,0.41074562,0.084254175,0.39498973,0.084262185,0.2654736,0.088800006,0.2792189,0.08915473,0.16895905,0.19419014,0.23471946,0.20191921,0.48042464,0.3099623,0.5792694,0.32518122,0.71374965,0.25251484,0.8353127,0.23847602,0.29343966,0.47754967,0.32755795,0.49119887,0.4035227,0.66430277,0.4549036,0.68034166,0.4053184,0.8579211,0.42911002,0.8836743,0
0.41063574,0.10711935,0.4022632,0.08777278,0.39012447,0.08749121,0.2437111,0.09148589,0.2790648,0.091289125,0.13595594,0.19801712,0.25501442,0.20473796,0.45489463,0.31031138,0.5773226,0.32583386,0.6859057,0.25635877,0.8320596,0.24303219,0.25663447,0.4784608,0.33111706,0.49073404,0.37264052,0.66056854,0.4539307,0.672901,0.39899457,0.85347885,0.44574812,0.87791,0
0.41393912,0.105158284,0.40442896,0.08533511,0.3918966,0.08554297,0.2469712,0.08881455,0.27844584,0.08991218,0.14735816,0.19814603,0.25051278,0.20686543,0.46881118,0.31123623,0.58076364,0.3275555,0.7060998,0.25696415,0.8319442,0.24421984,0.2711259,0.47909823,0.33029217,0.49208197,0.3956624,0.665951,0.4476414,0.67910105,0.41767108,0.86021876,0.43152156,0.88202447,0
0.41087803,0.10415232,0.40252146,0.08397952,0.3855601,0.084541015,0.25973508,0.087100334,0.2694499,0.089420445,0.15974101,0.19601616,0.2380803,0.20845915,0.4461192,0.30327746,0.56645596,0.32584935,0.68410355,0.25435793,0.8289629,0.24676824,0.300176,0.47951964,0.33636284,0.49423936,0.4314113,0.6671527,0.44279444,0.68023497,0.4340183,0.8622639,0.41014984,0.87946475,0
0.40814254,0.10440974,0.40161854,0.08448038,0.3842496,0.08474727,0.2635691,0.087726355,0.26874274,0.088544875,0.16922231,0.19598362,0.2314788,0.2054294,0.45793596,0.30614653,0.5642111,0.32275176,0.6918767,0.25676462,0.83226836,0.24626084,0.3094199,0.48088703,0.33790016,0.4953032,0.43267384,0.6615702,0.4498171,0.6774371,0.43340093,0.85699666,0.42029625,0.8776119,0
0.4116721,0.10702515,0.40648022,0.08755503,0.38637495,0.08730836,0.27186346,0.091154024,0.2669906,0.09091926,0.17184798,0.19799066,0.22788808,0.20604119,0.46004528,0.30867228,0.5619094,0.3239635,0.69677854,0.2602029,0.8361444,0.24989788,0.3105267,0.48089606,0.33566627,0.4946929,0.43260095,0.664252,0.45665905,0.67811376,0.43068334,0.8587969,0.41936457,0.8758884,0
0.42432362,0.108413674,0.40787047,0.0883872,0.38900164,0.087519735,0.270595,0.09140902,0.2366322,0.09139642,0.18862656,0.19599916,0.21531573,0.205145,0.47020167,0.29938418,0.5601722,0.32208636,0.7391411,0.24927972,0.8405347,0.24853581,0.30601552,0.4751562,0.31405118,0.49203894,0.44157866,0.6604015,0.44543105,0.680672,0.41470364,0.85328805,0.42250907,0.8871188,0
0.41874823,0.10763991,0.4009922,0.08784589,0.38444087,0.087117575,0.2587523,0.09173393,0.23922546,0.09245167,0.17357038,0.19642772,0.2304183,0.20591606,0.46029246,0.303023,0.56812406,0.32570148,0.7279711,0.2530981,0.8364065,0.2503275,0.28658396,0.47554672,0.31483313,0.49195826,0.43147284,0.6632329,0.4557707,0.68249506,0.40900463,0.85438824,0.4208429,0.8899178,0
0.4215776,0.103710085,0.41049093,0.084312774,0.38428077,0.08398242,0.27580664,0.09105735,0.22371328,0.091824055,0.20992428,0.19794548,0.19294484,0.20915912,0.4777556,0.31471467,0.5296928,0.33522764,0.77398145,0.26466343,0.84732854,0.25428495,0.3188025,0.48228753,0.2985919,0.5013784,0.43643948,0.66251457,0.44451454,0.6889493,0.4113174,0.85406667,0.45535952,0.89861137,0
0.4231912,0.10479064,0.41426265,0.08570609,0.38604906,0.08551784,0.2870248,0.092059,0.22938363,0.09297747,0.2240243,0.1971406,0.18935665,0.21002229,0.47028622,0.3181772,0.5196512,0.34371024,0.76218396,0.27181625,0.83036196,0.26180038,0.33792242,0.48051462,0.30357566,0.4997056,0.4481014,0.6630414,0.4420898,0.6878695,0.42634,0.8557854,0.4526551,0.8973267,0
0.42531583,0.10319223,0.41846108,0.08391504,0.3866977,0.083530955,0.2875722,0.089014,0.22494029,0.08966484,0.21341275,0.19607377,0.19456585,0.2075169,0.4622306,0.32808477,0.5080445,0.35192943,0.7563923,0.27325884,0.8144316,0.267907,0.3150023,0.48500857,0.29263696,0.5029346,0.4321347,0.6670362,0.44206372,0.68978405,0.4192191,0.85428524,0.44928432,0.8945486,0
0.42534396,0.101680525,0.41782627,0.08267727,0.3872279,0.08217888,0.28787547,0.08897319,0.22548078,0.08912296,0.21981281,0.19683352,0.18789054,0.20763722,0.4682903,0.3280922,0.5015327,0.35183695,0.7638249,0.27198437,0.8166237,0.26803225,0.32289982,0.48353952,0.29225957,0.5013196,0.43493208,0.6643988,0.43934375,0.6869806,0.41988945,0.85480297,0.44999143,0.89435387,0
0.4391855,0.10482151,0.43102482,0.084177405,0.40384367,0.084181026,0.30229104,0.08767081,0.2684075,0.08924408,0.19163704,0.19432451,0.23738314,0.20307,0.44215974,0.32293186,0.5121873,0.35017407,0.7638337,0.26637092,0.8248737,0.26682737,0.32666445,0.4727503,0.34993514,0.48760253,0.43413213,0.65986913,0.4585882,0.6800033,0.45569745,0.84377205,0.46539006,0.88573134,0
0.45142397,0.102123715,0.4396602,0.08142367,0.4134982,0.08129735,0.30212754,0.08648543,0.26776165,0.08833284,0.18284407,0.19815168,0.24469179,0.2067993,0.4618916,0.33255252,0.5200619,0.36102444,0.8020652,0.2655548,0.8263229,0.26864985,0.32085466,0.47777218,0.35608727,0.4924236,0.43905997,0.6622238,0.46134847,0.68128514,0.4561061,0.84630346,0.4611354,0.88638806,0
0.47695524,0.10231046,0.47183445,0.081894055,0.43922147,0.08121585,0.34345654,0.086501494,0.28688842,0.085820474,0.2357564,0.20277368,0.24695541,0.207799,0.48886606,0.34278595,0.5131488,0.3633528,0.77371234,0.27505752,0.82215,0.27261987,0.36530706,0.48192754,0.3647486,0.4948396,0.4830898,0.6660372,0.508903,0.68264866,0.49866268,0.85078466,0.5112553,0.88286847,0
0.49981597,0.102477506,0.49245024,0.08388281,0.4564519,0.08245507,0.34725448,0.0884552,0.2750632,0.08716235,0.23183428,0.19216157,0.24371217,0.20072201,0.47504184,0.3421595,0.5300702,0.36534795,0.78516173,0.28553486,0.8247468,0.2864831,0.3522239,0.477341,0.34985334,0.49311304,0.4837674,0.66168034,0.5053221,0.680368,0.4836706,0.85504,0.5072001,0.8835783,0
0.5067774,0.100916006,0.5022535,0.08266707,0.4626335,0.08034601,0.36866704,0.08761005,0.27530017,0.083924055,0.26010478,0.19096036,0.22255637,0.19819914,0.46821105,0.3436252,0.48232433,0.36804852,0.78067356,0.29248175,0.8032911,0.29257536,0.383409,0.47519985,0.34855056,0.49105033,0.49731153,0.6613483,0.49932864,0.6801451,0.4908232,0.8587773,0.5017468,0.8832758,0
0.50811,0.10098636,0.5032979,0.08268871,0.462733,0.08028922,0.37069657,0.087777235,0.27312967,0.08393822,0.26103097,0.19273046,0.22217764,0.1980972,0.4724864,0.34766912,0.47874206,0.36726636,0.78300816,0.29260862,0.8037466,0.29171136,0.37776318,0.4754648,0.34260345,0.49058253,0.4977067,0.66115606,0.500482,0.67936146,0.49233153,0.8596119,0.50070703,0.8827706,0
0.52064204,0.10841315,0.51531106,0.08919077,0.47509184,0.08745828,0.37302542,0.090184405,0.2815137,0.08805275,0.24499927,0.19437718,0.24070267,0.20103249,0.45266858,0.34880772,0.471693,0.3695463,0.7736631,0.29393107,0.8074878,0.29514804,0.36122954,0.47268635,0.34996817,0.4883801,0.49929938,0.6573897,0.5183971,0.6759281,0.49911317,0.854389,0.5179823,0.88093853,0
0.51770383,0.11030832,0.513873,0.09130325,0.47491077,0.08948117,0.372022,0.09277425,0.29172817,0.09055557,0.2415157,0.19595996,0.24891162,0.20432892,0.449447,0.34860304,0.49694273,0.37177753,0.7523963,0.29807454,0.7973698,0.29626638,0.36187178,0.4764335,0.35717255,0.49216712,0.49908745,0.66062605,0.5175549,0.6792588,0.4982998,0.8546766,0.518113,0.8814449,0
0.5209196,0.11032279,0.51543504,0.0914515,0.47690508,0.089675814,0.3748158,0.09345799,0.28534377,0.09112615,0.258794,0.19695994,0.23739041,0.20449972,0.46908346,0.35020944,0.49101672,0.37024474,0.7584234,0.2962265,0.7899143,0.29383278,0.3765364,0.477944,0.35226443,0.49342862,0.5044912,0.6652638,0.5084138,0.68460464,0.49634284,0.8553452,0.50392675,0.88102007,0
0.5480965,0.11168537,0.54936874,0.091721535,0.5060568,0.089971356,0.40832648,0.09338769,0.335713,0.08997545,0.25494614,0.20685072,0.27081683,0.21029575,0.4847406,0.35859564,0.5380356,0.37903553,0.78722274,0.2950407,0.8365757,0.2903707,0.4145182,0.4856026,0.41219264,0.49848503,0.52413553,0.66925,0.55314577,0.6847972,0.56167763,0.85955215,0.56123394,0.8839549,0
0.5777286,0.11274262,0.58134663,0.09373527,0.53849614,0.091397956,0.44467324,0.095086314,0.36270586,0.090374045,0.27868673,0.20180254,0.30925655,0.2108339,0.5260694,0.348474,0.57863677,0.38353586,0.8330654,0.29222032,0.8799757,0.29135066,0.4216603,0.48349813,0.43749234,0.49737146,0.5618974,0.6619749,0.57415986,0.67847645,0.5992349,0.8518263,0.591535,0.87332624,0
0.5747622,0.111573875,0.57864517,0.09280307,0.5342218,0.090406954,0.4468713,0.09483563,0.35776475,0.09006777,0.28115892,0.20144488,0.3108364,0.20931606,0.5285154,0.34858114,0.5773078,0.38131434,0.83744735,0.29115856,0.87823755,0.29066494,0.41913167,0.4836728,0.4344462,0.49704978,0.56072867,0.663879,0.5751324,0.6798032,0.5970116,0.8537267,0.58856714,0.8748966,0
0.56117934,0.11121451,0.56343484,0.09173423,0.52714914,0.09026364,0.40598395,0.09219205,0.35251433,0.08911645,0.23054951,0.19866307,0.30183673,0.21003415,0.5087099,0.34577423,0.5666209,0.38503003,0.8189253,0.28732675,0.8582866,0.28920498,0.38555583,0.48116887,0.42860112,0.49687836,0.5425183,0.6608657,0.5707117,0.6811284,0.5945157,0.85468644,0.6055754,0.87991387,0
0.5430897,0.11692469,0.5489739,0.09835658,0.5066041,0.0951436,0.42632464,0.09933746,0.33980662,0.092306994,0.2757453,0.20385516,0.27549216,0.21253112,0.47919,0.33949023,0.51404715,0.3807421,0.7923395,0.29024324,0.83311176,0.2932814,0.42342016,0.4860488,0.41834667,0.49975955,0.537717,0.6709402,0.548992,0.6841708,0.55926853,0.8581539,0.5678536,0.8783308,0
0.52857035,0.11882075,0.5300116,0.10001786,0.49061614,0.09741231,0.3931265,0.09939166,0.30836183,0.09451962,0.25049427,0.20135023,0.25236464,0.20950057,0.4441171,0.35416767,0.496502,0.3820343,0.7481321,0.29650313,0.7952297,0.29611045,0.37724552,0.4856946,0.368173,0.5015023,0.5046501,0.6714871,0.5221691,0.69030213,0.50089866,0.860878,0.51584625,0.88790697,0
0.5266129,0.120121,0.531153,0.10147786,0.49155763,0.09799938,0.39673302,0.10002676,0.31179228,0.09297089,0.24899216,0.20195085,0.24774417,0.20847416,0.44860068,0.35570365,0.50344175,0.3813334,0.7505503,0.29826182,0.79735357,0.2974027,0.37791753,0.48576725,0.36848825,0.5013793,0.49741402,0.6733318,0.5178125,0.6932065,0.4939643,0.86303496,0.51717544,0.8927067,0
0.52959126,0.117885984,0.5364497,0.09909419,0.49385297,0.09542374,0.4037071,0.09718627,0.3133484,0.089832544,0.24814588,0.19919871,0.2540374,0.2051225,0.4501111,0.35268077,0.5078057,0.37879598,0.7554945,0.29355195,0.80003667,0.29464537,0.36267737,0.48213938,0.357709,0.49694997,0.49273586,0.6676149,0.5150108,0.68536234,0.49831912,0.86416507,0.5103652,0.8910368,0
0.53750885,0.119021885,0.54410493,0.09981503,0.50184214,0.09750842,0.38779005,0.095562354,0.30600098,0.09136433,0.25879708,0.19505996,0.23004442,0.20453547,0.4731918,0.357083,0.5085461,0.38172403,0.7793214,0.302447,0.8106832,0.30449522,0.36861855,0.48322046,0.3402482,0.5000838,0.5066714,0.6664133,0.5259385,0.6871483,0.5148696,0.8645347,0.5535464,0.8972222,0
0.5404293,0.11872825,0.54758406,0.09966754,0.50405306,0.09766111,0.3940977,0.095587574,0.307861,0.09186162,0.2633081,0.19350566,0.22940278,0.20424919,0.47423553,0.3535433,0.50700676,0.38100892,0.7853118,0.30206177,0.81432736,0.30411488,0.38295233,0.48623982,0.35209894,0.5041012,0.50945824,0.66956735,0.53277636,0.6915833,0.5094833,0.8661176,0.5648092,0.90048707,0
0.54862803,0.11403445,0.5478822,0.095142834,0.5049961,0.09429321,0.3759107,0.08994016,0.31748843,0.09004578,0.25272647,0.19742268,0.2394902,0.20709647,0.47418264,0.36257622,0.53063965,0.38078642,0.7574807,0.29630455,0.8019623,0.28467464,0.39178377,0.49031708,0.38367143,0.5062032,0.5146195,0.6727511,0.55570096,0.694869,0.5235495,0.8698286,0.6135146,0.90980977,0
0.5530636,0.11875543,0.55989325,0.099574655,0.51693934,0.09730996,0.4041734,0.095337525,0.31591174,0.09080524,0.27127734,0.19508189,0.22526294,0.20437296,0.4907221,0.3559807,0.51586753,0.38071862,0.8035963,0.30310798,0.8298133,0.30504072,0.3973074,0.48717254,0.35705656,0.5045215,0.53684515,0.67099106,0.54409873,0.6928775,0.54129404,0.86539567,0.5732875,0.89956486,0
0.5534052,0.1176755,0.55191666,0.0986959,0.5124882,0.09813662,0.37133944,0.092138246,0.31752452,0.092968464,0.24306652,0.19437434,0.24377775,0.20709004,0.44568104,0.36370796,0.5059247,0.3875742,0.79169333,0.29851088,0.8380433,0.29346326,0.39075625,0.4804941,0.39040908,0.49867278,0.53171545,0.662772,0.57232785,0.6865749,0.53383934,0.86067295,0.60366946,0.9084738,0
0.5417172,0.114724346,0.5405405,0.0953537,0.4989425,0.09479967,0.36329445,0.08955894,0.3141727,0.090757325,0.23209676,0.19791614,0.24066876,0.20891066,0.4474103,0.3655107,0.52212995,0.38323438,0.74509454,0.29617918,0.78509223,0.28187165,0.3652873,0.48651534,0.3710104,0.5027137,0.50333685,0.6622844,0.5486095,0.68318284,0.51638424,0.8663109,0.5880499,0.9059355,0
0.54001546,0.11527615,0.5406733,0.09598589,0.49579903,0.09524589,0.3726239,0.08998242,0.31085485,0.09064192,0.24517354,0.1978272,0.23406719,0.20819855,0.45428163,0.3646297,0.5198567,0.381761,0.74100184,0.29819718,0.7835362,0.28364196,0.38173616,0.48614776,0.3739456,0.5021797,0.50943947,0.66363764,0.54393446,0.68472356,0.52100104,0.86505157,0.5888829,0.905035,0
0.5228069,0.12038808,0.53031254,0.100673765,0.48876092,0.09857612,0.3878502,0.09683347,0.30423787,0.09268275,0.2700253,0.19941114,0.22925264,0.20859507,0.4769282,0.36128426,0.49866605,0.38397416,0.7804976,0.30111596,0.79304767,0.30366167,0.37271824,0.49029806,0.33739075,0.5076657,0.49486363,0.6691471,0.5152185,0.69287133,0.50353944,0.8660868,0.5520329,0.90281254,0
0.5136357,0.11472857,0.51394945,0.093738936,0.4718818,0.09351487,0.38233227,0.09380626,0.30550432,0.09339252,0.23487234,0.20646167,0.25335366,0.2126069,0.4653445,0.35394824,0.4866965,0.3817991,0.75915694,0.29012257,0.7763905,0.28680268,0.37267634,0.49442393,0.37985346,0.50834435,0.49191895,0.6805939,0.51995504,0.6951806,0.51011467,0.86355007,0.5273575,0.8952461,0
0.52494854,0.11481046,0.5196982,0.095709175,0.48665342,0.09394583,0.3737359,0.09675474,0.30500677,0.09413199,0.24981156,0.1993229,0.24583876,0.20882215,0.4547083,0.3512142,0.4931671,0.3783397,0.74500334,0.29677472,0.7848243,0.2946954,0.36997414,0.48161092,0.35619804,0.49839035,0.5073815,0.66880614,0.518518,0.68820906,0.5008631,0.8689147,0.51099664,0.89812946,0
0.5229357,0.115655795,0.5197396,0.096766986,0.48644158,0.09433793,0.37908983,0.097738266,0.3055855,0.093287036,0.25675103,0.20101689,0.23865515,0.20856832,0.45991987,0.35493392,0.49456847,0.37960544,0.74908984,0.29673025,0.7857602,0.29477346,0.374409,0.48052418,0.35200188,0.49649185,0.5004363,0.66446674,0.5085116,0.6833056,0.49783865,0.86761457,0.50773555,0.89515465,0
0.5171957,0.1185803,0.5134729,0.0994514,0.4837719,0.09687114,0.35694143,0.09848394,0.30697542,0.093792625,0.22102992,0.20151989,0.25723478,0.20910865,0.44813937,0.35247687,0.5012539,0.37943944,0.75198686,0.29140332,0.7821135,0.2924078,0.33732584,0.48071462,0.35252732,0.49623698,0.4897364,0.6658031,0.52066064,0.6826842,0.4964039,0.8665603,0.51237935,0.89327735,0
0.5176388,0.11908836,0.5126024,0.09977241,0.48408988,0.09704785,0.35194272,0.09869853,0.30550814,0.0938295,0.22129485,0.2028919,0.25487557,0.20972101,0.456609,0.35449302,0.49892932,0.37880355,0.7573136,0.29341766,0.7822721,0.29210916,0.33172584,0.48120406,0.3459332,0.49625853,0.49176875,0.6655435,0.515593,0.6819651,0.49662986,0.86754686,0.50926,0.8927924,0
0.51963335,0.11810669,0.5146914,0.09896364,0.48499727,0.09631262,0.36026102,0.09864941,0.30666992,0.09377871,0.23261982,0.20264784,0.25375375,0.20920512,0.4578667,0.35249686,0.49617967,0.37706342,0.7667646,0.2909612,0.7845761,0.29101297,0.35099813,0.48179063,0.35579035,0.49704525,0.5048183,0.6665004,0.5157644,0.68383944,0.50171024,0.86684537,0.51439077,0.89308035,0
0.51330036,0.11761341,0.5104697,0.09850884,0.47825143,0.096189745,0.36327484,0.097549014,0.30114776,0.09335146,0.2295647,0.19912116,0.2475505,0.2085249,0.44786406,0.3472383,0.48683178,0.37892702,0.7720064,0.28344494,0.7780898,0.29043123,0.36169255,0.48260164,0.36513484,0.49959716,0.50042075,0.6711482,0.5195332,0.6903017,0.48470083,0.8687946,0.51070064,0.89710635,0
0.51422906,0.116988115,0.51026505,0.098101184,0.47895965,0.09582606,0.3622396,0.098137714,0.30182478,0.094206,0.23171812,0.19979317,0.24572831,0.20842706,0.4435389,0.34990707,0.48366868,0.37806332,0.7572137,0.2856596,0.77527285,0.29150507,0.35921207,0.4814436,0.35873654,0.4980075,0.50211096,0.6698145,0.516796,0.6889445,0.4851862,0.8682468,0.5025045,0.895841,0
0.5261697,0.11330457,0.52025646,0.094576366,0.48595187,0.09397359,0.35370556,0.09119339,0.31044522,0.091814615,0.25163922,0.20101346,0.23151755,0.20935154,0.4652988,0.36424655,0.4963454,0.37981886,0.7670021,0.29282084,0.7706917,0.28134656,0.39016822,0.48138237,0.37698993,0.49653134,0.52338344,0.6593007,0.53478116,0.67847645,0.5251251,0.8651019,0.60181326,0.90282387,0
0.51994777,0.11723323,0.5155149,0.098173186,0.48731217,0.0953536,0.36347935,0.09791284,0.31234837,0.0924418,0.23363318,0.20327014,0.24986346,0.20838633,0.45561823,0.35653982,0.4954169,0.3781168,0.7649134,0.28825828,0.78367597,0.29180056,0.34909427,0.48051605,0.34912333,0.49517012,0.506168,0.66331655,0.51088154,0.6808581,0.5153531,0.8653202,0.51880616,0.89037675,0
0.5143993,0.114154294,0.50861925,0.09498835,0.48035625,0.0923934,0.34878492,0.09513713,0.30278665,0.09076033,0.21290211,0.20011868,0.2550992,0.20680343,0.44581875,0.35263464,0.49030414,0.37743366,0.77291125,0.28370988,0.77676547,0.2924261,0.32405457,0.48162317,0.3432286,0.4969183,0.47853974,0.6678153,0.50598824,0.6859766,0.4863737,0.8665665,0.5063114,0.8943817,0
0.5199196,0.11313243,0.5135354,0.09422831,0.48343816,0.091698356,0.35893065,0.09615622,0.3043341,0.09196634,0.23038638,0.2021348,0.25223863,0.20838751,0.44590992,0.35542232,0.488058,0.37877643,0.7634054,0.2905497,0.77909434,0.2959474,0.3428146,0.4819622,0.34615234,0.49682578,0.49333957,0.66790533,0.50419086,0.68538684,0.5060715,0.8668297,0.5112135,0.89219993,0
0.5300183,0.11270208,0.52426285,0.093817614,0.4951418,0.091116235,0.37112588,0.09501448,0.31949607,0.09020238,0.24490078,0.2017282,0.2603219,0.2074476,0.46098933,0.3539769,0.49934837,0.37632176,0.7727868,0.29381886,0.80997825,0.29659224,0.35860682,0.47806385,0.3593587,0.49249494,0.501665,0.6608953,0.51468927,0.67919487,0.5157167,0.86117804,0.51970226,0.8886322,0
0.5220377,0.1123641,0.5141963,0.09330902,0.48835048,0.091000944,0.3550115,0.093888044,0.31791657,0.09023848,0.23147102,0.19949415,0.26749733,0.20662852,0.4385942,0.34923157,0.4836469,0.3739745,0.7616692,0.2946309,0.79534435,0.29879743,0.339589,0.476391,0.3546233,0.49117568,0.48634037,0.6641177,0.51372576,0.68214184,0.49691132,0.86355966,0.51980585,0.89096195,0
0.537376,0.11234913,0.5350641,0.093474485,0.50229955,0.09038988,0.37892148,0.093521886,0.32306397,0.088066965,0.23115778,0.19886938,0.26775593,0.20484534,0.45841217,0.35270616,0.51579434,0.37563825,0.76770705,0.29658845,0.81385624,0.29746342,0.34672683,0.479786,0.36254585,0.49433184,0.49431142,0.66699946,0.52196026,0.6852566,0.5141437,0.86171967,0.5278422,0.89083844,0
0.5464918,0.11019783,0.54454017,0.088979915,0.5157954,0.08663807,0.38668194,0.08801822,0.35608882,0.083309695,0.21799321,0.19938593,0.28698024,0.20435672,0.45243555,0.3460066,0.5238711,0.3737644,0.7974453,0.29023725,0.84941477,0.29435828,0.37364662,0.48114717,0.41284212,0.49489957,0.5145463,0.66981727,0.53796303,0.68814534,0.55563754,0.86009973,0.56067514,0.8974364,0
0.5621573,0.110966936,0.55720043,0.089893475,0.53039247,0.08819661,0.38517925,0.08733267,0.35947958,0.08426471,0.21283865,0.19891621,0.2980426,0.20484032,0.4857915,0.34324753,0.54445904,0.3718368,0.8231964,0.28865013,0.87065864,0.29553097,0.3640661,0.47708383,0.41879928,0.49073246,0.5298096,0.67098755,0.57482946,0.6845404,0.59790826,0.8630694,0.6044525,0.89430594,0
0.56264603,0.11200083,0.5583828,0.09101805,0.5307106,0.08907505,0.38672385,0.087723695,0.35864726,0.0843272,0.20475863,0.19853237,0.30567735,0.20380871,0.48134822,0.34284645,0.5423433,0.3720481,0.8350927,0.286946,0.86953795,0.29814732,0.3504696,0.47556785,0.41734025,0.48870054,0.5187097,0.67147744,0.5723604,0.68399984,0.5985467,0.8644967,0.60384613,0.8947878,0
0.5650554,0.10822397,0.5572158,0.09057989,0.52475435,0.089608476,0.3631159,0.089620546,0.3434715,0.089964345,0.2341149,0.199265,0.26556352,0.20717207,0.42968214,0.36327845,0.51229924,0.37815762,0.7689846,0.30256245,0.8323549,0.29453284,0.3616276,0.48156568,0.38258383,0.4961626,0.510272,0.66823673,0.56933177,0.6879384,0.5458778,0.8656328,0.6201915,0.9059182,0
0.54680836,0.107576326,0.54254925,0.08700552,0.5131913,0.08466764,0.3888577,0.088727094,0.35065472,0.084266715,0.22821766,0.2000551,0.28609404,0.20452482,0.45027778,0.34757486,0.5040316,0.37680045,0.80480564,0.29225156,0.84356475,0.29743207,0.38212845,0.4825105,0.41262347,0.49594107,0.5118486,0.67290276,0.5275063,0.6900661,0.5624799,0.860823,0.55307704,0.897716,0
0.56786114,0.10798011,0.55962414,0.09032807,0.5280634,0.08937273,0.3604863,0.089005284,0.3471263,0.08945904,0.22865586,0.19836093,0.2698644,0.20679684,0.42161408,0.36290643,0.5126689,0.37936273,0.7622321,0.30192143,0.8334481,0.29649636,0.35792807,0.48241603,0.38556638,0.49723658,0.50792897,0.66932636,0.57206905,0.68907475,0.5450277,0.8658597,0.61873883,0.90626144,0
0.5563426,0.11091595,0.55116785,0.09330434,0.5161839,0.09241386,0.36286303,0.09207487,0.32549062,0.09230023,0.23725176,0.19606686,0.25851402,0.2072682,0.4484589,0.35944384,0.5085601,0.38233963,0.81410724,0.29795238,0.8606494,0.29905307,0.38195112,0.48169693,0.39576384,0.49892655,0.5177723,0.6702936,0.5797212,0.69369537,0.53351086,0.86171514,0.606652,0.9098297,0
0.5647139,0.10863423,0.5580865,0.09079995,0.52650297,0.089497514,0.3616191,0.08845096,0.34741345,0.08798313,0.23028193,0.19826776,0.26982212,0.20525065,0.43816045,0.36388007,0.51567024,0.37879017,0.779504,0.29791996,0.8346226,0.2939826,0.3567652,0.481767,0.38466862,0.49600482,0.51013076,0.66715115,0.5757979,0.68599683,0.54138505,0.86584973,0.6134297,0.9065564,0
0.56411165,0.10982194,0.5589499,0.09170799,0.5245885,0.09043713,0.36646885,0.08783808,0.34449965,0.08758335,0.23627527,0.19674073,0.2687054,0.20396787,0.44152036,0.36309448,0.5159033,0.37766537,0.7719414,0.29890352,0.83068264,0.2939746,0.35956627,0.47836685,0.38322666,0.49263087,0.5097608,0.6648395,0.5736082,0.68377674,0.5421046,0.8656343,0.61600685,0.90664274,0
0.5583425,0.11388616,0.55523294,0.095639415,0.521617,0.09427829,0.357645,0.09118414,0.33068636,0.090340525,0.22335882,0.19566005,0.26616856,0.20509748,0.4426153,0.36448404,0.5157744,0.3824338,0.8031281,0.2998395,0.8578772,0.2995961,0.36235067,0.47868046,0.392773,0.49556535,0.5160752,0.666531,0.5948695,0.6909196,0.5314035,0.86219084,0.6169988,0.9124485,0
0.56089866,0.11355037,0.557855,0.09490204,0.5231365,0.09367079,0.35567853,0.089749515,0.3303009,0.08948854,0.21331505,0.19475134,0.27474877,0.2044464,0.42725125,0.36413193,0.5156882,0.38118294,0.79359835,0.3013484,0.85872394,0.29897904,0.3475467,0.47666708,0.3897086,0.49350417,0.5179284,0.66431355,0.6046476,0.6874978,0.53055805,0.86041343,0.60893255,0.9107778,0
0.5577872,0.114006564,0.5600169,0.09457196,0.52802074,0.091914125,0.3729854,0.09022817,0.33217373,0.08557243,0.22302365,0.19363861,0.26615646,0.20226191,0.47860113,0.35524616,0.52977186,0.37852806,0.824666,0.2959879,0.85441214,0.30645248,0.34139612,0.47860676,0.3647862,0.4959708,0.5170427,0.66154534,0.5727642,0.68495774,0.52578896,0.858642,0.58464384,0.90033525,0
0.5303122,0.10924257,0.5292045,0.09027022,0.49590096,0.08700447,0.38026792,0.08976773,0.31666383,0.08362769,0.23602293,0.19427408,0.25733376,0.19985549,0.45027488,0.34383047,0.48138806,0.3706407,0.7911888,0.28709596,0.8181651,0.29724523,0.34258255,0.47244054,0.34933454,0.48755983,0.49810082,0.6594775,0.5262963,0.6775846,0.4930791,0.85967267,0.50558007,0.8895387,0
0.52997094,0.11000137,0.52915436,0.09105205,0.49587083,0.08778452,0.38203102,0.09036827,0.31733632,0.084136195,0.24021865,0.19434384,0.25521395,0.19998865,0.4529436,0.34329835,0.47897926,0.3704387,0.7927518,0.28666428,0.81868553,0.29707178,0.34641123,0.47220752,0.3488475,0.48739755,0.4988819,0.65934443,0.52397376,0.6778613,0.49594814,0.8585461,0.50658464,0.8886093,0
0.5196629,0.10778064,0.5135157,0.08888358,0.48698285,0.085805744,0.35657865,0.089479245,0.31374982,0.0840383,0.22779603,0.19492169,0.25633648,0.200913,0.44151303,0.34718826,0.4752942,0.37267143,0.7688022,0.2899094,0.7992814,0.2971983,0.3334182,0.47339654,0.3453283,0.48856664,0.4893921,0.66227835,0.5258277,0.68007606,0.47753572,0.8609779,0.49700806,0.8906691,0
0.51611304,0.10823442,0.5135822,0.08925342,0.4825341,0.08607263,0.362557,0.08896541,0.30917102,0.08329124,0.2245946,0.192898,0.25827315,0.19928974,0.4337132,0.34580716,0.4752925,0.37247846,0.7616034,0.28711233,0.80026966,0.29091355,0.32667226,0.47482765,0.3413927,0.49039564,0.48245403,0.6640983,0.5235548,0.68233764,0.47057503,0.86018646,0.4905679,0.8913096,0
0.50010496,0.10798141,0.4975525,0.08672246,0.4671325,0.08512611,0.35234016,0.085992046,0.30998054,0.082832426,0.21373795,0.20070426,0.26464948,0.20376566,0.45880398,0.3423815,0.47931665,0.3678254,0.77156067,0.27482605,0.80767906,0.2844305,0.334289,0.47817534,0.36550778,0.49079844,0.47383222,0.66532516,0.52200663,0.6798336,0.49321708,0.8568416,0.50500655,0.8902757,0
0.48123056,0.109608024,0.4813763,0.08779911,0.45217335,0.086365975,0.335224,0.08527421,0.30173928,0.08244757,0.19434576,0.19781123,0.26611528,0.20358609,0.455617,0.33920863,0.51720285,0.3662005,0.73941565,0.27358827,0.8160479,0.27585346,0.3194968,0.48120442,0.3631718,0.49508554,0.4605132,0.6681068,0.51456356,0.68466437,0.46504632,0.85657686,0.50126594,0.89396274,0
0.47005513,0.1097852,0.47156325,0.090383336,0.44011506,0.087778114,0.3512716,0.0929205,0.30492535,0.087205596,0.21876942,0.20163274,0.26012927,0.20719123,0.44010353,0.33709124,0.4951651,0.36658362,0.7291964,0.28055277,0.80819595,0.27238062,0.3327245,0.4806521,0.3576919,0.4937072,0.46096295,0.6660438,0.48035505,0.68112946,0.45356014,0.8665911,0.47747883,0.8916222,0
0.473395,0.10629914,0.47362596,0.08680134,0.4412076,0.08453927,0.3524192,0.088943675,0.3034029,0.08458004,0.21191107,0.19720875,0.2597044,0.20360017,0.43770337,0.33487764,0.49507144,0.36614013,0.7502618,0.27054858,0.80900776,0.26903757,0.32078558,0.47176597,0.35122013,0.4853417,0.45444447,0.65838593,0.4874057,0.67387706,0.45029137,0.86046433,0.48401117,0.8877298,0
0.4432461,0.109987505,0.4368917,0.088581614,0.41603595,0.08687983,0.2992745,0.08867369,0.27335745,0.08480825,0.18477122,0.19990952,0.22399896,0.20274702,0.4493375,0.33442223,0.47373083,0.35713416,0.7633501,0.26387843,0.7935707,0.26720822,0.31479746,0.4798057,0.33772978,0.4932593,0.4409423,0.66512185,0.4628923,0.68177307,0.44569755,0.8539722,0.43580243,0.8911586,0
0.42298046,0.10859328,0.41379607,0.08675976,0.3970524,0.0852344,0.2681423,0.087488934,0.26162443,0.085116915,0.1521279,0.19941445,0.23525573,0.20352301,0.4206659,0.33189338,0.47633418,0.35411975,0.73640716,0.26642543,0.7736059,0.26844263,0.2713705,0.47783765,0.32238063,0.49136168,0.4093445,0.6651028,0.44957012,0.68182874,0.41915268,0.85589534,0.42041272,0.89672196,0
0.4234443,0.11084738,0.41709292,0.09126272,0.39394552,0.08924613,0.27829748,0.09349618,0.23971947,0.09024696,0.1921907,0.20124508,0.19834743,0.20953627,0.43051216,0.3306784,0.4873988,0.35110298,0.72698736,0.2759655,0.7919857,0.2690934,0.2874082,0.4846878,0.28305158,0.50209,0.41558254,0.6743048,0.44464344,0.69608,0.39902166,0.8689243,0.4427143,0.910692,0
0.42538655,0.1076134,0.4174892,0.08817682,0.39232305,0.085427575,0.29759493,0.09158946,0.24525174,0.08674603,0.20282605,0.20113453,0.20119604,0.20621671,0.43462953,0.32780918,0.48865587,0.34903947,0.7139412,0.27185512,0.7851857,0.26515907,0.30888635,0.48209757,0.29799616,0.49795797,0.4363,0.6724256,0.44285828,0.6910772,0.41021606,0.8620559,0.40853179,0.8992661,0
0.42642722,0.10986331,0.41846713,0.09008674,0.39592737,0.08709822,0.28904435,0.09157739,0.25118747,0.08643808,0.1867848,0.20122807,0.21979186,0.20657577,0.44706464,0.32778323,0.53047025,0.34659874,0.7101507,0.27282834,0.80415076,0.26198968,0.29349127,0.4805344,0.309022,0.49622205,0.4206916,0.6685055,0.4559881,0.68851316,0.39893955,0.8578546,0.4216937,0.89803696,0
0.42599687,0.110666186,0.4169765,0.09093547,0.39637482,0.087901406,0.28648788,0.09274645,0.25180554,0.087179616,0.18826272,0.20302552,0.21710904,0.2072122,0.45238468,0.32843295,0.5279009,0.34623837,0.72252315,0.27060544,0.80489445,0.261787,0.29753214,0.481745,0.30894253,0.49681318,0.43111226,0.66985166,0.4525822,0.6883051,0.4084788,0.86029315,0.4156693,0.8976896,0
0.43293703,0.10670484,0.4224874,0.087501615,0.4010074,0.08416395,0.28833306,0.09286384,0.2562087,0.08719959,0.1839349,0.20626622,0.22990456,0.20848912,0.47240084,0.32950148,0.5506714,0.34367478,0.7422929,0.2676264,0.8120792,0.26095462,0.2827536,0.4878409,0.30935192,0.5013442,0.415663,0.6787734,0.45828465,0.69477767,0.39808026,0.866124,0.42212218,0.902415,0
0.42613396,0.1086535,0.41843107,0.08937607,0.39495656,0.08599968,0.29031774,0.09300566,0.25259823,0.087186575,0.18490124,0.2035616,0.22560118,0.20715058,0.45168057,0.32683727,0.5349433,0.34441143,0.72061133,0.27196106,0.807895,0.2631447,0.28574094,0.4837092,0.30733436,0.49818277,0.41177592,0.67405254,0.4489455,0.6914481,0.3982616,0.86268044,0.42288497,0.9011515,0
0.42183062,0.11089651,0.41500247,0.091563754,0.39516047,0.08751374,0.27803966,0.09406376,0.25827187,0.08644066,0.16420114,0.20540445,0.23495276,0.20691946,0.4391544,0.32959476,0.53903687,0.343502,0.71889347,0.27155396,0.8015398,0.26279858,0.26294237,0.48720697,0.30616432,0.5009545,0.39998436,0.6778515,0.45572668,0.6951554,0.38667765,0.8649618,0.4240474,0.9037649,0
0.42686617,0.105786204,0.41688415,0.08629922,0.39889285,0.08302173,0.27416477,0.090109445,0.2611748,0.08466815,0.16540232,0.20190933,0.23626089,0.2051744,0.4420379,0.32720456,0.5384423,0.3417295,0.71492255,0.272365,0.7998127,0.26163137,0.2543956,0.48388186,0.2972041,0.49808788,0.3980035,0.6732228,0.45541027,0.6906429,0.385605,0.8628641,0.4244405,0.90162116,0
0.42449936,0.106514566,0.41672558,0.086935036,0.39707088,0.08332748,0.2736204,0.0893228,0.26012227,0.08335709,0.15425229,0.20040372,0.24324666,0.20396478,0.4139562,0.32554242,0.5345391,0.3409095,0.6950686,0.27328926,0.7961952,0.2616793,0.24511011,0.48120728,0.2990879,0.49556252,0.39469966,0.67135715,0.45480165,0.6891474,0.38190326,0.86225235,0.42113376,0.9014456,0
0.4262576,0.10625023,0.41771504,0.08656749,0.39830774,0.08328991,0.27734402,0.08939256,0.2597268,0.083837315,0.16482499,0.20064373,0.23248887,0.20482364,0.42889354,0.3250627,0.5331396,0.3425652,0.7133464,0.2712912,0.80177855,0.2619868,0.26018518,0.4831459,0.29844508,0.49782783,0.41281334,0.6712913,0.4579149,0.68834007,0.3958823,0.8635048,0.41854626,0.9003848,0
0.42063,0.108313814,0.40973932,0.08862123,0.3947342,0.08618626,0.2659383,0.09014,0.2618985,0.086341284,0.16697393,0.19632211,0.22538042,0.20327304,0.41494432,0.32087106,0.5170058,0.34350187,0.70027775,0.27004245,0.809307,0.26385814,0.2652238,0.47575173,0.29606304,0.49177346,0.40472,0.6655371,0.4477886,0.68484026,0.39291635,0.85887486,0.4262488,0.8999442,0
0.42262295,0.11054813,0.4144151,0.09050769,0.40037903,0.08739967,0.27071154,0.089961,0.271403,0.08398055,0.16693644,0.19775046,0.23139301,0.20296694,0.4230906,0.32325616,0.52456164,0.34427908,0.71918654,0.26832825,0.81942075,0.26302382,0.27021652,0.47875878,0.30602866,0.49401683,0.4064342,0.6692377,0.44956735,0.6881062,0.3958789,0.86094636,0.4220976,0.90126795,0
0.42330793,0.10713381,0.41382304,0.08748288,0.40047383,0.08451757,0.262836,0.08857898,0.27116284,0.08362674,0.1509131,0.19528334,0.240102,0.20124114,0.4120394,0.3211809,0.5323051,0.3420998,0.7095144,0.27004364,0.80944556,0.26347455,0.24382661,0.47508293,0.29618996,0.49049988,0.39402556,0.66652167,0.4517585,0.6856015,0.38727814,0.86026293,0.42950803,0.9018177,0
0.42513168,0.10887444,0.41577673,0.0894741,0.4027464,0.08660149,0.2714038,0.09142446,0.27735454,0.08641366,0.17000182,0.19757693,0.23858356,0.20359099,0.43926784,0.32196054,0.5456657,0.3424406,0.7120813,0.2700049,0.81347364,0.2629922,0.26107922,0.4782947,0.3010521,0.49351776,0.39565986,0.66785073,0.45301378,0.68726563,0.38681835,0.85952926,0.4309596,0.90076065,0
0.43562442,0.1078124,0.42315203,0.088435836,0.41050306,0.085863106,0.2650861,0.090812296,0.27462682,0.08731927,0.15552673,0.19615014,0.24424428,0.20332494,0.4227829,0.3219457,0.549364,0.34234235,0.6901828,0.27301005,0.81125146,0.26447856,0.24141814,0.47570845,0.29346704,0.4915211,0.39137116,0.6682249,0.45542744,0.6882534,0.3886362,0.8604538,0.434941,0.9019245,0
0.43407825,0.10908765,0.42280668,0.08962078,0.40997872,0.08676552,0.26441827,0.091239356,0.27489707,0.08696555,0.15149724,0.1969807,0.2456001,0.20323637,0.42529494,0.32361686,0.5504409,0.34249863,0.6970467,0.2743205,0.81121194,0.26395655,0.23555425,0.47636232,0.29255065,0.4918344,0.38589528,0.66758645,0.45691463,0.68704766,0.38586134,0.8605586,0.43537304,0.90197533,0
0.42758873,0.11317083,0.41779324,0.093665116,0.40847018,0.09034366,0.26268873,0.09398155,0.2824715,0.0877242,0.15673473,0.2000465,0.24257591,0.20454825,0.4301385,0.32474154,0.54551524,0.34172535,0.70760953,0.27350464,0.8098838,0.26427653,0.24531087,0.48039716,0.2958391,0.49517813,0.39597133,0.67112386,0.45107648,0.6907804,0.3897287,0.8621847,0.42745876,0.9021472,0
0.42898604,0.114011765,0.418782,0.09420485,0.4113161,0.09127239,0.26087055,0.093088575,0.2922807,0.08794908,0.15738176,0.1980989,0.25019357,0.20385785,0.4257477,0.32064167,0.54600334,0.3401681,0.6942068,0.2717347,0.80956346,0.26459447,0.22582236,0.4756093,0.28067505,0.4899787,0.39093927,0.66381496,0.44953197,0.68236864,0.3947883,0.8593561,0.43459046,0.8973439,0
0.42824867,0.11930749,0.41821593,0.09963173,0.4153841,0.09641857,0.2556401,0.097599216,0.30277497,0.09131393,0.15123601,0.20145887,0.25206456,0.20678529,0.4279772,0.3206673,0.54335594,0.34033728,0.7095423,0.26923984,0.80957675,0.26466337,0.22370511,0.4782253,0.28606924,0.49269435,0.38307667,0.6676386,0.45126784,0.6870772,0.38850486,0.85984135,0.43714076,0.90002525,0
0.43480965,0.12177366,0.42611715,0.10248379,0.42007673,0.099096484,0.2663919,0.100961015,0.3029738,0.09443226,0.1560469,0.20272358,0.24644741,0.20790981,0.42671373,0.31986994,0.5415492,0.33937773,0.70412755,0.27005416,0.8105815,0.2647363,0.22754443,0.47903886,0.28226396,0.49382123,0.38448185,0.6678473,0.4453757,0.688248,0.39168683,0.8599612,0.44056526,0.9005382,0
0.42868719,0.13038434,0.4227685,0.11059681,0.42146957,0.106540814,0.2631709,0.103996076,0.3139916,0.09500741,0.1545266,0.20497856,0.24451521,0.20906879,0.4238507,0.3215348,0.53994757,0.3398954,0.7099054,0.2686249,0.8070097,0.2649905,0.22680028,0.48078555,0.2822087,0.49506426,0.38172498,0.67021036,0.4395312,0.69064057,0.39087796,0.8630376,0.43823135,0.90152067,0
0.4312235,0.12632725,0.42368996,0.10665866,0.4237197,0.102886,0.26037824,0.10213098,0.31559402,0.093854755,0.15459523,0.20423503,0.24396281,0.20880683,0.43225688,0.32319367,0.5451874,0.33975643,0.7172046,0.2713614,0.8090237,0.26316917,0.23053148,0.48005167,0.28568393,0.49482727,0.3812506,0.66822135,0.4408259,0.6897166,0.3850682,0.8622763,0.43778342,0.9025134,0
0.42373538,0.12564439,0.4232985,0.1037281,0.41469112,0.10034752,0.26591632,0.097782224,0.3121858,0.08964461,0.14033866,0.20430146,0.24774663,0.20603496,0.42161456,0.32509643,0.52580726,0.34097356,0.71232504,0.2733009,0.80565923,0.26249027,0.23171309,0.47917473,0.3011495,0.4917238,0.37111774,0.6674637,0.4254963,0.68703747,0.40828666,0.8598525,0.43466216,0.9020528,0
0.43602586,0.118876435,0.43011123,0.09995013,0.42489925,0.09590755,0.27069202,0.098016545,0.3116114,0.08971272,0.1524834,0.19905542,0.24268751,0.20323262,0.39983958,0.32685187,0.5145428,0.3447703,0.6892521,0.27400804,0.7903172,0.26631492,0.22409017,0.4800342,0.2768867,0.49488735,0.37612882,0.6748948,0.4307836,0.6964627,0.39007446,0.8640226,0.43611935,0.9047131,0
0.4665164,0.10941685,0.4617995,0.08845959,0.45626312,0.0859673,0.28098378,0.08873658,0.35012016,0.08333736,0.13848498,0.19419575,0.27774277,0.19786221,0.38537893,0.32547334,0.5239191,0.3453798,0.7064865,0.27485475,0.82221156,0.2704317,0.24610963,0.4751998,0.33006278,0.4878116,0.389383,0.66216284,0.4387523,0.6787288,0.4372573,0.85059834,0.44721937,0.8899731,0
0.49204075,0.11720073,0.491078,0.09507895,0.48618975,0.09321785,0.29965913,0.08794342,0.38513383,0.0838522,0.13292508,0.19062592,0.2949453,0.19901434,0.36300856,0.33123925,0.5377829,0.3587295,0.69624645,0.28332567,0.8345849,0.2797131,0.25733578,0.474526,0.35772967,0.48979264,0.40312853,0.66451085,0.46466473,0.68496144,0.44976187,0.85100526,0.48861718,0.89690465,0
0.5717348,0.1243311,0.57412416,0.10599394,0.56963265,0.10188585,0.35317993,0.09737578,0.42013133,0.0890864,0.19266242,0.19084029,0.30937633,0.19900902,0.42562303,0.34404883,0.5649837,0.36544672,0.7791249,0.30461973,0.87692404,0.311178,0.28574604,0.47515205,0.35549867,0.4915935,0.46116862,0.6612102,0.5377555,0.6855331,0.5062915,0.8548126,0.5865805,0.898494,0
0.57113516,0.12450504,0.57359874,0.10625058,0.5694023,0.10201717,0.35161543,0.09757672,0.41966188,0.08909016,0.1902617,0.19067949,0.3086332,0.19877516,0.42322692,0.34324142,0.56123555,0.3649687,0.77978563,0.3047934,0.87335134,0.3122148,0.28215763,0.47409973,0.3530899,0.4903963,0.46031505,0.6598825,0.5342443,0.6836545,0.5081019,0.85532933,0.5846737,0.8979649,0
0.62105817,0.11562596,0.61614376,0.09804821,0.6071744,0.09461485,0.38957626,0.09116698,0.45234182,0.08667799,0.22654054,0.1951913,0.33016697,0.20062372,0.40004316,0.35973057,0.543865,0.372196,0.7515002,0.32368743,0.8563085,0.3271139,0.3206368,0.4710216,0.3883293,0.48513213,0.49595627,0.6543566,0.5787819,0.67518824,0.5579738,0.8573655,0.63041365,0.9037871,0
0.60000724,0.121713616,0.60321516,0.10070836,0.58937883,0.09828389,0.39973718,0.08950485,0.464064,0.08518792,0.17926478,0.18819697,0.3511378,0.1973729,0.36927137,0.33655557,0.55780774,0.37018773,0.7290816,0.32592264,0.8720727,0.3399102,0.3171895,0.46437576,0.42792046,0.47994038,0.50188184,0.66242594,0.5783318,0.6804125,0.59800434,0.85691833,0.62393177,0.8930801,0
0.60024565,0.124755085,0.6038198,0.10418767,0.5961478,0.1008854,0.39458928,0.09176316,0.4768496,0.08507565,0.18349905,0.18636797,0.33723733,0.20037071,0.34558642,0.3334708,0.5149242,0.38244516,0.72459733,0.3325257,0.8888535,0.35179985,0.31810874,0.46778706,0.4091797,0.4847701,0.51413935,0.6629695,0.54597783,0.68268853,0.59476894,0.8596386,0.594658,0.8915177,0
0.59424,0.12845711,0.59759533,0.10546265,0.59052444,0.104447335,0.38432562,0.086784214,0.4803654,0.08650684,0.14187393,0.18070391,0.35609025,0.20086639,0.2832255,0.32856017,0.5058877,0.3873395,0.6979189,0.33181897,0.87662035,0.3662278,0.28074923,0.46467987,0.41851735,0.48338923,0.47791156,0.66125315,0.56224203,0.6788503,0.5935497,0.86069334,0.60169774,0.89137363,0
0.591192,0.13038345,0.5958284,0.10773895,0.59013045,0.106176004,0.37904587,0.087672435,0.47361985,0.08508063,0.1453425,0.1823919,0.35161647,0.19444706,0.28215525,0.34077558,0.4836556,0.37910593,0.6674799,0.3536347,0.8228291,0.38280058,0.27119452,0.46686012,0.40625358,0.4823427,0.45635077,0.65826935,0.5454072,0.6729891,0.59689504,0.8681814,0.596772,0.8891123,0
0.6207606,0.122869454,0.62787074,0.103738464,0.61716175,0.09879881,0.4196896,0.08917852,0.4783005,0.08149291,0.21759593,0.1911379,0.33380443,0.19417183,0.3230874,0.36148566,0.47094405,0.3740665,0.7210749,0.3729724,0.83039236,0.38556406,0.29556257,0.47072804,0.37475592,0.48433357,0.49387273,0.6548005,0.5762949,0.6742087,0.56282175,0.858907,0.63372576,0.9041455,0
0.61669225,0.12585594,0.6277977,0.10642367,0.6139995,0.101002514,0.43378773,0.0905808,0.47557062,0.08123518,0.22758819,0.19245644,0.31889233,0.19271255,0.32252035,0.36709023,0.44105,0.37601027,0.704921,0.37724268,0.7980973,0.39078578,0.31460345,0.47598892,0.3786554,0.48905838,0.49620968,0.6587948,0.57532007,0.678645,0.5563431,0.8597061,0.63541806,0.9054068,0
0.6174196,0.1251027,0.62832826,0.10614571,0.6165055,0.100435436,0.43270823,0.091262,0.48315808,0.08155417,0.22541025,0.19256857,0.3223854,0.19237003,0.29248744,0.36494902,0.42099324,0.37425628,0.67048454,0.37963408,0.780928,0.39665902,0.30520153,0.47114757,0.3716342,0.48371205,0.49067438,0.6552635,0.5635453,0.67404944,0.5581254,0.8579106,0.6360067,0.90312856,0
0.59712166,0.12911919,0.61338574,0.10958957,0.58940303,0.10473346,0.41157088,0.09240427,0.43217814,0.08416161,0.20956448,0.18887147,0.31958586,0.19645251,0.3185515,0.36273435,0.47950676,0.38311622,0.68370825,0.37651804,0.81655425,0.39183766,0.28764543,0.46972334,0.36148888,0.48591343,0.48068234,0.65354,0.5712204,0.6797267,0.5348464,0.85408527,0.6078852,0.9078766,0
0.58095646,0.13019407,0.59460247,0.1104594,0.5873588,0.104454,0.39021248,0.09382348,0.45874938,0.08100257,0.16784742,0.18916926,0.32269517,0.19742642,0.2986723,0.35910517,0.4594266,0.39173818,0.68195796,0.3738876,0.80672514,0.38727084,0.25748393,0.47359172,0.3558717,0.48881376,0.44465092,0.65680116,0.508874,0.67845654,0.5156089,0.8583644,0.5426206,0.88481784,0
0.5646227,0.12518334,0.5743729,0.10538192,0.5662438,0.0998869,0.38997987,0.0923214,0.43927777,0.08041129,0.20187199,0.19315095,0.29334652,0.19878674,0.32501906,0.362219,0.40597707,0.38739914,0.7074354,0.37798417,0.781633,0.38949367,0.27610546,0.47156772,0.33272928,0.48636046,0.45396352,0.6571218,0.4856085,0.67936164,0.50611913,0.85737044,0.52874947,0.88584614,0
0.5642037,0.124810465,0.5731931,0.10535341,0.56621194,0.09984226,0.38572496,0.092996605,0.4394245,0.0811059,0.19796762,0.19312786,0.29748023,0.19838177,0.31810865,0.3636298,0.39778188,0.38787383,0.7074514,0.38024327,0.7782585,0.39009985,0.27300957,0.47278938,0.33489132,0.4873733,0.44877508,0.65816283,0.48160684,0.68032813,0.5037227,0.8573693,0.5248559,0.8857697,0
0.5619493,0.12795389,0.57228565,0.1082479,0.56349516,0.10271032,0.38855636,0.09425917,0.43338576,0.082121186,0.20338815,0.19314222,0.2880039,0.19872773,0.33076206,0.36134273,0.4037736,0.38740698,0.7149803,0.37701455,0.7766495,0.3888143,0.27196115,0.47015634,0.32441658,0.48491114,0.44843623,0.6531611,0.481626,0.6742059,0.50483406,0.85682636,0.52632815,0.8832002,0
0.5426899,0.12877898,0.5565209,0.106167525,0.539953,0.10216134,0.39235014,0.085248046,0.43363133,0.077555895,0.1852028,0.18311214,0.29736957,0.19121556,0.2908907,0.35082155,0.41721576,0.38673323,0.6610729,0.3675952,0.7797295,0.38573274,0.28726566,0.46536553,0.3578117,0.48171982,0.45874667,0.65286934,0.4958739,0.6741085,0.5228811,0.8545934,0.53530514,0.8856624,0
0.5372819,0.12633751,0.55202144,0.10378015,0.5348178,0.09953742,0.39590076,0.083642475,0.42881423,0.07487411,0.18727475,0.18579867,0.2902646,0.1884213,0.3095467,0.3603917,0.39646178,0.38122314,0.6979193,0.37586585,0.7739346,0.38592225,0.28531966,0.46667233,0.35492113,0.48139223,0.45200196,0.6539547,0.4944137,0.67469656,0.5156912,0.85492426,0.531873,0.8846325,0
0.54652506,0.12682919,0.55823755,0.10673714,0.5416084,0.10180387,0.3879745,0.09121288,0.40856194,0.08162345,0.20047353,0.19484867,0.26896465,0.19572563,0.3070208,0.3674182,0.39421037,0.3814039,0.7106915,0.37857234,0.7506163,0.3944114,0.30011997,0.49109107,0.34957626,0.50503814,0.44264126,0.6773903,0.51063234,0.6967254,0.48641437,0.86604095,0.57244074,0.9103212,0
0.55087113,0.1237503,0.5618044,0.10424394,0.5440276,0.0990591,0.38095662,0.09130449,0.4032271,0.08127136,0.19473386,0.1964396,0.2771235,0.19577014,0.32413408,0.36789486,0.4045406,0.37799335,0.71186715,0.37826064,0.7495407,0.3943878,0.27800506,0.48840788,0.33935535,0.5011606,0.43215692,0.6747115,0.5242132,0.6921844,0.48734206,0.8666906,0.56690896,0.9087058,0
0.5498957,0.12466215,0.5600119,0.10504193,0.54512864,0.099905394,0.38062376,0.09176354,0.40890014,0.08180599,0.1958777,0.19733952,0.27772254,0.19699505,0.32743356,0.37132257,0.4141603,0.38129318,0.7185085,0.3804598,0.75473624,0.3944364,0.28244907,0.4902909,0.3414661,0.5034122,0.4396326,0.6790272,0.51896363,0.69764525,0.48816973,0.8676541,0.56770617,0.9097919,0
0.54181975,0.1223782,0.55344594,0.10276598,0.53505826,0.097512335,0.36156198,0.08922667,0.39494437,0.08004646,0.1597114,0.192141,0.29294455,0.19644909,0.28745282,0.36284092,0.4480504,0.3829752,0.6695363,0.37264064,0.75651103,0.3914854,0.2439043,0.48274073,0.33660147,0.49770197,0.40404177,0.66935897,0.51960176,0.69063616,0.46438402,0.86040515,0.5589726,0.912931,0
0.5163684,0.12582779,0.5318666,0.105905436,0.50916106,0.10050687,0.3607506,0.08909091,0.3734932,0.079229355,0.16247983,0.18914013,0.26682872,0.19180667,0.26441184,0.3584006,0.39753658,0.37601328,0.65736425,0.3751543,0.73811775,0.39391312,0.2513171,0.47939593,0.3234807,0.49427432,0.41136009,0.6699718,0.5045392,0.6921349,0.46585333,0.86264217,0.5538801,0.9153916,0
0.51893294,0.12595634,0.53238636,0.106000654,0.50922453,0.101064295,0.36746725,0.08903379,0.37133655,0.079922244,0.1804584,0.18917102,0.2661851,0.18905978,0.29985106,0.35831067,0.38906303,0.3679939,0.698748,0.38010153,0.7403047,0.39532718,0.2597134,0.47658193,0.322985,0.49018216,0.4178567,0.66546303,0.50515705,0.6858729,0.47263578,0.8626622,0.55189246,0.9127043,0
0.5217885,0.12553029,0.53001446,0.10560183,0.515938,0.10089687,0.35549447,0.08962221,0.38365465,0.080770254,0.18070954,0.19194107,0.27346328,0.19086379,0.3123713,0.361994,0.40144312,0.36985007,0.7150204,0.38099506,0.75076574,0.39776883,0.2600613,0.4802931,0.3274989,0.49298695,0.42142767,0.67060435,0.49928278,0.6889913,0.47423154,0.8679103,0.555461,0.9123647,0
0.50897056,0.12679914,0.5198601,0.103816964,0.5071792,0.10032261,0.3664488,0.08160759,0.40241662,0.073259026,0.17289053,0.18492848,0.28902707,0.18098468,0.31562996,0.3601982,0.38957456,0.36340192,0.70332795,0.3813762,0.75942296,0.39228088,0.2767494,0.47498295,0.35884526,0.48707044,0.44128245,0.67373073,0.489619,0.69066834,0.49849176,0.86637425,0.52650267,0.89402777,0
0.5105279,0.12636812,0.5211827,0.103468016,0.50876707,0.09985743,0.36289704,0.08219137,0.40247703,0.07378226,0.1700603,0.18564412,0.29191574,0.18320303,0.32791725,0.3607442,0.4152404,0.36767125,0.69937104,0.3806171,0.7621793,0.39123565,0.2715985,0.47477207,0.3572938,0.48726177,0.43697834,0.6720859,0.4893513,0.6897949,0.4958399,0.8648516,0.5276689,0.89380777,0
0.5071115,0.12881672,0.52365005,0.105822995,0.50549304,0.10159808,0.36761105,0.081963874,0.40414548,0.073421866,0.15205494,0.18191789,0.30108064,0.18742403,0.2922645,0.35568228,0.42160848,0.3848527,0.675853,0.37610877,0.76462597,0.39144906,0.25703225,0.4766951,0.36190706,0.49213707,0.41939995,0.6756235,0.50278723,0.69566315,0.48426569,0.86110675,0.5337754,0.8969062,0
0.51176524,0.12686688,0.52434427,0.104347,0.509306,0.100521475,0.36140746,0.08463078,0.4047113,0.076862335,0.16452667,0.1855661,0.3017832,0.19256577,0.32552835,0.36001703,0.43400547,0.3931646,0.69344527,0.37573406,0.7741199,0.39037752,0.26295927,0.476006,0.35816398,0.49168542,0.42820412,0.67389685,0.4969163,0.69441795,0.50043356,0.8627777,0.53015816,0.8960522,0
0.5104763,0.12706755,0.5237578,0.10450015,0.5078924,0.100575574,0.36437792,0.08429232,0.40642628,0.076601125,0.1639328,0.18522638,0.301974,0.19246446,0.3202693,0.3614125,0.43751937,0.3941703,0.68983984,0.37662056,0.7775614,0.3899508,0.26053008,0.47420728,0.3557508,0.48993108,0.42835772,0.67040384,0.49394125,0.6909752,0.50248325,0.86027807,0.53123933,0.893384,0
0.5111599,0.12647091,0.52345145,0.10399566,0.5093754,0.09996844,0.37150243,0.08369618,0.40826863,0.07504721,0.17506072,0.18882972,0.2978039,0.18851867,0.33036107,0.3709678,0.41684932,0.38425538,0.7069053,0.38294607,0.777591,0.3937659,0.26546773,0.4771785,0.3541084,0.4900146,0.43945935,0.6728906,0.49505666,0.6899313,0.50222474,0.8656491,0.5362319,0.8904904,0
0.50853765,0.12820096,0.520187,0.10506805,0.50796586,0.101879455,0.35765833,0.08247071,0.41405708,0.076737165,0.1600078,0.1802723,0.2983072,0.19171678,0.28167194,0.34598705,0.4144301,0.3870635,0.6603979,0.36833465,0.7630382,0.38800275,0.2646604,0.46956322,0.35662287,0.48686475,0.43258467,0.6693336,0.49374816,0.69061506,0.5030132,0.860702,0.5314448,0.89522576,0
0.50916123,0.1279106,0.5212736,0.10496602,0.5081193,0.10163084,0.36025736,0.082899764,0.41369992,0.076832205,0.16135252,0.18048236,0.2972701,0.19160543,0.2847927,0.34674093,0.41538918,0.38797772,0.65998274,0.3678769,0.764318,0.38782987,0.26500693,0.4697163,0.3553186,0.48693058,0.43291178,0.6690325,0.49340245,0.6903434,0.50347424,0.86032695,0.5309146,0.8949515,0
0.5396949,0.12703447,0.5500782,0.10721718,0.53654146,0.10204249,0.3694645,0.09018059,0.40651256,0.08064528,0.18518,0.19184056,0.2851083,0.19257608,0.30401143,0.36439678,0.40153518,0.37883228,0.7067431,0.3738841,0.7520747,0.39248735,0.2670524,0.48057035,0.3390556,0.49408093,0.43318346,0.6697922,0.5136474,0.6881064,0.48809525,0.8606076,0.57136434,0.9069897,0
0.52551556,0.12793751,0.5396121,0.10532993,0.5226726,0.10107475,0.37994367,0.084238626,0.42292652,0.07568093,0.16442685,0.18400668,0.30108294,0.18761227,0.27089784,0.34906217,0.4163699,0.37475643,0.6415621,0.3660943,0.7759267,0.3832278,0.27420408,0.47440243,0.3634448,0.48908246,0.44817302,0.6677909,0.49742863,0.6867902,0.5116305,0.8587929,0.53635913,0.89122885,0
0.5411562,0.12849854,0.55753607,0.10880742,0.54741675,0.10245142,0.37253833,0.09188423,0.42849916,0.07829628,0.16339652,0.18765584,0.29657468,0.1986714,0.29179955,0.35848457,0.44028986,0.39749342,0.6833497,0.37007928,0.788878,0.38077393,0.25092635,0.47683725,0.33494422,0.49428952,0.43560803,0.6645989,0.49645907,0.6899514,0.49264327,0.8583275,0.5251263,0.8899366,0
0.52709365,0.12889166,0.5422712,0.10646239,0.52495754,0.10184446,0.37797907,0.0848835,0.42358375,0.0758977,0.15751463,0.18258613,0.30925956,0.18905167,0.28996012,0.35248032,0.43599617,0.38783252,0.67000866,0.36453587,0.76967883,0.37895843,0.2668418,0.4746186,0.36824176,0.48998865,0.44038823,0.6682456,0.50704795,0.6869165,0.51571006,0.85959977,0.5387082,0.8906569,0
0.596443,0.12703076,0.6103195,0.1081193,0.5907379,0.10358187,0.40145501,0.09048176,0.44235402,0.08300124,0.1877283,0.18390904,0.33319992,0.1908897,0.3082168,0.35741216,0.44018453,0.37819234,0.75948536,0.36855385,0.83194274,0.3880536,0.28021368,0.47142804,0.38408604,0.48790598,0.4648714,0.66943955,0.59818476,0.6938593,0.5324999,0.8597986,0.6329795,0.9126274,0
0.5964082,0.12713222,0.6103852,0.10819707,0.59073764,0.10364424,0.401461,0.090512715,0.44205716,0.082979776,0.18749195,0.18401542,0.33285955,0.19098334,0.30836388,0.35784456,0.44119805,0.3786343,0.759356,0.36863035,0.8321788,0.38791835,0.28001466,0.4717847,0.38373086,0.4882639,0.46514443,0.6694919,0.5979405,0.69389445,0.5328236,0.8597172,0.6329062,0.91245013,0
0.6018952,0.12572347,0.61188906,0.10658751,0.5966702,0.10254479,0.38961583,0.08979412,0.4467998,0.08355027,0.18505304,0.18574691,0.3387677,0.19422856,0.32348642,0.36272573,0.46162122,0.3848937,0.76867115,0.3644774,0.85007495,0.3835613,0.26611862,0.4719786,0.3751523,0.488744,0.46039316,0.6668815,0.5955059,0.6913374,0.5323133,0.8592716,0.6283012,0.9120871,0
0.6001383,0.12682937,0.6109223,0.10769062,0.59470326,0.103581615,0.40138972,0.09027672,0.4451752,0.08331546,0.20672557,0.1859411,0.322905,0.19230027,0.33376098,0.35908884,0.43756008,0.37805012,0.7859327,0.3686072,0.8501101,0.38635594,0.29085854,0.47129655,0.37151107,0.4874811,0.49163887,0.662936,0.5729292,0.6873127,0.54983276,0.8556386,0.6146781,0.9068781,0
0.5786847,0.12997727,0.5887701,0.11099381,0.58290553,0.105309784,0.37855655,0.095122136,0.4555112,0.0834486,0.15842573,0.1864381,0.3326706,0.19396552,0.28703654,0.3476841,0.45337266,0.37932444,0.69825107,0.3661926,0.82945913,0.38186982,0.24328396,0.4658396,0.35594112,0.48124096,0.44116262,0.6595012,0.5311781,0.6806386,0.5159277,0.8564448,0.56926936,0.8869413,0
0.5972284,0.1279097,0.6084062,0.10859112,0.5930974,0.104356766,0.388865,0.09324775,0.4518031,0.08667983,0.17696957,0.1897231,0.35504854,0.1981037,0.28675362,0.35613033,0.47506642,0.3758568,0.70998436,0.37637344,0.8421761,0.39170682,0.25694808,0.47204572,0.38021168,0.4887262,0.4436291,0.6594636,0.59052795,0.68666124,0.52268416,0.85421026,0.620042,0.9118742,0
0.58689094,0.12604341,0.590448,0.10695964,0.5890044,0.10234008,0.37302285,0.09676232,0.4706772,0.08776665,0.1576684,0.19321404,0.35647103,0.20126742,0.26648068,0.35287538,0.47765967,0.38226956,0.64677143,0.37301576,0.8308965,0.3839794,0.23976079,0.47448093,0.3641765,0.48936594,0.44551635,0.6656997,0.5337018,0.6866453,0.51803696,0.85880315,0.57313395,0.8920303,0
0.5869733,0.12563221,0.58983886,0.106565684,0.5894434,0.10199327,0.37023243,0.09666127,0.4719518,0.08779125,0.15695804,0.19327788,0.35736534,0.2014727,0.26904282,0.35246614,0.48088002,0.38218105,0.648561,0.37263435,0.83003396,0.384026,0.23772848,0.473517,0.36309883,0.4883138,0.4460153,0.66488546,0.534973,0.6853782,0.5188024,0.85867786,0.57348436,0.89131254,0
0.55625564,0.12817265,0.55901164,0.10940303,0.55768555,0.10505295,0.3526215,0.09915251,0.44169372,0.090686895,0.15652795,0.19432117,0.33301878,0.20349182,0.2703866,0.35439003,0.45326087,0.3857991,0.6620394,0.37238055,0.80287766,0.3834971,0.2349036,0.4739501,0.3441288,0.48909453,0.43361086,0.66480553,0.5067799,0.684372,0.49423072,0.85873216,0.5341739,0.88841397,0
0.580773,0.12117176,0.58082795,0.10236694,0.5831773,0.09855394,0.3612897,0.09460077,0.47545636,0.08738942,0.1617901,0.19110216,0.365623,0.20137204,0.28724363,0.35024032,0.48706385,0.38464043,0.6627674,0.3668084,0.8297646,0.3802629,0.24454322,0.4771092,0.37254617,0.4921051,0.44521505,0.6719024,0.5395646,0.6915295,0.5225377,0.86225045,0.5785065,0.8935339,0
0.60481006,0.12653254,0.6089607,0.10731629,0.6024659,0.10389623,0.37390465,0.0930428,0.4601931,0.08813128,0.17618783,0.1903586,0.3556267,0.19956955,0.31874642,0.35924104,0.48788312,0.37977663,0.7549183,0.3692444,0.8576408,0.38638112,0.26553348,0.4751614,0.38797823,0.49183926,0.47266725,0.6656817,0.6003739,0.690845,0.54709685,0.8605003,0.636161,0.9134128,0
0.5972509,0.12718314,0.6003946,0.10807948,0.59895945,0.10474109,0.36161354,0.09306821,0.46571892,0.08824987,0.16932675,0.18931021,0.36226946,0.197998,0.31706986,0.3590857,0.4885468,0.37804675,0.76012415,0.3667473,0.8487815,0.38364807,0.25321957,0.47044495,0.3855693,0.48672122,0.4647378,0.6588938,0.59795755,0.68385994,0.54547614,0.8588876,0.6355882,0.91215897,0
0.6002883,0.12932855,0.60479563,0.11013508,0.601423,0.10673104,0.36698693,0.09401679,0.46273714,0.08930177,0.17117561,0.18870077,0.35439605,0.19800763,0.2994927,0.35822454,0.4795376,0.37770498,0.73295206,0.3622958,0.8435905,0.37906334,0.24799553,0.4641946,0.37149063,0.48102686,0.471429,0.6539054,0.5982819,0.67976785,0.550613,0.85542035,0.63676137,0.91038805,0
0.5998668,0.12830019,0.6038557,0.10918265,0.6009154,0.10589609,0.365955,0.09375343,0.46307045,0.08941937,0.17048071,0.18881555,0.353623,0.19892798,0.29610938,0.35788444,0.47932783,0.37861606,0.728306,0.3616431,0.84697396,0.3788645,0.24712846,0.4633898,0.3699079,0.48050886,0.47196558,0.652421,0.59513766,0.6785705,0.5511297,0.8549263,0.6372072,0.909735,0
0.60633695,0.12839188,0.6070739,0.10881499,0.60697186,0.10487599,0.37795576,0.0929172,0.47824377,0.087790586,0.17580774,0.19263062,0.36538535,0.1977494,0.26918173,0.36226144,0.4851629,0.37556073,0.65091985,0.36409712,0.7843582,0.374644,0.24483491,0.46821347,0.37197375,0.48182008,0.4576286,0.6581852,0.5800121,0.6759053,0.553769,0.8617982,0.63473725,0.90629226,0
0.5833975,0.12958074,0.57900876,0.11080046,0.59089094,0.10702052,0.37403098,0.09391546,0.48367497,0.089264296,0.18114936,0.1875714,0.36214477,0.19012971,0.28725213,0.34681368,0.47816813,0.35582462,0.6615671,0.3615022,0.75311667,0.37274164,0.26384494,0.4626153,0.3825726,0.47611502,0.4730027,0.65282285,0.58206093,0.6673937,0.5726694,0.8563135,0.65336597,0.8851207,0
0.60899264,0.13034248,0.60941935,0.1113885,0.61154705,0.10733733,0.38204163,0.095294334,0.48769417,0.08997293,0.17813456,0.19092704,0.381461,0.19569454,0.26475278,0.35441995,0.4917265,0.3675546,0.6513142,0.3595711,0.7796059,0.3715241,0.24738759,0.46486035,0.38550782,0.47810236,0.45994717,0.6548142,0.5936812,0.671786,0.5537678,0.8629314,0.65621173,0.90482503,0
0.60488504,0.13327275,0.60428,0.11401796,0.6095352,0.10991731,0.372898,0.09688411,0.4894082,0.09129252,0.17334199,0.19321032,0.3811464,0.19654113,0.2749619,0.35705465,0.49624926,0.36717665,0.66219,0.35700822,0.7715735,0.36904567,0.2388823,0.46760723,0.38104013,0.48020247,0.45314583,0.6583299,0.59903514,0.6747285,0.5515988,0.8623161,0.65450233,0.9049889,0
0.6025653,0.13392748,0.6024424,0.114387125,0.6036718,0.11052947,0.37103498,0.09753446,0.47688514,0.09271831,0.16146317,0.19394626,0.38199776,0.19987988,0.25362375,0.3572298,0.5235596,0.3718017,0.632452,0.3544159,0.77369076,0.36404666,0.23867486,0.46844408,0.38446203,0.4820881,0.45322773,0.66098154,0.5937407,0.67813814,0.5499653,0.8643758,0.6499301,0.90652573,0
0.60035074,0.13374229,0.5996506,0.114301436,0.6040029,0.110355854,0.36700454,0.0972702,0.48234227,0.09220389,0.16092755,0.1938824,0.38570416,0.1993459,0.2556066,0.357854,0.52171,0.371651,0.6358902,0.35467327,0.77584255,0.36453092,0.23545417,0.46882364,0.3850341,0.48222822,0.45134544,0.6611451,0.5946387,0.6781582,0.54978836,0.8644512,0.65037566,0.90657145,0
0.59925795,0.1334597,0.59810835,0.11466402,0.6010128,0.11058449,0.36410367,0.09939556,0.47177893,0.09388818,0.16835703,0.19485043,0.3819651,0.19925846,0.29723987,0.35356355,0.5472962,0.36582312,0.6597592,0.35963663,0.76894325,0.3702421,0.23295446,0.4643135,0.37380797,0.47695068,0.45763484,0.6568311,0.5814098,0.6735421,0.55266297,0.8652311,0.6525286,0.90651304,0
0.59983987,0.13338579,0.6001731,0.11482782,0.60095966,0.11054124,0.373515,0.10037927,0.47610688,0.094363205,0.17967261,0.19557752,0.38859588,0.19847216,0.2898129,0.35269502,0.52527297,0.3617176,0.65963084,0.35979927,0.7629919,0.37058872,0.24079984,0.46590108,0.38173234,0.47777572,0.4532349,0.65713614,0.5987913,0.67335415,0.55612445,0.8633073,0.6595149,0.903984,0
0.59384316,0.13126568,0.59582806,0.11281976,0.5943921,0.10842056,0.37844348,0.09890485,0.47233337,0.092658326,0.1867416,0.1949378,0.3764656,0.19792403,0.30200642,0.35199574,0.52128565,0.3611207,0.6683583,0.36080292,0.770032,0.36962038,0.25184405,0.4672178,0.37808478,0.47956383,0.46633035,0.6623941,0.5900404,0.68003684,0.55683243,0.8649869,0.653676,0.90830606,0
0.5997916,0.13046817,0.6020036,0.11196942,0.5973737,0.107459776,0.38448262,0.098909564,0.46758267,0.09239349,0.18163724,0.19551052,0.37104645,0.19872187,0.30081627,0.3498748,0.5290498,0.35964262,0.6680688,0.36264023,0.7724148,0.37200305,0.26240006,0.47513694,0.38706222,0.48780778,0.46628532,0.6740351,0.5911736,0.69180787,0.5616145,0.8687183,0.6634183,0.90979224,0
0.5879339,0.13317904,0.59235287,0.114483535,0.5904445,0.110819,0.35482198,0.099144116,0.45869786,0.09427009,0.15286833,0.18969496,0.37138247,0.19926938,0.31110016,0.34647757,0.53494513,0.36470777,0.6954994,0.35632166,0.79685885,0.37592292,0.22588922,0.4652115,0.37204725,0.48108262,0.4482283,0.6631805,0.6018121,0.688302,0.53954417,0.8619145,0.64475185,0.9122065,0
0.58758104,0.13302216,0.59152985,0.11445608,0.59112996,0.1106891,0.35231325,0.099212684,0.46027035,0.09404755,0.1558658,0.18980597,0.37205967,0.19866647,0.32231775,0.34650233,0.537919,0.36332604,0.7012178,0.35508072,0.7974199,0.37447193,0.22310011,0.46371323,0.3681632,0.4791526,0.4488107,0.66199213,0.6019862,0.6865841,0.5408854,0.8624264,0.6441849,0.91177493,0
0.59583503,0.13454561,0.59928995,0.116456546,0.5957219,0.11242179,0.39268488,0.101712696,0.47414914,0.09630179,0.19750287,0.19144009,0.36201772,0.19590543,0.29902405,0.3365753,0.47181362,0.3508059,0.6791279,0.35662737,0.7611632,0.37351102,0.2557855,0.46602958,0.36462498,0.47866163,0.46727508,0.6658974,0.5685921,0.68274176,0.56856525,0.8649753,0.64660645,0.9051176,0
0.5980689,0.1307561,0.60276526,0.113063246,0.5938776,0.110229686,0.382366,0.10030208,0.45626256,0.097305976,0.18749721,0.18590032,0.35950366,0.19511127,0.3236976,0.3305524,0.47699198,0.34848398,0.72189176,0.35762218,0.7858172,0.38041714,0.23941073,0.45728505,0.3543979,0.47274455,0.4602595,0.6559928,0.58510864,0.6798702,0.5465077,0.8600914,0.6438092,0.90900856,0
0.5821281,0.13709131,0.5880197,0.11972427,0.5820834,0.11637149,0.36896312,0.10545646,0.45416743,0.10100408,0.18005808,0.18948461,0.3620323,0.19708782,0.33901048,0.33310023,0.49055317,0.34994322,0.72547215,0.35400224,0.7889302,0.3798082,0.22577797,0.46165198,0.35063303,0.475935,0.44656873,0.6575654,0.58526725,0.67936325,0.5438031,0.86138886,0.62994623,0.90635014,0
0.59691864,0.13166471,0.60165864,0.11422453,0.59324014,0.11123833,0.38270348,0.101039074,0.4549064,0.097231485,0.18877728,0.18639393,0.3425815,0.19439821,0.3232619,0.32913288,0.44789326,0.34669393,0.7252296,0.35687378,0.78459686,0.38239032,0.24120733,0.46581578,0.34443963,0.4809483,0.45740724,0.6611636,0.568529,0.68455553,0.55373347,0.86385334,0.6262581,0.91091365,0
0.6079501,0.13337928,0.61852926,0.11584364,0.60499823,0.11092048,0.42812708,0.099153854,0.47623888,0.09142876,0.22163983,0.18439011,0.35387495,0.18582794,0.34563968,0.3230435,0.46536928,0.33361942,0.74165326,0.35954154,0.791392,0.3797019,0.26613933,0.47122172,0.35561112,0.4827589,0.47552285,0.6717009,0.5658158,0.6884167,0.5774806,0.8638022,0.6292646,0.9028122,0
0.60823286,0.13253736,0.6187405,0.11505494,0.60586286,0.110113196,0.42945394,0.09865428,0.47876793,0.09085989,0.22317494,0.1843916,0.35263792,0.18594113,0.34758496,0.32360646,0.46679473,0.33460402,0.744589,0.36015236,0.7946856,0.38042903,0.27097583,0.47274444,0.35806546,0.48438323,0.47657531,0.6727385,0.5615057,0.689596,0.5777528,0.8639917,0.628244,0.90316325,0
0.6053732,0.13136326,0.595855,0.11214943,0.5969793,0.11340349,0.37143514,0.098925285,0.4956788,0.10336347,0.20435901,0.167082,0.3473634,0.19259702,0.33184734,0.26257715,0.46272466,0.3379563,0.6943419,0.29983374,0.8426855,0.3716846,0.29291788,0.46329215,0.37653074,0.4818484,0.49257055,0.66468513,0.53658926,0.6828308,0.57793635,0.84968054,0.6133459,0.87456113,0
0.63061047,0.1337565,0.6156584,0.11439826,0.6201428,0.1161886,0.36963177,0.10262781,0.50747883,0.109394744,0.20301029,0.1637439,0.35422048,0.20125556,0.35128263,0.2328647,0.51878417,0.34886667,0.62865335,0.24140468,0.87066907,0.36988765,0.30235103,0.46003467,0.38666365,0.48100343,0.49179816,0.66207284,0.5338824,0.67901087,0.5734734,0.8503352,0.6115002,0.8697701,0
0.66447765,0.13201366,0.6480633,0.11181906,0.65085584,0.11454034,0.40041018,0.09944659,0.53079885,0.107522964,0.24371886,0.16468477,0.35947454,0.20014526,0.4602415,0.23260897,0.49585482,0.34080842,0.80775064,0.24954726,0.8751411,0.37073848,0.32685438,0.46035144,0.39491513,0.48102584,0.5176001,0.66168535,0.5523953,0.6787845,0.5833484,0.84576064,0.603869,0.86790377,0
0.6715374,0.13218485,0.667483,0.11162989,0.66587496,0.111471884,0.44934344,0.09989738,0.54601544,0.09948812,0.25118235,0.1910262,0.35666725,0.19750862,0.44493467,0.33838806,0.5089608,0.35900983,0.8482794,0.3624712,0.9203637,0.3760226,0.35323128,0.47407174,0.41906276,0.48820278,0.5666284,0.66893137,0.58732957,0.68627656,0.6106564,0.8524777,0.59058034,0.8787809,0
0.6624177,0.1338362,0.6555138,0.11240069,0.6606674,0.112830915,0.4230399,0.09687594,0.5524805,0.099407196,0.21497907,0.18105355,0.3544928,0.20194466,0.36211383,0.29982397,0.48155838,0.3661834,0.7316621,0.30195588,0.8645209,0.38093066,0.3221188,0.46566558,0.40595764,0.48419276,0.5126991,0.6630489,0.53933585,0.68478215,0.5569458,0.8479688,0.54089993,0.8811368,0
0.66117114,0.13490656,0.6538362,0.11365074,0.6589621,0.11414856,0.42440483,0.09910297,0.5489242,0.101006836,0.23087643,0.18734716,0.35079536,0.20191732,0.39598468,0.32433596,0.47817034,0.36595264,0.77972263,0.3432831,0.86824274,0.38055697,0.3298531,0.46935952,0.4036766,0.48609352,0.5151495,0.6653852,0.53806454,0.68611795,0.55695254,0.84927416,0.5431436,0.88093066,0
0.6700142,0.13420555,0.6617786,0.11308119,0.66121525,0.114651375,0.4413902,0.09877467,0.5412942,0.10357885,0.25033653,0.17730695,0.35060832,0.20446368,0.39129007,0.28774458,0.45305017,0.37740654,0.75798035,0.28714934,0.8671899,0.38247386,0.35928217,0.46542016,0.41662297,0.48611307,0.51890314,0.6611629,0.5279307,0.6845177,0.5592749,0.83895326,0.53860396,0.87968946,0
0.71286494,0.13247707,0.71677005,0.1136393,0.70907307,0.11244039,0.45432103,0.09945115,0.5483931,0.09925074,0.23144779,0.17258596,0.35064888,0.20014612,0.33769262,0.28952572,0.46442023,0.37522784,0.6436991,0.29027343,0.8266482,0.3941906,0.34661075,0.46134326,0.39753035,0.48445296,0.5305144,0.65337205,0.54862684,0.69283545,0.5793739,0.8108671,0.52400124,0.8883252,0
0.68591654,0.12608346,0.67962277,0.10649095,0.68383735,0.10721784,0.48934722,0.09706836,0.5561033,0.09806066,0.33742258,0.18199988,0.29641417,0.19532387,0.42133507,0.31529257,0.3509869,0.35621575,0.76596904,0.38954008,0.74299824,0.41281056,0.43461633,0.45722076,0.39175707,0.47545934,0.52541935,0.65372,0.48135763,0.6844314,0.5647186,0.82248414,0.5120322,0.88113177,0
0.7296216,0.10806853,0.71186954,0.08910741,0.7201001,0.09100623,0.50021803,0.089539476,0.5865949,0.09357862,0.3940758,0.17910379,0.32209662,0.19426699,0.47510725,0.3064258,0.34168318,0.3484672,0.7532669,0.4056977,0.7275857,0.43029875,0.46679094,0.45740008,0.3939641,0.4774519,0.5496697,0.6461184,0.46624172,0.68720907,0.6290125,0.80311906,0.47751892,0.8845717,0
0.71063167,0.1131086,0.68757224,0.09307409,0.6975619,0.09693919,0.46036208,0.0909794,0.57229614,0.1015833,0.3713901,0.16279165,0.31902584,0.21139874,0.46499786,0.21139443,0.33922395,0.373737,0.63667417,0.23373166,0.7128288,0.44730037,0.45831984,0.45527074,0.39066872,0.4854315,0.5600187,0.64448917,0.43460888,0.6964414,0.6631167,0.7963692,0.42950195,0.887337,0
0.70721287,0.11408167,0.6827725,0.09361139,0.6982136,0.09796887,0.45819193,0.08894273,0.58218855,0.100677356,0.37956926,0.16013056,0.31274456,0.21182485,0.47843546,0.1987222,0.3307648,0.37120065,0.6419373,0.21167399,0.7004836,0.4474233,0.46644324,0.45423186,0.39054933,0.48498768,0.5588747,0.6456082,0.43800396,0.6969755,0.66003704,0.79644233,0.42856258,0.8870629,0
0.71362543,0.10316331,0.68873364,0.084659,0.7012317,0.08805026,0.47702572,0.09118891,0.57038206,0.09795508,0.45466828,0.18689913,0.27995324,0.20688637,0.5367735,0.31968582,0.2701635,0.36937216,0.71589357,0.4614978,0.65319765,0.4785627,0.50357866,0.46704045,0.35884842,0.48919782,0.5718481,0.6470621,0.41570157,0.69538236,0.6730691,0.7900188,0.4234136,0.883954,0
0.68143487,0.114981815,0.663689,0.0973302,0.666654,0.100624874,0.4827361,0.09995546,0.53917444,0.1053469,0.48720697,0.19089644,0.272717,0.20306846,0.55345917,0.33862293,0.2748131,0.37050238,0.7009854,0.49438873,0.6197453,0.49804956,0.5265939,0.47143698,0.35964394,0.48977685,0.59786814,0.65137297,0.42804182,0.69202435,0.68025064,0.7913732,0.4323545,0.87717444,0
0.7032562,0.102445126,0.67897063,0.0836937,0.67562246,0.08881703,0.48682812,0.088943295,0.5353129,0.1007705,0.4778006,0.17900492,0.27586445,0.2106509,0.551104,0.2997081,0.26840237,0.3782491,0.7039801,0.48538494,0.57745737,0.5129745,0.53434247,0.46753338,0.37894726,0.49259362,0.5905598,0.6504749,0.45884362,0.69391423,0.6827341,0.7903358,0.46220955,0.87964094,0
0.6558876,0.11923827,0.63714045,0.10073963,0.61725557,0.10687743,0.48144814,0.103658706,0.45273966,0.117437996,0.48198733,0.18262346,0.24263488,0.21947195,0.52387416,0.29753238,0.26599854,0.39659777,0.60202956,0.42485577,0.47378355,0.5676326,0.55070573,0.4635444,0.36504382,0.49140155,0.6176797,0.64553046,0.44615737,0.69764394,0.6866561,0.7914392,0.44907427,0.8798995,0
0.6211809,0.12380473,0.6178579,0.102741785,0.5943446,0.10825984,0.50426304,0.09478202,0.4657872,0.1072655,0.5132082,0.18109743,0.22718027,0.21679345,0.54156345,0.28775442,0.24897496,0.37516642,0.64629704,0.38148007,0.47434667,0.45816842,0.5805069,0.45535746,0.36322314,0.48358768,0.6300533,0.6302179,0.44350603,0.68601614,0.6862493,0.7809351,0.47390708,0.8759258,0
0.62790257,0.12119503,0.6219828,0.100657605,0.59880775,0.10620127,0.50247926,0.095625736,0.46405107,0.108168885,0.51489395,0.18088272,0.22844571,0.21633014,0.54985815,0.28318357,0.23871101,0.3745328,0.65808064,0.36750525,0.4692166,0.45842797,0.5837401,0.45662382,0.36671224,0.48449627,0.6297926,0.63213015,0.4468328,0.68653995,0.688831,0.78134346,0.4719216,0.87542194,0
0.612061,0.115508035,0.59548813,0.0951015,0.5855076,0.10196409,0.4479287,0.09389705,0.4544242,0.11063619,0.5031728,0.1719991,0.21567577,0.23238918,0.6050938,0.2329257,0.19917402,0.41319725,0.70298475,0.28810424,0.33674622,0.58583266,0.5884652,0.46896455,0.37953162,0.505181,0.6240786,0.63320583,0.4258641,0.6997117,0.6988602,0.78915924,0.47702092,0.87891793,0
0.6290277,0.12733279,0.6364005,0.10993467,0.59468794,0.11307297,0.51843834,0.10590296,0.41125235,0.11279516,0.49705923,0.19911198,0.19164784,0.22937407,0.58255047,0.3387868,0.17172958,0.42096013,0.6768812,0.4291645,0.28420025,0.60207075,0.61300665,0.50243396,0.39499173,0.5344531,0.67514175,0.65457,0.4616812,0.73861724,0.71418977,0.7797091,0.51225376,0.9050305,0
0.1045967,0.12134619,0.112926826,0.10461611,0.09846544,0.105783604,0.24516036,0.08543467,0.30500045,0.08640189,0.4227704,0.15654306,0.50206125,0.13583845,0.49307638,0.30883032,0.49364495,0.22710703,0.42119744,0.45509312,0.289656,0.25793716,0.5659055,0.43765074,0.6192806,0.42951372,0.63484335,0.68031883,0.6753449,0.66853136,0.85073996,0.8930067,0.83427846,0.8672708,0
0.11331517,0.12299716,0.114935525,0.10347363,0.09285618,0.105421945,0.24996544,0.07758834,0.2994865,0.08190215,0.45653868,0.14448163,0.4978508,0.13479961,0.49893284,0.28376502,0.5105361,0.2707493,0.3511092,0.37908387,0.38190085,0.38053665,0.5537293,0.43471268,0.57564884,0.428841,0.6081102,0.66905946,0.6504226,0.6653778,0.8430444,0.8920717,0.8374241,0.87363076,0
0.08819225,0.124898575,0.10284896,0.10512833,0.071754046,0.10763449,0.25344786,0.0810317,0.266321,0.08635482,0.4253516,0.1508718,0.48083726,0.14687489,0.48328197,0.29279166,0.5251489,0.28771725,0.37425423,0.4313696,0.3668797,0.4104197,0.55078405,0.43060598,0.5872352,0.42657697,0.6108261,0.6731519,0.6688121,0.66452754,0.8550193,0.8929716,0.8266861,0.8764633,0
0.077018484,0.12463988,0.09355099,0.104762405,0.06166156,0.10749106,0.24704608,0.08004636,0.24716082,0.08656015,0.43024874,0.14929652,0.44900554,0.14870468,0.47335407,0.28207603,0.4892467,0.28915855,0.30981502,0.37797934,0.32262433,0.39988318,0.5264485,0.43499357,0.5369973,0.43140954,0.6002117,0.677008,0.6466173,0.6696957,0.85231405,0.8904966,0.82294106,0.8749978,0
0.09231201,0.122839965,0.10616643,0.10317688,0.078934416,0.105866335,0.2511776,0.0784347,0.26586938,0.08479809,0.42656776,0.14811663,0.46411258,0.14738193,0.4760988,0.28792977,0.50557315,0.29123217,0.35850996,0.41811103,0.33845565,0.41332164,0.52957726,0.4335863,0.5510292,0.430177,0.5957569,0.67633003,0.63316786,0.66742015,0.8544184,0.8931962,0.80959946,0.8747576,0
0.12213443,0.12311144,0.12438857,0.10347528,0.099728264,0.10837413,0.25700092,0.080890395,0.27697983,0.09084758,0.4596682,0.15025505,0.4569093,0.1461558,0.5015156,0.28103265,0.4649793,0.27396038,0.33514968,0.3717181,0.31787297,0.37206894,0.5432286,0.4360769,0.52925736,0.43063337,0.60205066,0.6662902,0.57436323,0.65534407,0.8495809,0.8833682,0.762067,0.86138463,0
0.10820419,0.12704667,0.10665381,0.105419114,0.08750059,0.11023762,0.23266666,0.079077296,0.27801004,0.09009666,0.45299056,0.1468505,0.48454487,0.14581804,0.4903923,0.28221384,0.48657018,0.27829528,0.3246149,0.3704813,0.30909598,0.36605304,0.54148746,0.43251112,0.553321,0.4287232,0.5602257,0.6650079,0.6237219,0.6604488,0.8356738,0.890341,0.79132575,0.88048846,0
0.1211026,0.12403417,0.12234644,0.10383739,0.09451285,0.10718655,0.25211567,0.07789118,0.2773893,0.08597905,0.45421857,0.14320362,0.46452138,0.1402029,0.46623525,0.27812618,0.4518771,0.27814656,0.35300907,0.38898656,0.34567374,0.4017597,0.5696748,0.42721605,0.5706853,0.42428386,0.6131568,0.6594496,0.63008213,0.65681976,0.82029396,0.88697666,0.80998355,0.8688023,0
0.1056209,0.122276664,0.10123625,0.10508246,0.09904178,0.1066235,0.20015365,0.08688087,0.3073453,0.08870544,0.40629637,0.14995974,0.46789795,0.13900071,0.46114072,0.28110766,0.47945428,0.26647252,0.3104552,0.37230486,0.32486615,0.36029607,0.5238224,0.4280464,0.5593653,0.42283782,0.58111507,0.66026676,0.6246774,0.6604914,0.8024413,0.8905005,0.80016947,0.8766022,0
0.10332835,0.12355518,0.11126127,0.105230615,0.09406962,0.10748491,0.23062623,0.083888434,0.27947652,0.08817134,0.40160787,0.15709457,0.44916084,0.15061836,0.4903638,0.31007922,0.50203866,0.29913765,0.45190847,0.4876161,0.38360956,0.45444638,0.5038957,0.4447962,0.53663206,0.4406725,0.5917037,0.6865749,0.64639795,0.6803053,0.8440879,0.8969959,0.8375478,0.88476217,0
0.10400338,0.12593731,0.11602533,0.103466414,0.07824349,0.105677605,0.24520685,0.06964788,0.248329,0.074634306,0.3928693,0.14341426,0.44342047,0.13307285,0.48412445,0.2945706,0.52851903,0.27335376,0.485572,0.48420355,0.43564832,0.4454111,0.50298,0.42987108,0.5401459,0.42501602,0.5863997,0.67696184,0.64689606,0.66977537,0.8347637,0.89934033,0.8370706,0.89134526,0
0.104149245,0.12605366,0.115254655,0.10343599,0.07853729,0.10574693,0.24523288,0.06930084,0.2516533,0.07451262,0.39451468,0.14369078,0.44638094,0.1333929,0.48455784,0.2968753,0.5283677,0.27648237,0.48513854,0.48591962,0.43782547,0.45014796,0.50079507,0.42968652,0.53998035,0.42478055,0.58404255,0.67577064,0.6482329,0.6689713,0.8366635,0.8990865,0.8440319,0.8916013,0
0.098183416,0.13073592,0.11286637,0.110198826,0.07191644,0.11049516,0.23740403,0.07901487,0.24359801,0.07929125,0.396892,0.15540437,0.48406503,0.12241683,0.49084112,0.2994013,0.56150085,0.18016133,0.4672119,0.47418326,0.45423508,0.26308548,0.5097061,0.43881395,0.5596005,0.42808703,0.5873504,0.67969495,0.6403918,0.67191654,0.86172044,0.899727,0.83794034,0.89378965,0
0.10969907,0.13210508,0.11686742,0.113969736,0.09812568,0.11192052,0.2549175,0.083872125,0.31194687,0.07898504,0.40500066,0.15456466,0.53332394,0.10982208,0.44205466,0.29068956,0.50797695,0.12355438,0.3346083,0.43595245,0.36181945,0.10409612,0.51730996,0.43191436,0.59704643,0.41771573,0.58596927,0.66867286,0.6308412,0.65835226,0.8405551,0.8992111,0.8375884,0.8833958,0
0.11588372,0.13275431,0.12492188,0.11475125,0.108418055,0.11200321,0.2581585,0.089163594,0.31913918,0.08199826,0.41742715,0.1682089,0.5359145,0.1185904,0.46057326,0.3172783,0.53569895,0.133525,0.4104248,0.48302475,0.4216166,0.10042766,0.5162393,0.44847932,0.5839634,0.4331128,0.58898455,0.6799882,0.62099725,0.6707685,0.86774516,0.90050423,0.8468341,0.8828579,0
0.11710238,0.13070542,0.114889525,0.113901764,0.12227972,0.110517815,0.20746158,0.091703705,0.34659314,0.08198752,0.38309184,0.17078307,0.53038484,0.12203448,0.42983153,0.3069662,0.52612114,0.12438398,0.31394562,0.45225787,0.39872137,0.08121429,0.51754737,0.4511515,0.6043004,0.4378417,0.6351103,0.69120866,0.6717562,0.69133073,0.85280204,0.90856516,0.84342647,0.8903619,0
0.09437273,0.13805738,0.106939375,0.11778054,0.08698587,0.115510605,0.24025883,0.09382248,0.2959812,0.085907646,0.39371657,0.19003768,0.53246874,0.12726147,0.4717234,0.34177038,0.6020847,0.112560794,0.4259768,0.50988334,0.5663495,0.11066361,0.5138643,0.46499053,0.58421683,0.4451973,0.60111845,0.7104415,0.6377047,0.6970328,0.836949,0.9137618,0.8319625,0.896353,0
0.10345339,0.13167787,0.108262174,0.11291664,0.115066975,0.11098194,0.22634777,0.093987465,0.3327192,0.08681648,0.37770903,0.19077973,0.52321285,0.13425334,0.44334057,0.32150447,0.55830973,0.089207225,0.42205438,0.50515413,0.51704925,0.028377773,0.48837772,0.4552817,0.5728808,0.4383248,0.587145,0.68387365,0.61547434,0.6731799,0.8295488,0.9202681,0.83868647,0.89532554,0
0.11048518,0.13542478,0.10342383,0.114901364,0.10156791,0.11590897,0.19815373,0.087306835,0.32187608,0.0881919,0.38775703,0.1671026,0.50580716,0.1440805,0.45582423,0.3259311,0.5185535,0.27352163,0.4403721,0.50905263,0.4484968,0.45874673,0.5080773,0.47556952,0.578748,0.4658632,0.6346613,0.72257245,0.65756047,0.71181995,0.88657683,0.91652286,0.8300753,0.8961983,0
0.088457234,0.13448091,0.09463212,0.11429252,0.08161317,0.113638945,0.21743882,0.0896111,0.2906664,0.08678274,0.38359347,0.17083454,0.49635345,0.13466156,0.4392873,0.3148762,0.5030963,0.18871738,0.41697395,0.49387816,0.40588126,0.25997123,0.49995515,0.45800018,0.5615603,0.44612104,0.60867196,0.7095523,0.6374617,0.6985937,0.87074465,0.9172103,0.8309239,0.9011199,0
0.10857138,0.13425966,0.11211352,0.115781255,0.118555754,0.11291894,0.22129871,0.09852712,0.33844453,0.08897269,0.38874617,0.19580717,0.51327205,0.13759708,0.4701084,0.33112517,0.5680717,0.10324735,0.45355546,0.50687695,0.54674447,0.041663073,0.49643183,0.46413377,0.564047,0.4473956,0.60838914,0.67892647,0.6171555,0.67369133,0.8356622,0.9140229,0.8371583,0.8921868,0
0.110064596,0.13672957,0.1189826,0.11884889,0.11654882,0.115505934,0.25654942,0.098587506,0.33778688,0.089611985,0.3966219,0.18376836,0.50182307,0.1336534,0.3957992,0.30304727,0.4994958,0.11381584,0.27273035,0.39207423,0.47626686,0.044125125,0.50251865,0.45108473,0.558139,0.4361647,0.5866591,0.6888627,0.6190264,0.6779975,0.8313827,0.9219559,0.8228342,0.89811265,0
0.11572294,0.13995418,0.119736396,0.122693986,0.12645058,0.11962997,0.23612954,0.104908444,0.34683326,0.0957282,0.39149746,0.18792365,0.50845504,0.13510169,0.43149608,0.29704735,0.55059344,0.09526681,0.27156875,0.38096267,0.5110001,0.02804141,0.49410233,0.4529627,0.55188024,0.4378593,0.6007101,0.68368125,0.61974305,0.6791809,0.83018386,0.9173232,0.82056755,0.89704853,0
0.11268851,0.13953422,0.116941914,0.122173406,0.11959619,0.119524576,0.23844571,0.1033654,0.34076488,0.09527833,0.3932358,0.18596815,0.51226115,0.1345946,0.41505277,0.29880786,0.51502204,0.10247509,0.26450473,0.37744045,0.45689103,0.035797168,0.49221036,0.45371816,0.554005,0.43896773,0.60907847,0.6863401,0.627338,0.6823462,0.83435804,0.9177067,0.82499564,0.8968609,0
0.099004455,0.14976756,0.1107408,0.1302146,0.09313483,0.12815312,0.25357,0.10468125,0.29546523,0.09973936,0.40210143,0.18577948,0.492428,0.14299487,0.42275652,0.32874206,0.48048732,0.16819243,0.3523238,0.47719422,0.39319625,0.15889998,0.49038368,0.4630858,0.5387519,0.44891113,0.57068264,0.6949389,0.60520834,0.6796184,0.8457749,0.9131603,0.8148232,0.88910234,0
0.11628386,0.15786299,0.11985164,0.13861181,0.10921252,0.13690369,0.24312639,0.1086308,0.3166437,0.10488091,0.39691433,0.18265553,0.516592,0.14071144,0.40751487,0.30766898,0.50873893,0.14849848,0.23878956,0.39532325,0.36233404,0.11593618,0.49526262,0.4544521,0.56185544,0.43997002,0.56457794,0.68641466,0.6128101,0.6726179,0.83691686,0.91403687,0.8006404,0.8855367,0
0.12960972,0.15834042,0.13390753,0.14187391,0.13439886,0.13907346,0.22341587,0.12535399,0.3350819,0.115806244,0.38580373,0.20801535,0.50996065,0.1468074,0.45612553,0.34249443,0.52077895,0.11502728,0.4579288,0.5254603,0.44063136,0.10626893,0.50062466,0.4725939,0.56222254,0.4535754,0.5933059,0.6978773,0.5934512,0.68656355,0.8513073,0.9174408,0.7631515,0.890496,0
0.13992314,0.16566737,0.150901,0.14845686,0.13180768,0.14644304,0.26524216,0.12647974,0.31360212,0.120602176,0.4131368,0.20138617,0.5093117,0.15184048,0.45793468,0.33923623,0.513774,0.14809342,0.44493663,0.5271387,0.43805745,0.14522476,0.51496077,0.47643054,0.56363034,0.46116918,0.59882015,0.70158195,0.61486566,0.6898275,0.86063945,0.91481227,0.7917267,0.8908122,0
0.13570313,0.16475542,0.14823845,0.14662224,0.122733414,0.14497738,0.2784619,0.12111597,0.30155993,0.117205374,0.42885005,0.19394597,0.5096252,0.15114832,0.47859746,0.3283532,0.5140496,0.16268222,0.36520112,0.4359897,0.363409,0.13038035,0.52608174,0.46857083,0.5663318,0.4545438,0.594706,0.69739026,0.6249998,0.6826132,0.86763483,0.9124799,0.79840165,0.8860814,0
0.13193284,0.1644709,0.14608045,0.14651017,0.12156929,0.14449582,0.2792864,0.12288008,0.3024981,0.11778464,0.4296365,0.19740605,0.50935936,0.15119378,0.47215757,0.32840452,0.5065713,0.14818905,0.3452449,0.43619093,0.36884496,0.10407886,0.5246056,0.47021425,0.5630214,0.4554314,0.5980816,0.699448,0.62257814,0.6850058,0.8649461,0.9122974,0.790824,0.8870473,0
0.111601785,0.16083089,0.124026656,0.1433575,0.10737028,0.13967828,0.25313905,0.12147169,0.3138639,0.11149585,0.41290537,0.20452495,0.51548165,0.14909215,0.46375972,0.35571352,0.51138574,0.16210073,0.453213,0.52507734,0.41558644,0.15900731,0.52352,0.48120722,0.5758845,0.46318287,0.6172207,0.71103764,0.6204273,0.6939254,0.87992615,0.9247173,0.7996586,0.8962264,0
0.10833247,0.16346073,0.11174865,0.14483805,0.09717745,0.14266306,0.24232864,0.115581416,0.31913778,0.11032939,0.41400045,0.19016306,0.51387393,0.1567883,0.46493933,0.3535094,0.51065236,0.27609926,0.44210073,0.53311825,0.42302456,0.43073717,0.5343855,0.47597405,0.5949392,0.46218845,0.60977226,0.70757014,0.63448894,0.68998295,0.86704046,0.9235741,0.8069821,0.8935272,0
0.098873876,0.15990947,0.10524429,0.14240487,0.09757501,0.13986735,0.22799283,0.12010405,0.30757192,0.11296382,0.4159463,0.19753958,0.49743557,0.15478668,0.49138612,0.35235086,0.5115629,0.20954295,0.45455435,0.5208851,0.39106816,0.23467328,0.51755375,0.47333288,0.56177646,0.45795047,0.60562325,0.7037096,0.6242242,0.68674994,0.8746322,0.92776,0.8179619,0.8962469,0
0.108418465,0.16298077,0.119781695,0.14583635,0.109476656,0.1414626,0.25310156,0.1254466,0.32725,0.113157846,0.4152149,0.21156897,0.523619,0.1480064,0.46776238,0.35899535,0.54403436,0.13811822,0.44572172,0.52552444,0.502725,0.12095156,0.52602506,0.48101866,0.58060634,0.46034855,0.60899353,0.7110672,0.6138538,0.69369835,0.87083536,0.9349628,0.80451334,0.90406305,0
0.112422444,0.16070735,0.11981242,0.14307518,0.10756998,0.14057747,0.24158601,0.11975864,0.3134888,0.112495154,0.41427997,0.19842975,0.50623226,0.15232262,0.47385243,0.35477844,0.5288419,0.20237061,0.460018,0.52576035,0.4515791,0.24173546,0.52939326,0.4739475,0.57823586,0.45781144,0.6072065,0.7054693,0.6256755,0.68844587,0.8560236,0.9247777,0.7961094,0.89358884,0
0.108526796,0.15862115,0.115087025,0.1393362,0.09749319,0.13840187,0.2530853,0.11287715,0.3087208,0.11033382,0.42109656,0.18969782,0.5067903,0.16850054,0.47010797,0.3607767,0.509262,0.32790324,0.47277802,0.5343029,0.44262835,0.50096774,0.5468946,0.47175375,0.59898335,0.4618791,0.6080047,0.7072915,0.63664985,0.69174474,0.8606936,0.92472655,0.7924473,0.8968071,0
0.11486925,0.16785312,0.12496077,0.1508086,0.11467303,0.14695732,0.25583246,0.12678726,0.32419667,0.11664385,0.41305196,0.20543799,0.519812,0.14952062,0.46860996,0.3525943,0.54337335,0.14786056,0.44971302,0.53012383,0.4820425,0.112023644,0.5232651,0.4770214,0.5823034,0.4588528,0.5994436,0.7062612,0.62446904,0.68853945,0.87125504,0.9290025,0.82476604,0.8959271,0
0.11913717,0.16465168,0.120459594,0.1456459,0.107412,0.14395075,0.2454614,0.11415689,0.3239184,0.110523604,0.41749138,0.18874554,0.5093685,0.16081123,0.44926056,0.35264102,0.4982704,0.28954437,0.45751548,0.5275942,0.41721135,0.4318015,0.54710627,0.4770718,0.60343736,0.4651697,0.60559046,0.70275575,0.6298282,0.685636,0.8610843,0.918304,0.78453636,0.88883036,0
0.12372231,0.1598545,0.12684375,0.14037804,0.10821222,0.13951722,0.24655853,0.11051664,0.30861005,0.10832128,0.42435563,0.18795115,0.5126582,0.16155325,0.47133812,0.3583231,0.49312988,0.28752473,0.47241235,0.5343308,0.3411611,0.38056362,0.5501136,0.48362693,0.6045396,0.472446,0.63472056,0.71227986,0.6488197,0.6947775,0.87567854,0.9219951,0.7937002,0.89091563,0
0.12843655,0.15415077,0.12991306,0.13361068,0.10926227,0.13463658,0.25256643,0.10225845,0.3028188,0.10491157,0.43479154,0.17827979,0.51101476,0.16234775,0.46388128,0.34994006,0.48939353,0.3186309,0.45887908,0.5281071,0.35392803,0.4655858,0.5490729,0.47324947,0.59763473,0.4644069,0.60629314,0.69728416,0.63185984,0.6802175,0.857717,0.9126795,0.7764963,0.8847937,0
0.14729936,0.15565076,0.13278115,0.13675804,0.13900349,0.13982573,0.22443552,0.10792308,0.33666867,0.11210084,0.4122821,0.18494105,0.48709625,0.16824532,0.48850462,0.35411698,0.48429024,0.32151002,0.4538208,0.5287508,0.3450946,0.46907493,0.5438415,0.4680514,0.5917957,0.45777303,0.6024128,0.6923199,0.6117851,0.67294735,0.8355487,0.9030066,0.7858099,0.8678606,0
0.15928307,0.15669253,0.14432333,0.13788517,0.14995328,0.14085808,0.23187447,0.10807512,0.34344232,0.112273596,0.41288948,0.18440028,0.49160162,0.16802716,0.48153198,0.35141557,0.49453697,0.3220151,0.44331536,0.52515626,0.364491,0.47737876,0.5406602,0.46956438,0.5904952,0.45947972,0.60193795,0.6934959,0.6088853,0.67486095,0.837977,0.90305877,0.78538674,0.8698021,0
0.14942804,0.16791098,0.1353358,0.14863764,0.14267804,0.15150388,0.23175567,0.12073663,0.34417626,0.124882266,0.41722548,0.20188102,0.49700204,0.18709993,0.48810422,0.37402934,0.48122817,0.3409559,0.45523092,0.53546536,0.29469085,0.44979465,0.53489375,0.48899058,0.5828591,0.47932756,0.59593517,0.70554584,0.58350265,0.68760246,0.84094995,0.90415096,0.76838267,0.8724777,0
0.14134721,0.17511012,0.13217233,0.15740883,0.14160313,0.15579817,0.22188835,0.13208216,0.36933145,0.12773797,0.41207817,0.20354022,0.5361197,0.18483593,0.46755037,0.374663,0.6369905,0.3536788,0.4535146,0.5441739,0.7037726,0.5404473,0.5509111,0.49700266,0.6184051,0.48795274,0.6189428,0.7074495,0.6088435,0.6932805,0.87083566,0.91783065,0.7606824,0.8776705,0
0.14539135,0.1437512,0.13850288,0.12391851,0.13717265,0.12646508,0.24185367,0.099906825,0.3324058,0.102582976,0.40030593,0.18550949,0.51175827,0.165751,0.45521286,0.35098335,0.48683217,0.30332705,0.38074353,0.4843973,0.25949636,0.38814804,0.5490169,0.46174908,0.61697245,0.45024404,0.6042319,0.6812995,0.60934037,0.6575103,0.84581614,0.89860684,0.78496134,0.8613636,0
0.12346057,0.14487475,0.120480925,0.12443721,0.11189494,0.12687339,0.24729,0.09754129,0.31923476,0.10046919,0.41374302,0.18230876,0.49547458,0.16158168,0.46457666,0.355332,0.47411346,0.30567312,0.40150043,0.5116968,0.28791156,0.42502955,0.556541,0.46928674,0.6027967,0.45729598,0.6083294,0.6909984,0.59709746,0.66817683,0.8458918,0.90360105,0.74844515,0.8687431,0
0.1308459,0.14425126,0.1311773,0.12386683,0.119979724,0.12567726,0.24938205,0.10091946,0.31171894,0.101966575,0.3979864,0.1908042,0.48853034,0.16670363,0.46529096,0.367143,0.4446105,0.30051726,0.42468432,0.5338777,0.24919522,0.39478227,0.5602652,0.47209007,0.6128785,0.45976263,0.61598456,0.6953685,0.5903128,0.6713659,0.84368175,0.90791905,0.71808666,0.87203634,0
0.13252881,0.1430907,0.12761971,0.122842215,0.12106821,0.12508199,0.23729208,0.09745998,0.3224667,0.09908128,0.40638104,0.18719982,0.49735558,0.16070764,0.49344388,0.36882415,0.49522415,0.3082769,0.45317024,0.53966,0.35365433,0.46146828,0.55948484,0.475993,0.61610085,0.46250248,0.61990243,0.70078516,0.61744887,0.6793499,0.8478489,0.9090723,0.7777784,0.8754584,0
0.116838716,0.13735051,0.11885495,0.116543286,0.10283857,0.11884269,0.25279036,0.09377331,0.31476066,0.095507525,0.41194263,0.18787913,0.492741,0.16449186,0.48395127,0.37346032,0.47941837,0.32628256,0.43820763,0.5419942,0.371502,0.50122225,0.57149845,0.48958048,0.6205466,0.47714767,0.6344613,0.7052204,0.6279876,0.68478024,0.8305294,0.90692556,0.7744718,0.8714218,0
0.12491512,0.13918896,0.12198101,0.11839065,0.115329415,0.12109151,0.24944429,0.09460754,0.32763377,0.0974173,0.4151415,0.18450202,0.5011408,0.16332941,0.47917908,0.36212492,0.47212166,0.31264168,0.4245463,0.53092563,0.30531132,0.44885415,0.55665976,0.4752979,0.6111341,0.46413335,0.6223152,0.692024,0.628724,0.6740873,0.8390333,0.9006621,0.79923743,0.8736669,0
0.13475947,0.14360489,0.12400055,0.12349789,0.12942077,0.12563209,0.2308982,0.09688063,0.35440105,0.09830151,0.38772994,0.18457136,0.529463,0.16250011,0.43953857,0.35688367,0.5121529,0.31222883,0.35644788,0.51087874,0.32497033,0.4545029,0.5728676,0.47456032,0.662016,0.4626345,0.6323157,0.69245726,0.64060116,0.67099625,0.84305495,0.90345967,0.78792316,0.86782974,0
0.15015525,0.13867378,0.1359136,0.11926457,0.14973213,0.12088394,0.22496499,0.0956018,0.3715295,0.095114425,0.39321136,0.18728384,0.5278064,0.16196768,0.47049817,0.3668792,0.5160655,0.31526977,0.41645187,0.5316617,0.34665394,0.46042827,0.5566289,0.4802116,0.64228374,0.46697125,0.63774586,0.69569945,0.6329297,0.6743022,0.8375551,0.903007,0.7839822,0.86303556,0
0.13771297,0.14487962,0.12277824,0.12419403,0.13024683,0.12745129,0.22363101,0.096981145,0.35711804,0.1007968,0.40051112,0.18611345,0.53296006,0.16674559,0.46818793,0.36241958,0.5510104,0.32901868,0.4052095,0.53516096,0.4116947,0.5034647,0.5567725,0.48781234,0.63518983,0.4756218,0.6454092,0.71102256,0.62432057,0.68899095,0.84209627,0.90776116,0.7690412,0.8699614,0
0.13694295,0.14455006,0.122585945,0.124053665,0.13044205,0.12740588,0.2249468,0.098071195,0.35678497,0.1019849,0.40343502,0.18660969,0.5311009,0.16758208,0.46893317,0.36137766,0.5438391,0.32789958,0.39966857,0.5323455,0.39664134,0.4966457,0.5530838,0.48622665,0.6292065,0.47432262,0.6397745,0.70801044,0.6259428,0.6868417,0.842042,0.9062004,0.77674615,0.8705475,0
0.14488058,0.143189,0.12431105,0.122633226,0.14254192,0.126512,0.21132247,0.098455146,0.37566492,0.10277877,0.39412287,0.19063601,0.5609647,0.17391925,0.45935783,0.36706004,0.6402824,0.3478589,0.39643455,0.53824097,0.6145242,0.54199165,0.5633139,0.4907175,0.6564372,0.4794097,0.66117954,0.71301,0.629306,0.6932253,0.82987255,0.90980417,0.75721866,0.8726457,0
0.13407855,0.14182614,0.12173627,0.12114365,0.1296009,0.1245305,0.23026371,0.097437665,0.3593955,0.10107165,0.40049788,0.18744573,0.55299574,0.16843538,0.46495876,0.36305165,0.55371565,0.32544193,0.3944884,0.530752,0.35964632,0.46904802,0.55972636,0.4762673,0.6540444,0.46449643,0.6339338,0.6994666,0.6430152,0.6779893,0.8367928,0.9014107,0.7881849,0.8683761,0
0.15220565,0.14595619,0.13376568,0.12500568,0.14748098,0.12820278,0.2301066,0.09661956,0.38741753,0.09986883,0.39638138,0.18747187,0.5872848,0.16473784,0.44347653,0.36748785,0.5832717,0.32167038,0.35318962,0.5258248,0.37112448,0.46942145,0.58889836,0.48248464,0.7075803,0.46933,0.6769066,0.71136695,0.67811716,0.68715096,0.84873766,0.9160829,0.7927573,0.87649655,0
0.14977343,0.144116,0.13264054,0.123786926,0.14420849,0.12700759,0.2261185,0.09754863,0.3744311,0.10098474,0.40704396,0.18501008,0.559845,0.16506614,0.46151558,0.3595295,0.55922395,0.31975278,0.36986938,0.5177829,0.34454674,0.45387983,0.5948076,0.48054948,0.6877939,0.46871743,0.66998774,0.7139456,0.66288793,0.6908148,0.8621492,0.9231538,0.7938288,0.88634324,0
0.14556774,0.14023101,0.13283373,0.11960638,0.1399555,0.122109346,0.23775867,0.09647484,0.38288924,0.09779386,0.3935711,0.19026016,0.58287984,0.16612758,0.4425321,0.37272346,0.56959367,0.32877314,0.4158913,0.5346766,0.40151688,0.4887139,0.6144128,0.4885655,0.7311477,0.47638687,0.679702,0.7182828,0.6866086,0.6992199,0.86407596,0.92552346,0.82354707,0.8952796,0
0.14707775,0.14018519,0.13380419,0.119522385,0.14022227,0.122186586,0.23691541,0.09596591,0.38070217,0.09769521,0.39178658,0.18910179,0.5845769,0.16458777,0.44340542,0.37169293,0.5731648,0.32516295,0.417298,0.5362999,0.40146548,0.4852588,0.6158023,0.48590782,0.7356375,0.4736169,0.67811775,0.7139702,0.6909873,0.6946251,0.86357147,0.923304,0.8273825,0.8927502,0
0.14366367,0.14551485,0.12910202,0.12454527,0.13797644,0.12759845,0.23198605,0.1021627,0.38389808,0.10424018,0.38398096,0.19764532,0.61270016,0.1728778,0.43813458,0.37538865,0.59627867,0.32501298,0.3904508,0.5347364,0.35649323,0.46318033,0.5870879,0.49281058,0.73142695,0.4797079,0.6807357,0.7198903,0.7029354,0.69921094,0.85032797,0.91900444,0.8412019,0.88673997,0
0.14566627,0.14295195,0.13262087,0.12244545,0.14431708,0.12428078,0.23633006,0.1035008,0.3932037,0.10240491,0.38938445,0.20271121,0.59870034,0.17777815,0.42827135,0.3773189,0.61358476,0.34225416,0.40381134,0.52738696,0.44620475,0.51125383,0.5973177,0.49174032,0.7231297,0.47896436,0.6635498,0.71029335,0.6784507,0.6934975,0.8488754,0.91939986,0.8291618,0.8911218,0
0.13537817,0.14097972,0.12285191,0.120336115,0.13165501,0.12301316,0.21995254,0.09970551,0.35981992,0.10071092,0.36654687,0.19635871,0.57284653,0.17311266,0.39523637,0.3713597,0.6117252,0.335742,0.34770894,0.52789015,0.39927915,0.50863826,0.5729091,0.48836604,0.68571484,0.47502917,0.64631754,0.7150639,0.6113967,0.6951436,0.8476248,0.91050446,0.74906707,0.88210064,0
0.12253924,0.13967371,0.105103455,0.11915454,0.11593123,0.123487845,0.20301802,0.09994183,0.3446794,0.10412278,0.40989938,0.19543858,0.5240211,0.17452197,0.436572,0.37657347,0.50881314,0.34429747,0.34334335,0.5304497,0.33384332,0.5101141,0.5760346,0.49048796,0.6397515,0.47760645,0.6254655,0.708099,0.612267,0.69185126,0.79216427,0.9012205,0.7928906,0.8697678,0
0.12800525,0.13626587,0.10959932,0.11628824,0.12788542,0.119859725,0.19125588,0.09698582,0.3478291,0.09929299,0.36960357,0.19093157,0.5075865,0.16743018,0.39893842,0.36913586,0.48984936,0.32833365,0.3188439,0.5266546,0.3245975,0.49058086,0.54181165,0.48064154,0.6234716,0.46728292,0.59279424,0.699557,0.5940132,0.6818473,0.75034684,0.8991938,0.7737824,0.86132336,0
0.12545936,0.13450098,0.10931516,0.11439348,0.12626648,0.117660195,0.19701527,0.09635887,0.34975746,0.09781323,0.3672708,0.19259334,0.52381045,0.1671153,0.39615545,0.37064856,0.5114824,0.32209077,0.32050154,0.5268866,0.32607636,0.4711439,0.54244435,0.48083568,0.6352376,0.46686265,0.5924565,0.6993809,0.60485095,0.68144816,0.7572591,0.8972851,0.7860959,0.8611009,0
0.08905178,0.13315645,0.07573379,0.112856485,0.09980904,0.113023326,0.17006448,0.09542336,0.3560564,0.09368505,0.3166287,0.19023018,0.49256042,0.17416567,0.3465384,0.3650306,0.49043742,0.34944016,0.29000652,0.5286013,0.3255405,0.5106923,0.50337714,0.48780507,0.62036675,0.47725046,0.53396344,0.7101109,0.6160209,0.6829768,0.7264735,0.90562147,0.7533704,0.8615077,0
0.09470146,0.13486071,0.08333777,0.114642434,0.095562756,0.11820921,0.16887273,0.09630022,0.32265088,0.099481866,0.30291557,0.18727957,0.50415444,0.17340903,0.3332324,0.35495144,0.49730682,0.34202042,0.26884326,0.51367533,0.28594875,0.5031484,0.45832676,0.4827378,0.60104555,0.46922177,0.4939216,0.7094253,0.6604907,0.67629445,0.65692973,0.91782993,0.81866467,0.85352707,0
0.07943594,0.1312972,0.071796075,0.11223364,0.085336,0.11389025,0.16063045,0.0974667,0.32354546,0.095522545,0.28325206,0.19399357,0.5050329,0.1730657,0.29595524,0.3633031,0.5233942,0.33980897,0.25299716,0.5206268,0.2962925,0.50663537,0.44978124,0.4892584,0.6066649,0.4736111,0.4753858,0.7134013,0.6724923,0.68104285,0.63817453,0.91706127,0.8571851,0.85278803,0
0.08499853,0.13235359,0.07777283,0.11292843,0.08995935,0.11533632,0.17282358,0.09746013,0.33147672,0.09722128,0.2921619,0.19438715,0.520115,0.17396526,0.28240773,0.36503416,0.53350616,0.34069282,0.23262985,0.5200074,0.3279861,0.49948242,0.45945895,0.49546602,0.6194515,0.4792834,0.49240616,0.72383755,0.6945135,0.6848222,0.63200635,0.9215923,0.85949177,0.8554951,0
0.09128301,0.124708936,0.08501312,0.10342287,0.09311415,0.106508255,0.1862321,0.08482599,0.3359534,0.08635235,0.3110736,0.18535365,0.5402336,0.16757421,0.32162404,0.36312947,0.5469068,0.3437795,0.22952934,0.5254129,0.2759257,0.51299304,0.45167217,0.4952356,0.6187335,0.47895736,0.47961804,0.7231514,0.7023963,0.6859489,0.61694396,0.92465156,0.85202146,0.86072725,0
0.09046421,0.12672786,0.08235906,0.10557594,0.09270281,0.10873742,0.18158425,0.0869307,0.34238377,0.088182636,0.3033318,0.18702449,0.558941,0.16731048,0.3138523,0.3652912,0.5739608,0.34364215,0.22188397,0.5400616,0.29259244,0.5207478,0.45695305,0.4960125,0.638898,0.4781072,0.48226094,0.7306295,0.7048366,0.686781,0.6157173,0.9262479,0.8511475,0.85866374,0
0.085633844,0.12747964,0.07578305,0.10701628,0.09595273,0.107372716,0.18059492,0.08958345,0.3751473,0.08687015,0.2989197,0.18899588,0.57302755,0.16606402,0.30697733,0.36687273,0.5953919,0.33644137,0.2473528,0.5244112,0.3348667,0.4883451,0.46576485,0.49510878,0.6608807,0.4809036,0.4600532,0.7201634,0.7078768,0.68944407,0.6309845,0.91937506,0.8249838,0.8800788,0
0.08270279,0.12853675,0.07081248,0.1074122,0.097058676,0.10946999,0.15687722,0.08791399,0.36681634,0.08682819,0.26582104,0.18924522,0.59195346,0.16843662,0.26939663,0.36595103,0.59177613,0.33295095,0.19768961,0.51844525,0.27377304,0.47756076,0.43577263,0.5020127,0.6701855,0.48539227,0.46315056,0.7313763,0.7288051,0.69491124,0.58941525,0.932322,0.8585455,0.86813766,0
0.07610526,0.12231108,0.068353325,0.10066986,0.09012897,0.10328088,0.168147,0.08375235,0.36984897,0.083594516,0.2650559,0.19004947,0.6298259,0.17272034,0.27093303,0.3693247,0.7527858,0.34618935,0.20734882,0.5265112,0.57726735,0.5129564,0.43591607,0.50140524,0.68518573,0.4872619,0.46731657,0.7283722,0.7291838,0.7003853,0.5772702,0.9305725,0.85254407,0.87325937,0
0.077846006,0.11996499,0.07428978,0.09837065,0.0918676,0.10016556,0.18799429,0.08098526,0.38755694,0.07894268,0.25328034,0.18845215,0.65494174,0.16831876,0.21334732,0.36950803,0.75220764,0.34184903,0.18545666,0.52071464,0.57601786,0.500654,0.44331396,0.49573368,0.7169357,0.48043987,0.45338374,0.72544855,0.74333864,0.6937289,0.5631168,0.92938745,0.851284,0.86824334,0
0.0683931,0.12207632,0.05984602,0.10122995,0.09156621,0.102391526,0.16419806,0.08607588,0.41075224,0.0824842,0.2336439,0.194366,0.66941756,0.17345773,0.19226958,0.36982915,0.7089879,0.34011593,0.16437228,0.5137738,0.44555533,0.4922252,0.4339715,0.49616396,0.73806983,0.48157373,0.43452916,0.71826875,0.7579362,0.6937673,0.53809994,0.92348784,0.8650612,0.87160474,0
0.06614393,0.123948865,0.058360483,0.10291357,0.08856466,0.10396204,0.16583005,0.08700996,0.40885624,0.08325215,0.23569956,0.1951634,0.6706113,0.17401777,0.19735357,0.37095767,0.71847475,0.34189653,0.1680067,0.5152102,0.4669879,0.49518207,0.4361822,0.49930686,0.7394853,0.48470315,0.4367771,0.7213877,0.76018673,0.6966504,0.5390731,0.92428315,0.8662206,0.87422335,0
0.09296668,0.11354061,0.08345142,0.095341735,0.12109506,0.09716945,0.1707897,0.08898363,0.42278433,0.08639059,0.23109545,0.194911,0.66265607,0.17920533,0.16466694,0.36481848,0.70286554,0.34164843,0.15461694,0.50079775,0.40334877,0.48324203,0.4445777,0.49678624,0.7367485,0.48494902,0.45910385,0.7172677,0.7502523,0.6981255,0.5507701,0.9247584,0.83145696,0.87182117,0
0.1063406,0.11241173,0.092787966,0.09400515,0.136118,0.09620146,0.16971588,0.08695688,0.44464767,0.08530902,0.23539521,0.1932712,0.6885138,0.18035659,0.17931792,0.36702156,0.7437526,0.34701386,0.15184383,0.50950116,0.44139138,0.49109474,0.4529204,0.49512312,0.7662991,0.48449585,0.44748503,0.7105697,0.77300113,0.6954708,0.5248659,0.9228659,0.84628147,0.87063426,0
0.11846105,0.10204105,0.106301665,0.08623986,0.15136932,0.08811307,0.16354895,0.08866815,0.44035986,0.08558373,0.22067222,0.2000164,0.70301974,0.186203,0.16675365,0.3732523,0.85945237,0.34198684,0.1446879,0.51028866,0.73841286,0.45177183,0.45061612,0.49665692,0.77312267,0.48695716,0.45524144,0.7069364,0.7679196,0.69358796,0.5327091,0.91973305,0.8449501,0.8689106,0
0.13883094,0.11844637,0.12436498,0.10128807,0.16945055,0.09978859,0.15622401,0.094311945,0.4437787,0.08258638,0.24192284,0.20063081,0.70611864,0.17136607,0.19140142,0.36150464,0.869494,0.32234997,0.14795153,0.49546427,0.6507654,0.46426782,0.46952313,0.4875033,0.7604716,0.47502464,0.52537644,0.68657947,0.66091704,0.69356,0.5746715,0.8880001,0.73666996,0.8795009,0
0.15795349,0.110767014,0.14691989,0.09440601,0.20117772,0.092980534,0.18276125,0.093945935,0.49803153,0.08125167,0.22681023,0.2033433,0.76836336,0.17284231,0.16303973,0.363934,0.9334623,0.3210876,0.1555448,0.50783455,0.8081632,0.46046087,0.4466613,0.4884921,0.8065197,0.4749769,0.4482916,0.68515134,0.737547,0.6898121,0.4689651,0.8928379,0.831332,0.8772791,0
0.15433614,0.10957878,0.15049623,0.09229503,0.19223662,0.09136267,0.21505398,0.09123283,0.49236244,0.079978086,0.24749325,0.20107122,0.7655479,0.17274313,0.16592352,0.36268446,0.91838974,0.32408136,0.15204525,0.5045123,0.7783254,0.46353734,0.46061456,0.48889765,0.80222267,0.47638994,0.45025787,0.68608326,0.7344461,0.6913468,0.47536033,0.8910446,0.8251457,0.87911475,0
0.15874155,0.11659753,0.14868197,0.09875031,0.20472635,0.09794855,0.2084235,0.09665408,0.51241434,0.08590097,0.2225832,0.2048225,0.76204985,0.17642884,0.14466469,0.37088713,0.9159105,0.3276046,0.12074147,0.5129403,0.8104459,0.46370932,0.4486339,0.4958418,0.803522,0.4838144,0.44399977,0.6989556,0.73938817,0.70184356,0.4758216,0.90296143,0.80198276,0.88516504,0
0.18606417,0.117313825,0.17479841,0.09816499,0.22283928,0.0991468,0.23211658,0.09144282,0.5243208,0.087230965,0.21152912,0.2014042,0.78355885,0.18576828,0.11896857,0.3730992,0.92706406,0.34395248,0.111193426,0.52945596,0.8477562,0.4694523,0.4065542,0.50311106,0.79251546,0.49415207,0.39724743,0.7138825,0.76615864,0.7050023,0.4864921,0.91776514,0.7847802,0.8979471,0
0.18885183,0.112226486,0.17456873,0.09422159,0.23140256,0.09585357,0.21913245,0.091732405,0.5296401,0.08918753,0.19204511,0.2043537,0.7878203,0.19220667,0.108406544,0.37289292,0.92411834,0.34925422,0.11395786,0.52856153,0.8457735,0.47046268,0.35821414,0.50846374,0.76388216,0.49964452,0.37530524,0.7200924,0.77361697,0.70831823,0.46738616,0.9264826,0.7948023,0.9008314,0
0.21303552,0.111234665,0.2068149,0.092366315,0.24921417,0.09308582,0.2764964,0.08670559,0.55085427,0.082861714,0.2353091,0.20056306,0.8085145,0.18754034,0.116251774,0.37265542,0.91072243,0.35341963,0.12555087,0.5252571,0.7416821,0.47851264,0.38539675,0.51414084,0.7733801,0.50600874,0.39758617,0.7313027,0.7678212,0.7214358,0.4912467,0.92348534,0.7965409,0.91175747,0
0.22600088,0.1143797,0.22036907,0.09450836,0.26744553,0.095032744,0.28697002,0.08789858,0.5658459,0.08404722,0.23263246,0.20656943,0.8110737,0.19404674,0.113277905,0.38050807,0.91376555,0.36223862,0.12669718,0.52242005,0.76060003,0.48409376,0.35532328,0.5212086,0.7493326,0.51303154,0.3921532,0.73358494,0.77206117,0.72148436,0.49843758,0.9316727,0.7979875,0.91766053,0
0.22886696,0.11400695,0.22342339,0.09443464,0.26916873,0.095053814,0.28462213,0.088639736,0.5575398,0.08503337,0.23039974,0.20712857,0.8020692,0.19467716,0.112748615,0.38007283,0.9122244,0.35850418,0.12629735,0.5230177,0.79251105,0.4762354,0.35314763,0.52175105,0.74267143,0.5137926,0.39285728,0.7340628,0.7721807,0.721995,0.49909043,0.932188,0.7961414,0.91781,0
0.22254205,0.11449632,0.21759169,0.094339184,0.26454508,0.0950861,0.29468566,0.088054754,0.57156634,0.08460574,0.23762055,0.2063539,0.82235605,0.19620696,0.11666419,0.37905157,0.90261203,0.36996698,0.1266558,0.5198187,0.7126864,0.48741874,0.38055414,0.5178247,0.77610517,0.5107165,0.41581985,0.7306362,0.77921283,0.71924305,0.52427936,0.9258814,0.7982242,0.9177488,0
0.23703198,0.11355229,0.22893168,0.09562811,0.27667096,0.09645505,0.27107987,0.092694804,0.54836667,0.08958626,0.21150382,0.20658407,0.79171073,0.19678879,0.1031648,0.3778784,0.8963968,0.3615135,0.11933021,0.5156229,0.80161583,0.4655112,0.34959847,0.51308024,0.7393098,0.5075417,0.4145898,0.71941733,0.76248467,0.7133706,0.5304171,0.9073904,0.7723955,0.90830487,0
0.24316166,0.11467199,0.24105367,0.095257424,0.2818404,0.09583993,0.3082502,0.08867188,0.5626439,0.085258484,0.23985739,0.20339121,0.80494285,0.19283609,0.11927015,0.37192425,0.90210503,0.35942617,0.12806784,0.50211644,0.7615482,0.47448784,0.36933628,0.5067813,0.74646145,0.50144476,0.43548933,0.7118824,0.77034324,0.7077325,0.5421653,0.89450747,0.77833825,0.9046339,0
0.25137895,0.11030226,0.24489488,0.08920341,0.29633212,0.0903861,0.29595888,0.08702703,0.5711297,0.08318043,0.23621026,0.20614207,0.7852965,0.192739,0.12923889,0.37079644,0.90845305,0.35657465,0.13936162,0.4936963,0.8276989,0.47149423,0.40559557,0.5000534,0.76260597,0.49462977,0.47840083,0.69634223,0.72616035,0.70300645,0.5636401,0.89040726,0.7644534,0.90153444,0
0.24579915,0.113558106,0.2433222,0.09262914,0.28747812,0.093081474,0.291388,0.087407775,0.5435762,0.082364604,0.23528136,0.20321566,0.7639268,0.18883991,0.12187882,0.36506757,0.8924997,0.34932074,0.14300488,0.4825833,0.8277735,0.46455914,0.40505472,0.49397525,0.73967475,0.4879251,0.52565736,0.6933195,0.6974179,0.6966182,0.60963273,0.89781684,0.7485289,0.89136475,0
0.24581979,0.11342757,0.24311492,0.09240923,0.28683716,0.0929307,0.2905702,0.087068364,0.5415275,0.082144216,0.23543173,0.20291138,0.7596244,0.18811898,0.12600735,0.36429417,0.8883524,0.34723648,0.14228287,0.47910097,0.8307825,0.4625641,0.40660742,0.49325928,0.73916906,0.4871954,0.5234024,0.6926038,0.69871986,0.696111,0.60617656,0.8963791,0.7486765,0.8912269,0
0.23071206,0.0985404,0.23333356,0.080152705,0.2826924,0.07960372,0.2794845,0.08666196,0.54367846,0.07768707,0.22214872,0.204818,0.7528687,0.18555698,0.10731147,0.36776996,0.8900897,0.34110707,0.14706881,0.48452017,0.86924034,0.45016536,0.41165316,0.4869953,0.7432887,0.48030636,0.5302524,0.68321955,0.69933087,0.68855387,0.6192656,0.88894296,0.7462053,0.8891613,0
0.22724381,0.10164544,0.2314939,0.082432844,0.27692932,0.08152332,0.29291478,0.08583341,0.54674965,0.07643895,0.2249912,0.2033877,0.7620655,0.18236643,0.10637161,0.3652099,0.8925332,0.33972892,0.14231639,0.4720731,0.8323718,0.4570428,0.42123073,0.48382056,0.75165915,0.4770079,0.54640937,0.6740542,0.69868225,0.6800822,0.6559981,0.8701937,0.75176656,0.876777,0
0.22388208,0.10133655,0.22641043,0.08188863,0.26731956,0.080880255,0.28662643,0.08357148,0.536807,0.07401285,0.23067082,0.19984584,0.76400465,0.17722,0.10658632,0.36594856,0.8905046,0.3359235,0.16880895,0.48142758,0.8176591,0.46003553,0.447438,0.48046094,0.7740474,0.471649,0.55891067,0.67694044,0.69215286,0.6752604,0.6776567,0.8870176,0.74310917,0.8717094,0
0.21945357,0.10171018,0.22245832,0.08257961,0.26570207,0.08147473,0.28435618,0.08397512,0.5350396,0.074389264,0.23001643,0.1988177,0.76769894,0.17731333,0.1070641,0.3615371,0.89583886,0.33174405,0.15083915,0.47329274,0.8572769,0.4566675,0.45200887,0.4776579,0.7783924,0.468466,0.57449293,0.68304867,0.68023235,0.6772989,0.6976073,0.89697915,0.7336417,0.8650606,0
0.21788998,0.1041858,0.22212696,0.08589049,0.26304078,0.08396683,0.28768626,0.08758784,0.53674227,0.07625599,0.2356046,0.19831263,0.7637395,0.17369229,0.11389507,0.36208656,0.8816,0.32903734,0.18222474,0.47982028,0.825621,0.46633404,0.46540505,0.47953779,0.7871391,0.4691879,0.5771363,0.6839064,0.7074469,0.6756541,0.70569044,0.89783615,0.7433693,0.86432767,0
0.21780163,0.104249865,0.2221054,0.085946366,0.26305014,0.08402939,0.2877383,0.08764925,0.53604746,0.07634978,0.23571862,0.19834967,0.7622337,0.17387637,0.11390705,0.36201888,0.88201666,0.3289173,0.18195814,0.47975677,0.83223534,0.4655165,0.46575704,0.4794211,0.7863963,0.46913174,0.57748085,0.6837906,0.7071918,0.6754244,0.7055341,0.8980432,0.7432729,0.8640282,0
0.2111303,0.100249246,0.21252036,0.08152319,0.2584852,0.08099518,0.27329803,0.084295705,0.525908,0.075795844,0.2279789,0.1963343,0.7509617,0.17785555,0.111237675,0.35438448,0.88824767,0.33094507,0.13364668,0.46232855,0.8580263,0.4514528,0.45820582,0.47211754,0.78112996,0.46425867,0.56277525,0.6689252,0.719542,0.66500634,0.70456004,0.88395125,0.77070546,0.8575132,0
0.22157007,0.10955315,0.21076414,0.09071279,0.2650616,0.09018574,0.2418839,0.08853145,0.5366341,0.08024073,0.24111822,0.19554794,0.74657094,0.17460752,0.123470455,0.3563078,0.8635777,0.3307603,0.16340137,0.47155115,0.8399689,0.46541733,0.46843016,0.4766764,0.788782,0.46751574,0.5446693,0.67597216,0.7475697,0.6735698,0.6769096,0.88577825,0.77708846,0.8667515,0
0.24748866,0.105350636,0.2416208,0.08811998,0.29144105,0.08802886,0.2598564,0.08813188,0.5339028,0.08105619,0.22175318,0.19473866,0.74962485,0.18056947,0.122042306,0.3478249,0.8785018,0.3379179,0.11400792,0.44759488,0.8747074,0.46220002,0.42878342,0.46760982,0.7749373,0.46149382,0.51624316,0.65776,0.75783885,0.6605169,0.61502457,0.86753076,0.78647095,0.85892457,0
0.2205249,0.10728143,0.21642847,0.09043443,0.2650892,0.09097243,0.25108257,0.09393316,0.5189617,0.087202795,0.22157119,0.2014107,0.73702633,0.18496561,0.12716015,0.3599385,0.85574126,0.34163436,0.15705043,0.46937877,0.87195,0.46726257,0.4352571,0.47897083,0.77564675,0.4713132,0.50427514,0.67099255,0.7835107,0.6693708,0.59215313,0.88421154,0.7876648,0.8692383,0
0.25450915,0.099872045,0.24449012,0.08401509,0.30420294,0.08370321,0.24393772,0.09203372,0.5432835,0.083844855,0.22883911,0.20677924,0.73475057,0.19108224,0.117378056,0.3669254,0.85347897,0.34808162,0.20924291,0.47477585,0.8692514,0.4626731,0.4405335,0.48660874,0.77432346,0.47769117,0.5142756,0.67777044,0.7890846,0.66939384,0.5989551,0.89285165,0.7853846,0.86122096,0
0.23644729,0.098783165,0.22924207,0.08185764,0.28739578,0.081940986,0.2527118,0.09036283,0.5483425,0.082546145,0.23393193,0.20386678,0.74667096,0.18669757,0.12641338,0.3649011,0.86021125,0.34298795,0.19477455,0.4718925,0.8636622,0.46388754,0.44667462,0.48785418,0.78480214,0.4781847,0.50879145,0.68433315,0.7984732,0.6734228,0.60039765,0.8962834,0.7770669,0.86014676,0
0.4625653,0.084699154,0.43106437,0.07048168,0.47321045,0.07175088,0.28163478,0.0809916,0.54586643,0.08047428,0.19324619,0.2066878,0.7211924,0.20021555,0.12284291,0.37718362,0.8639696,0.3618442,0.20632583,0.47282594,0.8621602,0.47261634,0.4014025,0.50097835,0.7587087,0.4956779,0.49778882,0.70654875,0.83215886,0.6867629,0.60947543,0.9172177,0.7718657,0.87039894,0
0.4555999,0.1125803,0.42515767,0.09993877,0.4750837,0.10028992,0.28885078,0.10577603,0.573538,0.103597976,0.19739696,0.21315995,0.72448367,0.20475498,0.13787659,0.37507743,0.8551699,0.35562477,0.22192585,0.4865759,0.8662138,0.47037157,0.40558365,0.4922331,0.7641186,0.48722902,0.49563283,0.6964873,0.8348343,0.67928654,0.57676214,0.9152035,0.7845622,0.87008697,0
0.5656453,0.08899054,0.53374636,0.07549414,0.5630172,0.07582197,0.32686344,0.08680019,0.55924994,0.08698197,0.20120196,0.20668383,0.6883515,0.20281611,0.14594467,0.37523365,0.8144676,0.36351112,0.19686005,0.47152317,0.82037884,0.47726735,0.3883224,0.49434167,0.7302617,0.49280253,0.46915165,0.70491594,0.8285578,0.69323397,0.5454381,0.91690004,0.8030495,0.8883828,0
0.5537093,0.08586216,0.5308263,0.07302218,0.55403346,0.07134042,0.31834695,0.08415766,0.53001565,0.08016248,0.16382167,0.20523444,0.6225305,0.19699593,0.11041411,0.37345636,0.74758494,0.35473737,0.2268902,0.46905297,0.7919502,0.46639416,0.32245746,0.48869365,0.64559275,0.4836237,0.42547148,0.6988929,0.789985,0.6687948,0.49688125,0.9093342,0.80089754,0.8495631,0
0.54709774,0.09002561,0.5253786,0.07639694,0.54632807,0.076184414,0.29717195,0.086341046,0.49947318,0.08662872,0.14447455,0.20201397,0.5673538,0.20325555,0.08158569,0.35908937,0.6733985,0.36223218,0.22213492,0.44332156,0.7171044,0.47592,0.28890362,0.49066964,0.5914787,0.48994178,0.3820573,0.7012994,0.7498807,0.67876863,0.43733558,0.90147644,0.8038139,0.8541681,0
0.5418727,0.091995575,0.5187249,0.07861456,0.5420785,0.07833466,0.2909465,0.08921718,0.5035973,0.08903456,0.14471588,0.20540813,0.5832694,0.20460719,0.07917955,0.36241773,0.69508725,0.36054417,0.1964637,0.4415113,0.72844505,0.46926734,0.28498322,0.48987576,0.5978718,0.48819864,0.3820298,0.6990892,0.75468695,0.67701733,0.4342804,0.90092146,0.80496776,0.85379857,0
0.55183285,0.086719796,0.53589904,0.07435054,0.5510054,0.07270904,0.33618802,0.08414001,0.50892,0.08151269,0.18398751,0.19584283,0.52554137,0.19385356,0.07622244,0.3512672,0.59160805,0.3535839,0.13925609,0.4383665,0.68153375,0.4820251,0.29385713,0.49248746,0.54654664,0.4899618,0.35291,0.7046472,0.6972892,0.68150306,0.3664497,0.8991249,0.7812553,0.84108317,0
0.5261469,0.08891468,0.5081987,0.07511883,0.52584064,0.07525139,0.28823197,0.08150259,0.47506192,0.082901716,0.14684305,0.19086725,0.51167625,0.19624285,0.094631456,0.34978276,0.6098937,0.36153284,0.2791259,0.4371628,0.681068,0.46810442,0.25609148,0.48881358,0.52969706,0.48867044,0.31629068,0.6885213,0.69001,0.66596204,0.30911025,0.8852429,0.8212514,0.8224957,0
0.53450274,0.085781574,0.51988494,0.07188058,0.525374,0.07268706,0.30967745,0.07952213,0.4568794,0.08305521,0.1716116,0.18793136,0.47479403,0.1967649,0.12493582,0.3346432,0.560015,0.35776526,0.28684103,0.4201053,0.6449474,0.4589441,0.25773972,0.4834995,0.4946394,0.4825717,0.29063448,0.6829452,0.6567484,0.65103734,0.27579212,0.87813914,0.81636155,0.8054792,0
0.07755082,0.12330604,0.09801307,0.10372596,0.06925758,0.106713876,0.2302764,0.08554507,0.20447858,0.090195805,0.39815915,0.18050171,0.31666696,0.17348404,0.45699614,0.3602579,0.28693235,0.32504198,0.36759254,0.5152451,0.109931394,0.40336758,0.41685933,0.48745346,0.38992596,0.47781432,0.41405252,0.71284,0.4879846,0.6930641,0.49750784,0.9100776,0.7438861,0.8555161,0
0.08284253,0.12383437,0.10737078,0.10353889,0.073594265,0.10694155,0.25039542,0.08662877,0.20144488,0.0915502,0.41472715,0.18490925,0.33255115,0.17799443,0.4973125,0.37295538,0.3178882,0.33650556,0.41852024,0.52043647,0.13484666,0.4014778,0.4653497,0.4941951,0.39324975,0.49203685,0.51262504,0.72230756,0.4078909,0.7208792,0.7913174,0.85692436,0.4984217,0.9093299,0
0.22253896,0.13004816,0.24872264,0.10902066,0.20052803,0.114017755,0.37575194,0.09083879,0.28271928,0.10117769,0.510935,0.18503629,0.39294502,0.18793523,0.5688485,0.3580074,0.34700713,0.33584887,0.52110153,0.5102825,0.12864818,0.40736672,0.5465734,0.48164776,0.46952692,0.48198965,0.5563528,0.70418066,0.507233,0.70364887,0.8226242,0.8579541,0.6183527,0.89350873,0
0.22498769,0.1306675,0.24760866,0.10914636,0.21072654,0.112820916,0.38129735,0.08798456,0.30439436,0.09765687,0.5540787,0.18593386,0.38720903,0.18463506,0.5982798,0.36118692,0.31619164,0.32368404,0.5643753,0.52201086,0.117467225,0.39805818,0.55607426,0.48760623,0.4693477,0.48021078,0.56180334,0.718647,0.58140737,0.6939591,0.6933424,0.9174865,0.7703925,0.86786443,0
0.22465812,0.12649006,0.25351757,0.10606856,0.20502406,0.11022186,0.39779928,0.08841791,0.2988331,0.09736657,0.56736565,0.18560661,0.3866911,0.18553446,0.63651854,0.35760814,0.3274929,0.32775193,0.6055658,0.5133791,0.08724873,0.4047882,0.5721988,0.49365032,0.4825048,0.48724642,0.56767803,0.71936816,0.58183205,0.70214134,0.7242168,0.91583806,0.8105043,0.874063,0
0.22488014,0.1263063,0.25218043,0.10558667,0.20659663,0.10953707,0.39659384,0.08685341,0.3090388,0.09525957,0.5621632,0.1855432,0.40068555,0.18383989,0.6336732,0.35987684,0.33345553,0.3258488,0.6035239,0.5144259,0.0870495,0.4013649,0.56776637,0.49519777,0.49032828,0.48813483,0.5671572,0.72056836,0.5864059,0.7019497,0.734048,0.91529715,0.80349475,0.87282455,0
0.2605735,0.11755924,0.2951332,0.09743519,0.24546988,0.100030944,0.44867405,0.08275919,0.32841745,0.089794256,0.62837166,0.17947547,0.40686417,0.17882171,0.6764137,0.34616625,0.34034744,0.31266132,0.64767694,0.50260085,0.12885188,0.39551526,0.622238,0.4757192,0.49373266,0.4706733,0.6159587,0.6965933,0.5867263,0.6827345,0.81719255,0.89547795,0.7776262,0.8593228,0
0.31910798,0.12195469,0.34250364,0.10145443,0.31064224,0.1030855,0.47472635,0.08835836,0.40068042,0.093758255,0.6733426,0.18636197,0.46682677,0.18361755,0.73365986,0.35698706,0.36706382,0.3127021,0.72271436,0.5040421,0.115040205,0.38178298,0.67914444,0.47590393,0.5522931,0.47004157,0.67008764,0.6834078,0.6238181,0.666002,0.8232469,0.86878484,0.7423547,0.82655203,0
0.3531364,0.119354784,0.37890968,0.09862166,0.3414794,0.100823596,0.52095103,0.0859644,0.4344377,0.0924347,0.722546,0.17928086,0.51644516,0.18182254,0.7845334,0.34080392,0.3970359,0.3109716,0.7813493,0.4851592,0.12839857,0.37091947,0.7577296,0.4656821,0.6313865,0.4634009,0.7400908,0.67738557,0.7157194,0.66493356,0.885974,0.88397783,0.82415533,0.85143644,0
0.33394623,0.119108476,0.36433285,0.09926925,0.32789996,0.10054974,0.53013134,0.089292906,0.44365194,0.09316139,0.73663455,0.18190059,0.5211272,0.18254839,0.79327744,0.3422605,0.39028123,0.3116663,0.81597173,0.48704177,0.120762594,0.36900827,0.78513145,0.46655205,0.6514819,0.46343145,0.770962,0.67489654,0.74231577,0.66122556,0.8574496,0.8927912,0.8366894,0.85078377,0
0.3743995,0.13016798,0.4021544,0.11005792,0.36010605,0.11249182,0.5568002,0.095570184,0.46029308,0.1018346,0.75049746,0.18687196,0.5182095,0.18838501,0.8114835,0.34798256,0.3858874,0.3169767,0.8091008,0.49156004,0.12683922,0.3767384,0.784865,0.47136742,0.6393984,0.46863264,0.775178,0.6889066,0.72344583,0.6714976,0.84625506,0.8967354,0.8087208,0.86171407,0
0.3736788,0.12746139,0.40309328,0.10781994,0.36344522,0.10998261,0.56132746,0.096035674,0.4664521,0.10135278,0.75528485,0.18718113,0.5208879,0.18869027,0.81333464,0.34603304,0.38519803,0.31662342,0.80912066,0.4892707,0.12037994,0.37586468,0.7831735,0.46832487,0.63653165,0.46589118,0.7789029,0.68391925,0.73291534,0.6677028,0.85391,0.8925594,0.8226794,0.8599916,0
0.34608874,0.12922814,0.36572438,0.10777337,0.3320046,0.11068454,0.5007652,0.09048519,0.42849946,0.09867468,0.7234402,0.18695506,0.5000083,0.18654218,0.7972419,0.35375935,0.37639177,0.31030357,0.77325135,0.49311924,0.12382028,0.3729486,0.7392196,0.46801078,0.6034931,0.46345988,0.7384706,0.6785123,0.7082548,0.6620778,0.8488055,0.8992407,0.7842263,0.85066223,0
0.33489254,0.12654978,0.35452145,0.10477965,0.3224845,0.108164646,0.49184537,0.08707862,0.41679278,0.09641776,0.69936246,0.18036948,0.4892932,0.18388207,0.7366092,0.3414696,0.36707044,0.30971587,0.7450249,0.4947619,0.1194786,0.3758702,0.703171,0.45340517,0.577392,0.45171696,0.70702493,0.6683365,0.69715214,0.6572886,0.8305889,0.8935597,0.78756833,0.8595152,0
0.32664597,0.12340761,0.34599978,0.10074311,0.3104983,0.10472181,0.47766218,0.08050747,0.39616615,0.09110084,0.6820365,0.17818025,0.48412544,0.18066874,0.74078476,0.347302,0.3755327,0.3080168,0.7344148,0.5060345,0.11033472,0.37277374,0.6838148,0.45570242,0.56759775,0.45232716,0.6949289,0.6757462,0.68721545,0.65954864,0.808848,0.89991343,0.79611784,0.8562776,0
0.3139008,0.1352367,0.3247642,0.112952046,0.30168858,0.116493896,0.4522247,0.08991575,0.41896203,0.09934616,0.6507143,0.18224171,0.5023402,0.18134189,0.704064,0.34706154,0.37674126,0.30645794,0.68225616,0.50365007,0.12893215,0.37174982,0.65468943,0.456032,0.5765415,0.451299,0.6684556,0.6685015,0.69906265,0.65237224,0.7888494,0.8935545,0.8242142,0.850611,0
0.30330056,0.1337527,0.30939686,0.112385154,0.29989755,0.11406572,0.42410165,0.08843155,0.4373983,0.09482088,0.62222815,0.18614997,0.50787735,0.17840232,0.646026,0.35941762,0.36410868,0.30656627,0.617513,0.51716465,0.1059635,0.36889118,0.6170674,0.46806976,0.5650906,0.4600151,0.64065117,0.6846381,0.6725204,0.6637848,0.7942315,0.9012815,0.82939905,0.8592109,0
0.3124568,0.13557482,0.3218449,0.11405483,0.30421177,0.11614454,0.44177714,0.08935314,0.42644715,0.096789934,0.6309758,0.18576427,0.5046453,0.17910746,0.6431253,0.35851055,0.36701822,0.30680367,0.62641114,0.5149572,0.10998342,0.36912596,0.63522303,0.46788204,0.57261974,0.46023238,0.65262425,0.68814665,0.6762887,0.66515666,0.79888576,0.89980775,0.81756324,0.8569129,0
0.35814878,0.11913476,0.373805,0.09806313,0.3483424,0.10068834,0.4804954,0.080966085,0.44855905,0.08784327,0.63444704,0.1771542,0.51926434,0.17561197,0.66438586,0.34791222,0.3922139,0.31084365,0.5923704,0.50880873,0.12717165,0.37257135,0.6361928,0.4685239,0.5778526,0.46263772,0.64550835,0.6857529,0.6858091,0.6633254,0.7660419,0.8920585,0.816912,0.8455412,0
0.33137932,0.11022725,0.3345612,0.09102053,0.3357597,0.093557216,0.4105971,0.08061266,0.4670502,0.08527117,0.6044641,0.17650208,0.50645185,0.17369136,0.6334755,0.34582648,0.36403292,0.30708945,0.53047824,0.5156205,0.08544151,0.38295925,0.6367744,0.46463275,0.5878743,0.45949668,0.63349754,0.67484987,0.6454167,0.66430414,0.7857675,0.88764536,0.8025164,0.85415876,0
0.38446382,0.11797669,0.4053459,0.09668646,0.36037338,0.10176496,0.5124789,0.0800457,0.42262778,0.092777394,0.6575093,0.16876641,0.531522,0.17441282,0.6280912,0.3353085,0.41257855,0.30561513,0.5186155,0.50420743,0.15045159,0.3733864,0.68653935,0.45825967,0.61182994,0.45645806,0.66379637,0.6762902,0.67347807,0.6616992,0.81114954,0.8898876,0.7956831,0.8632158,0
0.31627575,0.13757576,0.33057648,0.11811365,0.3228985,0.12048693,0.45944604,0.10291424,0.4655756,0.10943889,0.6409664,0.1911317,0.55163586,0.19196396,0.6048513,0.33725122,0.4255113,0.31090978,0.41998473,0.4487124,0.15895006,0.37011564,0.6683724,0.46355724,0.6217317,0.45959482,0.6676765,0.6693888,0.674855,0.6607897,0.80717564,0.8859739,0.8273222,0.860387,0
0.33833134,0.14857106,0.33510974,0.12619567,0.33515134,0.12906902,0.45507005,0.095211454,0.51269007,0.10394568,0.6180181,0.17495099,0.6176256,0.17514932,0.47897977,0.31173497,0.44817734,0.30924305,0.11136809,0.3811606,0.13387023,0.3779482,0.64265645,0.45540187,0.64067614,0.44333208,0.6323543,0.6836763,0.6387641,0.6386976,0.80949265,0.9023249,0.7266752,0.81530607,0
0.336347,0.14843461,0.3336633,0.12623678,0.33499253,0.12842366,0.4559448,0.09577808,0.51527774,0.10295555,0.61927056,0.17678897,0.61625874,0.17499377,0.5052074,0.31666964,0.4485443,0.30720678,0.1735944,0.3919736,0.13902193,0.37806234,0.6384199,0.45400456,0.6373677,0.44226763,0.62798077,0.67951757,0.6337865,0.6391767,0.8087071,0.90027577,0.7326395,0.8177456,0
0.3208094,0.13912995,0.3283928,0.1175462,0.31359038,0.12144238,0.45059788,0.09646444,0.45856354,0.10632999,0.6218531,0.17855671,0.58790773,0.18576956,0.5814479,0.30925503,0.4621988,0.31382844,0.30772844,0.38246188,0.13645451,0.37098306,0.63331,0.45348877,0.6121696,0.44924667,0.63893735,0.6821113,0.6460929,0.66553825,0.8323757,0.9090013,0.7426012,0.8705547,0
0.31742567,0.14366092,0.31877294,0.12178551,0.30633336,0.123905785,0.4393873,0.09186426,0.4894169,0.09829703,0.60895634,0.17217542,0.64636576,0.16654566,0.4921517,0.30520475,0.539619,0.29392728,0.15737087,0.36725536,0.23848751,0.3579986,0.6408935,0.45791838,0.65185565,0.44566625,0.6421445,0.69188005,0.6243082,0.6569482,0.8395093,0.9145752,0.71861386,0.8443493,0
0.3424293,0.14219394,0.3417837,0.11914771,0.3330253,0.12222245,0.4727901,0.09091444,0.5157147,0.09975744,0.65404254,0.17800628,0.65334934,0.17854074,0.6087562,0.32942554,0.50815654,0.31486198,0.38667992,0.42593923,0.23206992,0.37109205,0.6635371,0.46707907,0.665894,0.45952046,0.67002225,0.6897199,0.65786153,0.6674744,0.8450072,0.910686,0.7729636,0.85810953,0
0.2547292,0.12935428,0.25575525,0.1112015,0.2610215,0.11224208,0.37703332,0.0954701,0.4805316,0.09595127,0.575559,0.1792725,0.61403376,0.17078981,0.5454349,0.32022935,0.5056292,0.30802122,0.17578536,0.3706351,0.20118187,0.3551681,0.63096833,0.45600215,0.6493733,0.44650632,0.6474346,0.6699563,0.62547445,0.6564751,0.8363469,0.8853613,0.76491255,0.8486884,0
0.29829472,0.12653212,0.29867926,0.10623448,0.29774934,0.108909704,0.3978617,0.0872933,0.48909146,0.09134235,0.5527526,0.1806213,0.6479757,0.1702267,0.5365825,0.34130523,0.5149776,0.3075173,0.20472443,0.4251333,0.19752347,0.36059147,0.6132279,0.46490014,0.6745317,0.4547532,0.65220284,0.69283557,0.6731748,0.67403793,0.844451,0.90170234,0.7661162,0.86217433,0
0.29282352,0.1271149,0.29730985,0.10760229,0.28555787,0.10928428,0.3889864,0.08405905,0.459992,0.08846779,0.5543468,0.1632578,0.63894254,0.15858737,0.49576202,0.3035924,0.546517,0.29936364,0.13870624,0.36328778,0.19986929,0.37791306,0.5907765,0.44734517,0.64221907,0.43801662,0.6087995,0.68445307,0.65234643,0.66246754,0.8171031,0.90225905,0.73359454,0.8559972,0
0.21570703,0.09329429,0.21292888,0.07565131,0.24405839,0.0784112,0.2876278,0.073501825,0.4655442,0.077108294,0.49401048,0.16507673,0.6175076,0.16566086,0.5171626,0.30043054,0.5498798,0.2993351,0.18702635,0.38100415,0.21281208,0.36588186,0.5450104,0.44769296,0.6170476,0.44294128,0.6248487,0.6850417,0.6572222,0.6782352,0.8384239,0.8963254,0.7751402,0.874358,0
0.18807818,0.1328628,0.1955856,0.11496275,0.198309,0.11021087,0.33586505,0.093927935,0.46138027,0.08272495,0.5229077,0.18255216,0.63073325,0.14213529,0.4960981,0.3086917,0.5700255,0.19632606,0.16611096,0.36272234,0.29079816,0.2028755,0.54887444,0.44886133,0.6088589,0.43221945,0.6202257,0.6761427,0.63980937,0.6632137,0.80818725,0.9134077,0.75458395,0.89063597,0
0.20456548,0.11990416,0.21131708,0.10043493,0.20442581,0.102134064,0.3362195,0.08311491,0.4172386,0.08621159,0.5262959,0.16375789,0.587354,0.15624337,0.4982817,0.31638435,0.49538696,0.29954538,0.1678473,0.39722168,0.18434174,0.37583604,0.56998444,0.4564581,0.5977739,0.44948483,0.6405168,0.69253385,0.6523025,0.6826654,0.8326913,0.91024077,0.6903722,0.88989896,0
0.26866588,0.11935275,0.2686835,0.10045669,0.27362943,0.10130191,0.33581054,0.083858825,0.45545214,0.08508463,0.49921054,0.16756326,0.57846135,0.15987827,0.5060687,0.3090916,0.50757045,0.29483938,0.19872908,0.4008685,0.20016553,0.3927301,0.5614521,0.4548266,0.6046389,0.4479657,0.6241492,0.6889565,0.6572369,0.67767483,0.830677,0.90894485,0.6972811,0.88312685,0
0.20851497,0.13303836,0.21958302,0.115427494,0.20881726,0.11157787,0.36889434,0.088994265,0.4522804,0.08108833,0.52209514,0.16487423,0.61887276,0.14341003,0.4889775,0.30583698,0.50547034,0.27771154,0.22205181,0.3913732,0.18878017,0.36220852,0.5423189,0.43738508,0.6108994,0.42598715,0.64253557,0.6663119,0.67626595,0.6531855,0.8116237,0.90425307,0.7788437,0.88570845,0
0.20814817,0.1337134,0.21622564,0.11718984,0.21778053,0.11185505,0.34509456,0.09455514,0.4750408,0.08210902,0.5063412,0.1750125,0.6353758,0.13515624,0.4879839,0.3082346,0.55620724,0.20681019,0.22014298,0.3898014,0.2719068,0.23559947,0.5427041,0.44419256,0.6224776,0.4282364,0.6420857,0.6737217,0.66962636,0.6599107,0.8110178,0.90674245,0.7733321,0.8873139,0
0.22408967,0.12882881,0.24013464,0.11011667,0.2220771,0.1094953,0.38835362,0.08714158,0.42483354,0.08394365,0.53514004,0.17359751,0.6070108,0.13951379,0.55233055,0.28269613,0.64092845,0.15544038,0.212485,0.37218234,0.4816255,0.14203458,0.55166066,0.44325057,0.5796103,0.42908463,0.6573885,0.672575,0.62976104,0.66266304,0.8150577,0.8965542,0.7238176,0.8799155,0
0.22844112,0.13264577,0.24610153,0.111622326,0.2132772,0.11443674,0.4079348,0.08704643,0.39716002,0.09267235,0.55589277,0.16377339,0.59114593,0.15354419,0.5230587,0.2990665,0.540457,0.26903898,0.22204515,0.37815788,0.27891004,0.3347393,0.57730883,0.44438705,0.5855616,0.43557778,0.6570066,0.68615216,0.6682399,0.672072,0.8315759,0.9008185,0.72307587,0.8834213,0
0.2562057,0.11756356,0.28094772,0.10136247,0.2592586,0.099661425,0.39949355,0.08906841,0.41638282,0.083130315,0.5289012,0.17395054,0.54099154,0.14352569,0.5191441,0.29889047,0.5085406,0.19518185,0.20329228,0.365922,0.3407703,0.16957808,0.5408995,0.44189817,0.5350758,0.43004832,0.6456506,0.66741633,0.63396144,0.6550557,0.8184783,0.8888389,0.7681255,0.8675238,0
0.2289922,0.11037417,0.25154465,0.09158313,0.22883831,0.09269361,0.38748795,0.07851112,0.39932966,0.079114415,0.53433925,0.1689239,0.53013825,0.14820631,0.5174255,0.2666679,0.52737516,0.17153558,0.11851231,0.33240673,0.41043544,0.1295055,0.5701949,0.4491146,0.5481547,0.44061676,0.66112745,0.6788127,0.6294172,0.6706646,0.84011996,0.8950689,0.7883734,0.8765789,0
0.18956928,0.12085977,0.20983608,0.10083089,0.18509278,0.10241993,0.34900486,0.08727908,0.36740544,0.09025917,0.5213503,0.17194477,0.5336379,0.1647872,0.465233,0.30503306,0.4392509,0.2878472,0.18648136,0.36432487,0.16867612,0.34714267,0.5545304,0.45291924,0.55153763,0.4472398,0.6038712,0.68099463,0.6537807,0.6738618,0.8427728,0.90517426,0.7668982,0.8937246,0
0.19021311,0.12042752,0.21260063,0.10257769,0.1963631,0.101618074,0.36025903,0.09118275,0.3930469,0.085998446,0.52225363,0.18147232,0.5373491,0.15198036,0.49713182,0.30160952,0.514493,0.20062576,0.17804754,0.3591933,0.36883703,0.16641079,0.5360782,0.451579,0.5257012,0.43959695,0.6233134,0.67201614,0.60623133,0.66347945,0.8445127,0.8913208,0.77317905,0.87413454,0
0.2037252,0.12662697,0.2199482,0.10963595,0.21337718,0.10752845,0.35489458,0.09535239,0.419813,0.08811355,0.5210833,0.17955491,0.5396846,0.15264714,0.5200395,0.30536494,0.49469718,0.23209526,0.22080876,0.3592485,0.27761886,0.22700238,0.51686215,0.44834387,0.5164818,0.43639165,0.61653113,0.67017275,0.6035937,0.66130906,0.8370047,0.88854456,0.7742335,0.87081635,0
0.18526796,0.12539275,0.21060024,0.108494475,0.19652213,0.105603054,0.37084317,0.09760718,0.40321937,0.08806413,0.5228079,0.18589778,0.5405948,0.1485018,0.52032804,0.3055672,0.5110325,0.19001566,0.22316654,0.36731052,0.35343027,0.1694436,0.5144645,0.4518067,0.5061291,0.43714723,0.6073069,0.67241853,0.57860625,0.6624181,0.84348994,0.89159966,0.77606386,0.8732605,0
0.19064014,0.12339692,0.20883824,0.1034265,0.18580088,0.10563712,0.35556725,0.08478613,0.36111602,0.09019585,0.51028293,0.16996332,0.5164328,0.16499038,0.46412507,0.30595377,0.46866572,0.2940227,0.1655715,0.35872218,0.17015144,0.36069092,0.5297789,0.4372438,0.530496,0.43183747,0.58017296,0.6737144,0.6322663,0.666253,0.8748591,0.9030331,0.8109759,0.89232886,0
0.20714743,0.10105882,0.22172393,0.08262673,0.21399665,0.08427334,0.33483025,0.07604952,0.39840737,0.078342155,0.5040545,0.16414471,0.50221336,0.15765132,0.4454049,0.31589684,0.40483707,0.30647764,0.20580025,0.39495537,0.17795998,0.39360702,0.5077336,0.4462242,0.4977211,0.4415064,0.57090527,0.6709169,0.6209617,0.6683268,0.8504829,0.9004662,0.7909085,0.8922169,0
0.1879059,0.11962195,0.20778634,0.100936696,0.19403964,0.10076437,0.3543614,0.0886085,0.3925846,0.08785105,0.5152069,0.17376557,0.49822536,0.16460867,0.44792515,0.32405934,0.394171,0.30990332,0.22852898,0.4016942,0.16262107,0.38777775,0.5175498,0.4503909,0.5012409,0.4447905,0.5651223,0.6712083,0.6087753,0.66689587,0.83845526,0.89765924,0.7757919,0.88717365,0
0.19549318,0.11397491,0.21351932,0.09535284,0.20614608,0.09561377,0.34897497,0.08559589,0.4053702,0.08525028,0.5175908,0.17232513,0.50077474,0.16207977,0.45885086,0.31363782,0.39394546,0.2969732,0.21391597,0.37340993,0.16686957,0.36954117,0.5146749,0.44582158,0.494532,0.43988618,0.57387424,0.66645145,0.61941034,0.6638171,0.8463481,0.89403784,0.7799248,0.88851017,0
0.18248366,0.12542275,0.19463623,0.10555577,0.18387607,0.10744429,0.34019685,0.088564396,0.38316455,0.09306498,0.5350698,0.16872363,0.51050216,0.16398507,0.45296744,0.31164718,0.39960578,0.30100566,0.17234603,0.35872856,0.14407425,0.34433234,0.5152167,0.44822198,0.4912082,0.44298744,0.56360084,0.6719766,0.60336804,0.66728467,0.8452191,0.9040858,0.7752689,0.89137554,0
0.1736309,0.12555313,0.19640376,0.106461525,0.17879632,0.10652576,0.36680517,0.09438948,0.38153774,0.09430805,0.53735334,0.17750521,0.48734653,0.1677804,0.4710605,0.32213593,0.38362244,0.30971766,0.24489659,0.3988923,0.17540544,0.40088773,0.51601714,0.44956875,0.47462282,0.44336614,0.5524413,0.6661841,0.58537245,0.66186506,0.8428857,0.90165657,0.77105266,0.8921169,0
0.17775297,0.12199446,0.1884426,0.10322337,0.18240958,0.10406568,0.3192371,0.08802834,0.38672143,0.08968587,0.5051111,0.16740485,0.4914425,0.1596386,0.47486475,0.31110743,0.40733898,0.30046877,0.26065534,0.38686934,0.17476058,0.38196307,0.50459063,0.44527245,0.49019837,0.4396689,0.56341916,0.6699536,0.6057284,0.6656705,0.8430752,0.90347165,0.7727291,0.89212394,0
0.17919889,0.12957291,0.1877585,0.10931964,0.17482764,0.11143172,0.32260588,0.08793898,0.37216404,0.09294467,0.5125344,0.16705862,0.5075696,0.1613679,0.47056863,0.31617117,0.41103572,0.30285192,0.20011091,0.37276497,0.16272175,0.35532105,0.51085275,0.44150534,0.5059936,0.43587202,0.56174946,0.66839474,0.60842115,0.66143817,0.8306107,0.90388185,0.76359457,0.8895704,0
0.18229781,0.13523774,0.2004522,0.114801005,0.17227894,0.11618991,0.3654528,0.08946815,0.35670185,0.09372959,0.53699964,0.16557984,0.50943124,0.15774544,0.4609992,0.30945128,0.40240407,0.29235205,0.1297962,0.33739638,0.13350005,0.32977223,0.5116555,0.4368704,0.49132586,0.42985895,0.5550343,0.66490155,0.6022929,0.65612394,0.838014,0.90234613,0.76786053,0.8844118,0
0.17969032,0.13271417,0.19874243,0.11266422,0.17172116,0.11366625,0.36199948,0.089438155,0.35793108,0.092577696,0.5329541,0.16726227,0.50520164,0.15857525,0.4587267,0.31210876,0.39658436,0.29328254,0.15857114,0.3475032,0.13957433,0.33452275,0.51398027,0.4394083,0.49334955,0.43241915,0.5566783,0.6652464,0.60074157,0.6566436,0.8389673,0.9018454,0.76750505,0.8845067,0
0.17836314,0.13619013,0.19301438,0.11498697,0.16636525,0.11643843,0.35595983,0.08826981,0.35797998,0.09293571,0.5315425,0.16740647,0.50324833,0.16030866,0.47730243,0.3168657,0.39609948,0.29840684,0.2020006,0.37044775,0.1377134,0.34842017,0.51033103,0.4475493,0.49056804,0.44113314,0.55410576,0.67235935,0.5851176,0.6639228,0.8423454,0.9030404,0.7584721,0.8872057,0
0.15710646,0.1278537,0.17229916,0.108160116,0.15482235,0.109507896,0.32923484,0.087286994,0.3543142,0.09090486,0.5128655,0.16619182,0.47426957,0.16021906,0.4699875,0.3179718,0.3673022,0.30055147,0.25017554,0.3803259,0.12226845,0.34997544,0.4963879,0.44402653,0.4692952,0.43890515,0.5568865,0.67120594,0.58634704,0.6653277,0.8295006,0.8987427,0.748869,0.8840639,0
0.16825892,0.11831372,0.17277251,0.09881077,0.17320362,0.100703955,0.2967438,0.08036442,0.38517058,0.08410612,0.5014912,0.16253844,0.50582045,0.15545282,0.45684415,0.31940395,0.4095139,0.30331525,0.1569839,0.35611835,0.13935585,0.34492302,0.5088266,0.4427305,0.50810766,0.4367094,0.57079333,0.66867507,0.61824846,0.66517437,0.83508295,0.8976684,0.7717343,0.88257027,0
0.15489209,0.1330419,0.17469853,0.11244068,0.14748429,0.11391132,0.34841958,0.08877802,0.33583397,0.09311476,0.5215746,0.1663557,0.469924,0.15930195,0.4361855,0.31226248,0.36453548,0.2913101,0.1783974,0.35694242,0.13049231,0.32929707,0.50443816,0.44396806,0.46340325,0.4385903,0.56554896,0.6744149,0.5905027,0.66836655,0.8309148,0.90045977,0.7567845,0.8877835,0
0.17530088,0.14155927,0.18523136,0.11989501,0.16278724,0.121648885,0.3424638,0.09079065,0.35827515,0.09620638,0.52061355,0.17038083,0.5062683,0.16165884,0.44089246,0.31893665,0.39048412,0.29255143,0.19265838,0.36303216,0.1404869,0.330094,0.51576704,0.4513305,0.5031905,0.4447839,0.57430065,0.67701006,0.6080125,0.6685934,0.83882767,0.90460026,0.772083,0.8876067,0
0.16750367,0.13557614,0.18603335,0.114746615,0.16122259,0.1151016,0.35855156,0.09022212,0.3627647,0.09207478,0.524718,0.17334162,0.50229675,0.1616137,0.4286526,0.32582974,0.39135554,0.29970393,0.16364531,0.35366386,0.157725,0.33579016,0.5220808,0.4519881,0.5023998,0.44466946,0.567621,0.6757493,0.60284466,0.66744286,0.83803403,0.89949685,0.772143,0.8843546,0
0.18334563,0.14041421,0.18987878,0.11845632,0.17068864,0.12065339,0.33221808,0.09003115,0.3657407,0.09599677,0.5312949,0.17306341,0.5053045,0.16339357,0.47928467,0.32747132,0.40586537,0.30106938,0.14713542,0.35412106,0.13111937,0.33627158,0.5187273,0.45262504,0.49969357,0.44543725,0.57634073,0.6781681,0.6244956,0.6712658,0.84009707,0.9081425,0.7748886,0.89463997,0
0.18069187,0.1341394,0.19594264,0.113601066,0.17346257,0.11477375,0.34850192,0.0899529,0.36274165,0.09335766,0.53674626,0.17390883,0.48489064,0.162317,0.45760134,0.32963222,0.36836118,0.299271,0.15399002,0.3589048,0.12091534,0.33863935,0.5125777,0.45234048,0.47337428,0.4451312,0.57365423,0.6756186,0.5973887,0.66944486,0.83854884,0.90382427,0.74452335,0.8911797,0
0.18206115,0.14261442,0.19752339,0.1209101,0.1686772,0.1220988,0.36708272,0.092350386,0.3616055,0.09646278,0.54478294,0.17535491,0.5002199,0.16351,0.45004,0.33357376,0.3834551,0.30208924,0.14122695,0.3564127,0.129715,0.3321575,0.5175532,0.45611718,0.4823349,0.44881615,0.5812902,0.6787853,0.60246927,0.67281145,0.8421354,0.90749776,0.7511003,0.89589745,0
0.19766176,0.11518645,0.21210848,0.0944675,0.18935147,0.09728222,0.33961123,0.076410346,0.35583633,0.082783796,0.5242655,0.16497508,0.48270443,0.15880981,0.45285872,0.32726932,0.39415815,0.3047279,0.1426827,0.35408095,0.123587236,0.3313799,0.50928605,0.45165697,0.4741698,0.4465598,0.5755012,0.6738944,0.6107406,0.66997796,0.8427636,0.90202403,0.77241814,0.89045644,0
0.18422812,0.10148394,0.19927077,0.08206272,0.18181857,0.08400946,0.30199602,0.07254734,0.34681275,0.07527695,0.49319074,0.17142244,0.4320109,0.15856309,0.45547915,0.35112005,0.3575894,0.31758654,0.09082164,0.3506705,0.10940604,0.34776786,0.5275101,0.46492136,0.48018402,0.45897815,0.585971,0.6786214,0.6347829,0.6793133,0.8484454,0.89370424,0.7978569,0.8886049,0
0.17315477,0.119808815,0.18305701,0.09902153,0.168014,0.10120679,0.30713174,0.08192115,0.36307794,0.08597422,0.50435734,0.17589162,0.48934516,0.16335435,0.44980666,0.35263568,0.39036605,0.31860143,0.094507456,0.34830576,0.1119286,0.33578554,0.5289674,0.46744663,0.51311344,0.46057296,0.5804785,0.6791281,0.6328628,0.6782788,0.8482689,0.8955178,0.79315525,0.886656,0
0.18981028,0.10686655,0.19655855,0.08748422,0.19141275,0.08973207,0.29366603,0.074459314,0.37447435,0.07804246,0.49716032,0.16854502,0.47505718,0.15683833,0.45774102,0.3452944,0.39477554,0.3124391,0.074230485,0.33935338,0.11591973,0.3233829,0.52246875,0.45979163,0.501828,0.453259,0.5911634,0.6758746,0.63653433,0.67556304,0.83416927,0.8948911,0.79506963,0.8830285,0
0.18289,0.09484978,0.19246772,0.07566801,0.18460944,0.07817521,0.29495397,0.065400936,0.36663577,0.06901507,0.49163783,0.1633209,0.4719506,0.15138257,0.46617824,0.34726337,0.40276548,0.31703657,0.09042526,0.34584317,0.11987609,0.3379867,0.50040275,0.45524326,0.48340052,0.44837052,0.5765501,0.6675232,0.6315631,0.6679181,0.83014137,0.8950502,0.8010013,0.88763297,0
0.20821945,0.1337115,0.21157995,0.11326182,0.19574043,0.117097475,0.33554387,0.08862724,0.37018195,0.09621687,0.51774484,0.17587404,0.48494646,0.16440855,0.47842908,0.34484223,0.39536828,0.3125105,0.081473656,0.34514627,0.12050047,0.32680568,0.49893525,0.45894057,0.4739346,0.45047608,0.5904738,0.67138153,0.60497326,0.6644489,0.83626556,0.89173573,0.7848571,0.87244976,0
0.20279464,0.1306439,0.22710873,0.11048458,0.19093175,0.11136885,0.38367385,0.08823214,0.35675493,0.090825945,0.5282683,0.17202726,0.4844008,0.1621097,0.4506878,0.3363761,0.3931301,0.31370565,0.14040959,0.34768906,0.1412849,0.33874345,0.51368195,0.45407754,0.482021,0.44806635,0.5718986,0.6724558,0.61920536,0.66939455,0.82868,0.89397734,0.77577215,0.88555825,0
0.18006434,0.14273481,0.19184753,0.12074049,0.16095918,0.12258501,0.33920467,0.08982954,0.34062308,0.09521084,0.5057162,0.17551503,0.48322013,0.16500847,0.45907956,0.35088485,0.4022444,0.32246837,0.089200325,0.3421992,0.11656108,0.32838684,0.503698,0.45686084,0.4894046,0.4500543,0.5616884,0.67307574,0.6146985,0.6690171,0.8252364,0.8996774,0.7703122,0.8865252,0
0.1801335,0.13985646,0.18656947,0.11811836,0.165402,0.1200046,0.3217201,0.08758921,0.35293752,0.09290476,0.49954465,0.17255533,0.4852619,0.16151674,0.46542037,0.34713307,0.4034939,0.3158289,0.0954224,0.34537804,0.12154647,0.326221,0.50704277,0.45271933,0.49846286,0.44582412,0.5629534,0.6705907,0.6140025,0.66687673,0.82717526,0.8987914,0.77146685,0.8836763,0
0.19166723,0.13589051,0.20169146,0.11523536,0.17842494,0.11699007,0.33088923,0.088237,0.35448655,0.09271689,0.511708,0.17338279,0.4756171,0.16150495,0.45627248,0.3450704,0.40152034,0.31578586,0.10073215,0.34004754,0.14061092,0.3318313,0.50479394,0.45280924,0.48107502,0.4455285,0.56165516,0.6656587,0.6164842,0.66272897,0.8354003,0.89493585,0.7898141,0.8835076,0
0.18916279,0.13659811,0.19579789,0.11580413,0.17642963,0.11802719,0.3229124,0.088532835,0.35842797,0.09404345,0.51281613,0.17362554,0.4897886,0.16285528,0.4726002,0.34697506,0.41840056,0.3168032,0.11342787,0.33922046,0.1459652,0.32126218,0.50645214,0.45650542,0.4920107,0.4489823,0.56005305,0.67033195,0.61355907,0.66535544,0.83693075,0.8977163,0.78478485,0.8815163,0
0.19963565,0.13885313,0.21571882,0.118770696,0.187332,0.12005649,0.35517368,0.08837442,0.35192776,0.092147924,0.5215153,0.17202686,0.48156756,0.15636793,0.4672941,0.3454279,0.44295394,0.30137405,0.12133052,0.35322246,0.14710122,0.32073513,0.52261543,0.450141,0.49791217,0.44106752,0.5909591,0.67334086,0.6198673,0.6653069,0.8519633,0.8994616,0.8069969,0.88266444,0
0.20624754,0.12995796,0.2183765,0.1100009,0.19633119,0.11255608,0.3455218,0.087225676,0.3616795,0.09327298,0.5128342,0.17084023,0.5029914,0.16325656,0.4525414,0.34380284,0.42813224,0.32077575,0.11355833,0.34531412,0.15901555,0.32530656,0.5050799,0.45215642,0.4986113,0.4459269,0.57106274,0.6686126,0.6309839,0.6622764,0.8379633,0.8982455,0.79727846,0.88065416,0
0.20997837,0.13224952,0.21569765,0.11142471,0.20182541,0.11333783,0.3308062,0.08370562,0.37654415,0.088678695,0.5040194,0.1694195,0.5068163,0.15952933,0.47890863,0.3424294,0.45088083,0.31278983,0.11612708,0.34052008,0.1729254,0.31268737,0.50557137,0.4537262,0.50820994,0.4466268,0.57956254,0.6739944,0.6355628,0.6672596,0.8432558,0.9032734,0.799152,0.8804129,0
0.19651836,0.120699406,0.20669422,0.10397482,0.19089247,0.10583391,0.30950388,0.08681164,0.3485235,0.08998637,0.47809178,0.17142585,0.48822734,0.1578054,0.47917885,0.3441264,0.47224176,0.30471334,0.1056816,0.34372348,0.15558465,0.30602255,0.51418,0.4549828,0.5179238,0.44684514,0.6000713,0.6782072,0.6393337,0.67120963,0.8557495,0.89908576,0.81845725,0.87970454,0
0.20462975,0.12909465,0.22283377,0.109161854,0.18665956,0.11199389,0.36671847,0.082397416,0.347688,0.08889313,0.5392361,0.1663173,0.5229743,0.15443078,0.48916692,0.33919066,0.46932563,0.3000046,0.11420878,0.34048828,0.14000544,0.3069435,0.5471954,0.45603907,0.538713,0.44750082,0.61813366,0.68324345,0.65387917,0.6749733,0.8642751,0.90108556,0.8186237,0.88119406,0
0.200434,0.072685525,0.20857836,0.05774765,0.21421625,0.05897317,0.30435434,0.05678673,0.39762872,0.05731263,0.5031644,0.1616872,0.51295024,0.1468875,0.5155548,0.34440115,0.48222566,0.30460986,0.11774517,0.3463837,0.14458582,0.32206568,0.54405546,0.45796564,0.5451796,0.44814616,0.63801795,0.68752015,0.66094756,0.676727,0.8799815,0.902134,0.84158814,0.8780706,0
0.20636071,0.12265768,0.2301682,0.10379481,0.19507225,0.10549036,0.37883383,0.084493354,0.35861826,0.0877132,0.54053515,0.17481768,0.52427554,0.15878353,0.49448183,0.35011357,0.47235206,0.30400914,0.11968588,0.33830842,0.15375035,0.30365506,0.54066384,0.46022978,0.5297695,0.45040616,0.6119862,0.68508106,0.65362084,0.67573285,0.8679596,0.9011351,0.8207341,0.8823975,0
0.21516721,0.08783746,0.24764366,0.07104397,0.2078923,0.07285027,0.39022395,0.067683555,0.3442883,0.069980055,0.5326708,0.16936372,0.5090006,0.15802561,0.46659583,0.34398407,0.47172028,0.31117678,0.1343465,0.33348417,0.17013836,0.30640355,0.5371259,0.4572862,0.51483047,0.44999018,0.63296735,0.686959,0.6519609,0.68004155,0.87690395,0.9020403,0.8304512,0.88630915,0
0.26489642,0.09849405,0.29586837,0.07937054,0.23823382,0.0817853,0.41840714,0.06352329,0.3310405,0.06867141,0.5399269,0.15939136,0.49720117,0.14973956,0.47833323,0.33602726,0.46319786,0.30394006,0.15397614,0.33806232,0.17764148,0.3099475,0.54167897,0.4488071,0.5140089,0.4422637,0.6183841,0.68052185,0.642987,0.6729929,0.8721132,0.8987703,0.8214086,0.8830703,0
0.58491653,0.109171726,0.5853593,0.09702382,0.5869349,0.09467673,0.5710856,0.08766809,0.63466066,0.08431621,0.5584861,0.17603296,0.5805677,0.16008767,0.45103487,0.3496194,0.45664743,0.31281897,0.13953169,0.3318748,0.1901405,0.30793455,0.543028,0.46413165,0.551203,0.45892707,0.63178027,0.68747944,0.6501343,0.68207663,0.86210775,0.89887905,0.8365501,0.8851777,0
0.21795824,0.13982993,0.23403934,0.118743464,0.20680264,0.12156286,0.38065472,0.09216599,0.37110865,0.09944892,0.5244355,0.17774352,0.5336913,0.17060454,0.48032257,0.34098738,0.45196375,0.30296186,0.27542114,0.39752162,0.16660567,0.32137394,0.5278594,0.45743766,0.53750074,0.4520627,0.6079208,0.68343717,0.62684745,0.67517835,0.8781148,0.9044246,0.80957043,0.88585025,0
0.21539682,0.13373852,0.23433873,0.11459617,0.20610867,0.11693082,0.38420177,0.0874937,0.3674425,0.09360829,0.5348891,0.16784702,0.5169605,0.15924573,0.47880352,0.34122118,0.44125214,0.30390126,0.27427417,0.39797616,0.1543616,0.32979152,0.52109045,0.45069343,0.5154096,0.4446726,0.6090333,0.68148243,0.62966734,0.673859,0.8824419,0.9069368,0.8315728,0.88815767,0
0.22017622,0.13784556,0.23261476,0.1175004,0.20604263,0.12064639,0.36747274,0.087552115,0.3684427,0.09524074,0.531444,0.16811584,0.5332081,0.15792799,0.46020743,0.33806875,0.47798672,0.302823,0.13711275,0.35173368,0.16656342,0.3179801,0.5335773,0.45217362,0.5361912,0.44440925,0.6154065,0.6861263,0.6377777,0.67760974,0.870636,0.90784913,0.8181412,0.88878006,0
0.20816375,0.13787183,0.22528885,0.11732058,0.1953741,0.11996679,0.3796056,0.08734999,0.36700913,0.09431453,0.5360013,0.16652453,0.5303612,0.15791446,0.45893413,0.32918027,0.45423606,0.30064064,0.15438996,0.353081,0.15796834,0.32594633,0.5206902,0.4481372,0.5214817,0.4409527,0.59893495,0.6860296,0.6408801,0.6770813,0.882187,0.907432,0.8314216,0.8899361,0
0.23632225,0.14105974,0.24180882,0.11875412,0.22036803,0.12110655,0.37567097,0.083264776,0.39288148,0.090973474,0.5422695,0.16858849,0.56680095,0.1606278,0.48564664,0.34750402,0.49237058,0.31843978,0.12328953,0.34109834,0.18375751,0.31091556,0.5348124,0.45424187,0.55214536,0.44660455,0.5931219,0.67789704,0.64258826,0.66727024,0.849959,0.9053307,0.817861,0.8787292,0
0.24517858,0.14178501,0.25350896,0.119666815,0.22841507,0.122396186,0.3894405,0.08592596,0.3928593,0.09434738,0.5493807,0.17001218,0.5704549,0.1626668,0.48148015,0.34899527,0.4848411,0.32238972,0.14857846,0.3310661,0.19152556,0.30978262,0.53750145,0.4564689,0.5524996,0.44950607,0.59945804,0.68361455,0.6500041,0.6740222,0.8534887,0.9058678,0.81756616,0.88405293,0
0.21045296,0.13977422,0.22882494,0.118179694,0.19222212,0.12119169,0.38327098,0.08953161,0.3593138,0.09669094,0.53308874,0.17429024,0.54909724,0.163903,0.4566923,0.34457433,0.47932118,0.30837172,0.16482937,0.35515746,0.18292677,0.3188988,0.56265235,0.45289117,0.57345754,0.44557643,0.62180895,0.68422383,0.64663184,0.67540586,0.8829182,0.9028285,0.8137863,0.8841421,0
0.20737186,0.1401698,0.22362676,0.119091555,0.19363481,0.12149539,0.37107283,0.09130954,0.36635393,0.09711623,0.51907945,0.17614418,0.5420371,0.1631504,0.41111374,0.34368116,0.4728123,0.3051012,0.1285737,0.34029734,0.19763085,0.31301373,0.5343701,0.4546517,0.5455841,0.44633788,0.5979152,0.68427444,0.6276933,0.675826,0.86853623,0.90256405,0.7986978,0.8814307,0
0.20238703,0.1428762,0.21747375,0.121344894,0.19095924,0.123733334,0.36832327,0.09453902,0.37054786,0.10030145,0.5163354,0.18030696,0.54000527,0.16801584,0.4192037,0.34324783,0.46828377,0.30519158,0.13518244,0.35288537,0.19318333,0.3174882,0.5335959,0.45361546,0.5458105,0.44573486,0.59384626,0.67955613,0.62704283,0.67121154,0.8558263,0.8997545,0.79049027,0.8810686,0
0.19984826,0.14127955,0.21595383,0.12042207,0.19026212,0.122338966,0.36774847,0.09383969,0.3757223,0.09832816,0.5140549,0.17928249,0.54547095,0.16448116,0.41676673,0.346492,0.47142956,0.30375892,0.12586391,0.3484275,0.19804747,0.3121143,0.5353105,0.46128988,0.552306,0.45249116,0.60529554,0.69144,0.6371117,0.68215597,0.8568517,0.9029144,0.79269445,0.8825564,0
0.2114045,0.140841,0.22307774,0.119626895,0.1980879,0.122804254,0.35755652,0.09200406,0.36151472,0.09946914,0.51838964,0.1747134,0.52680326,0.16383323,0.45441043,0.33798018,0.47888547,0.29985115,0.14536218,0.35253423,0.1935955,0.31527257,0.53838116,0.44447982,0.5429665,0.43684128,0.5915738,0.67527217,0.62397224,0.6675983,0.85318863,0.90072304,0.7967078,0.8815031,0
0.21242182,0.14092149,0.22185557,0.11967124,0.20007576,0.12277283,0.35323068,0.09095072,0.36896566,0.098286055,0.51814806,0.17426527,0.53214186,0.16238926,0.46190423,0.3415182,0.48346633,0.30160198,0.13464375,0.34996912,0.1881237,0.31498286,0.5346741,0.4457493,0.5433215,0.43752903,0.58907896,0.67667186,0.6264595,0.668702,0.8537095,0.90221095,0.7992272,0.88266236,0
0.19256398,0.13516621,0.20622723,0.1147408,0.18455404,0.11671481,0.34275773,0.088670775,0.35948363,0.092946716,0.5094947,0.17640385,0.51735514,0.15902051,0.4581911,0.35200185,0.47497568,0.2983399,0.10215701,0.35262537,0.18266536,0.3090371,0.5297545,0.4534019,0.53286433,0.44347337,0.59129393,0.67955184,0.6168939,0.67152166,0.84618163,0.90403116,0.7799786,0.8833329,0
0.17804572,0.12879014,0.19078347,0.110504,0.18122107,0.11169748,0.32528952,0.092785455,0.37314638,0.094321154,0.4825196,0.18128084,0.52051604,0.1620366,0.42059794,0.35355377,0.4544593,0.29988396,0.08408963,0.35285348,0.13911381,0.3116476,0.5228036,0.45254138,0.5421301,0.4426632,0.5865418,0.67988026,0.60911053,0.67267394,0.85583407,0.90132487,0.7712424,0.8855028,0
0.2016194,0.14133187,0.213602,0.1185472,0.1816429,0.12078614,0.3663059,0.0883985,0.36650237,0.09387674,0.521258,0.17669944,0.56199956,0.1637074,0.46224168,0.34911764,0.45603663,0.31130272,0.136556,0.36661106,0.16867262,0.33303124,0.532557,0.45872763,0.5616774,0.4500051,0.57586724,0.67792416,0.6445735,0.6697505,0.8484055,0.9018862,0.80299324,0.88440526,0
0.17879082,0.12152371,0.19317086,0.10243716,0.17752132,0.103659436,0.32197082,0.0864933,0.36262965,0.087831594,0.4709991,0.17970066,0.53257686,0.16134596,0.4145664,0.34820855,0.47154373,0.2978753,0.096753776,0.36291888,0.15819925,0.32199904,0.52989703,0.4551051,0.5645634,0.44568527,0.5885032,0.68137413,0.62680346,0.6736448,0.85239697,0.8957355,0.7823952,0.8807387,0
0.1777412,0.13270588,0.199297,0.11213073,0.1710295,0.112994336,0.3593112,0.08882951,0.3611291,0.0902842,0.50474155,0.17920351,0.54276663,0.16094713,0.444771,0.35171822,0.4664733,0.30117196,0.115290545,0.36146986,0.15690014,0.3186237,0.5351484,0.45879027,0.5585663,0.44890812,0.59412473,0.68844247,0.64008796,0.67942476,0.8469149,0.9012463,0.78199124,0.8849628,0
0.17866784,0.12838908,0.20023249,0.108083054,0.17480576,0.10893139,0.35731566,0.08784213,0.36429387,0.088990875,0.5009564,0.18007816,0.54301137,0.16184182,0.43994743,0.349508,0.46348244,0.2988363,0.1213892,0.35964483,0.16143054,0.31694138,0.5362272,0.45803717,0.5607152,0.44833332,0.596517,0.68830043,0.6359929,0.6795145,0.8497524,0.9006363,0.7793875,0.8844649,0
0.19154029,0.13299328,0.20092873,0.11127681,0.17718042,0.113409564,0.3367,0.084677406,0.36500654,0.08911428,0.49710622,0.1741973,0.55202264,0.15772419,0.45304185,0.3540388,0.47012588,0.3071021,0.09639141,0.36879665,0.19234964,0.3260126,0.5095331,0.4608826,0.5435896,0.4514753,0.5723793,0.6837648,0.63938206,0.67667216,0.82878697,0.9043524,0.78440475,0.88614744,0
0.20491695,0.13598156,0.22076713,0.115382046,0.1891416,0.11764016,0.35977498,0.08880897,0.35901666,0.09378619,0.501481,0.17364058,0.5430643,0.15924911,0.46467528,0.3458224,0.4766931,0.2983229,0.15037672,0.36984113,0.17640841,0.31926188,0.53827065,0.45249096,0.5678445,0.44404456,0.5814638,0.67936766,0.6431748,0.6712658,0.841837,0.8964115,0.78568494,0.88035333,0
0.21378161,0.12394815,0.21925831,0.10385921,0.20583375,0.10643282,0.33375105,0.07860251,0.3744146,0.08505855,0.49728727,0.15774503,0.5173963,0.15255097,0.44114596,0.31761402,0.4391924,0.29607627,0.14969335,0.37714174,0.16511433,0.33413056,0.5086248,0.43766385,0.5204617,0.4317803,0.5534002,0.6648059,0.6150679,0.65522736,0.845602,0.8994291,0.7933941,0.8754208,0
0.18777081,0.12643941,0.19174004,0.10677569,0.18431859,0.10877362,0.3132112,0.08273259,0.37445027,0.08752132,0.48419788,0.16107301,0.5134078,0.15325743,0.44565398,0.316565,0.42548347,0.2891624,0.16146325,0.3820513,0.15549552,0.32868424,0.507281,0.44059741,0.52740675,0.43402916,0.54612094,0.664635,0.6097908,0.65563196,0.84336674,0.8993827,0.79509246,0.87683445,0
0.17276718,0.12292323,0.17705074,0.10532823,0.17829621,0.10730195,0.29460418,0.085300304,0.37491915,0.08940516,0.47354883,0.16827747,0.51277715,0.15743218,0.45547384,0.33474123,0.44689175,0.2992279,0.1781014,0.38196906,0.14809313,0.33795357,0.52595866,0.44965705,0.5517875,0.4422293,0.60246557,0.68010974,0.6390329,0.6701673,0.8696136,0.90464526,0.81045055,0.88177675,0
0.20514883,0.12881956,0.2182561,0.11047707,0.20139302,0.11147218,0.35218182,0.084095486,0.38010007,0.08729849,0.504631,0.16295409,0.50660706,0.15363966,0.46066007,0.32787016,0.45355055,0.3082567,0.17859867,0.3974326,0.18425316,0.3965221,0.531215,0.44828415,0.53540206,0.4413748,0.602749,0.6791849,0.6329339,0.67050284,0.8675562,0.90208083,0.81048983,0.88229316,0
0.23068596,0.13292655,0.23928888,0.11434626,0.21885315,0.11734733,0.3534958,0.09035539,0.37566862,0.09545517,0.5173876,0.17414063,0.51826,0.16004056,0.48493975,0.35057437,0.47800264,0.30499974,0.15729548,0.40178844,0.15305616,0.3503309,0.5483655,0.46022394,0.5545592,0.45045355,0.6173027,0.6827649,0.6549003,0.67159057,0.8575039,0.9032251,0.83252007,0.8790626,0
0.21518256,0.13668735,0.21603806,0.11625326,0.20570388,0.118782945,0.33906582,0.08603897,0.39966133,0.09293551,0.5145794,0.1638028,0.54122955,0.1575631,0.4503429,0.32660434,0.44160193,0.2999728,0.18076459,0.41597787,0.18131351,0.35328808,0.52680236,0.4573914,0.5470344,0.4513678,0.5963313,0.67929053,0.6436013,0.6702621,0.8543553,0.9034612,0.80551046,0.88153243,0
0.24525414,0.13582166,0.2575815,0.11534522,0.24134558,0.115431555,0.39666688,0.08713436,0.41701922,0.089663506,0.524232,0.17260267,0.5575778,0.16477378,0.46964756,0.33781597,0.4480322,0.30393863,0.21504533,0.4169839,0.16474283,0.33682242,0.5475213,0.46079448,0.5749498,0.45507753,0.61817294,0.6800393,0.6597846,0.6680679,0.8751992,0.9040028,0.8332978,0.8801193,0
0.20599602,0.13647261,0.21516895,0.117331505,0.20247604,0.119435936,0.35149315,0.090213396,0.39131263,0.09555364,0.5022191,0.16947709,0.53621835,0.15857172,0.4665923,0.33580786,0.45734096,0.29173985,0.19883761,0.40471894,0.19129631,0.3319425,0.5409008,0.45059884,0.5689905,0.443569,0.6040438,0.6741499,0.6444551,0.6650558,0.8601048,0.89807636,0.8154714,0.8769839,0
0.26143736,0.13462034,0.26914328,0.114502676,0.26287395,0.1147655,0.39237115,0.08947711,0.4421648,0.09182167,0.54277885,0.17916298,0.571234,0.17040487,0.503171,0.3505585,0.47430724,0.31301197,0.22740856,0.42249444,0.17464708,0.3438881,0.5631436,0.46787918,0.58544874,0.46154985,0.6426695,0.69073695,0.6689744,0.67908025,0.87574625,0.90776676,0.82154906,0.8815897,0
0.26530167,0.1302303,0.27127102,0.110772066,0.2688582,0.11106682,0.37846035,0.08645774,0.43982914,0.088698156,0.5289899,0.17621031,0.5612227,0.16800834,0.49793774,0.3516462,0.4828398,0.31420448,0.2404619,0.42176014,0.19380777,0.34124485,0.5576903,0.46339878,0.5813734,0.45783186,0.64389336,0.6864649,0.6696837,0.67620504,0.87775564,0.90599906,0.8240614,0.8800626,0
0.2549063,0.12854111,0.25828546,0.1092722,0.2590646,0.10974207,0.35439807,0.08343773,0.42979836,0.086324506,0.5067974,0.17159282,0.53741777,0.16534325,0.47078758,0.34556255,0.4634465,0.3127824,0.20021513,0.4214016,0.17686364,0.3431748,0.53931224,0.4643537,0.562517,0.45976403,0.6262018,0.68859017,0.65326947,0.68004054,0.871931,0.90845835,0.8300973,0.8840432,0
0.21754782,0.13348332,0.23174652,0.11414804,0.21249972,0.11636629,0.3698397,0.08806258,0.3861767,0.09382401,0.50539213,0.16892414,0.5274751,0.16051628,0.45633143,0.33562684,0.44171575,0.2962106,0.17536022,0.41452548,0.15646298,0.3438815,0.5368662,0.45368117,0.5558595,0.447783,0.6052127,0.68438226,0.6436424,0.6759323,0.8695953,0.89968777,0.8172357,0.8803424,0
0.21937843,0.1341391,0.2357588,0.114620976,0.21131997,0.11710377,0.37275124,0.08932338,0.3743478,0.09547243,0.5061386,0.17097972,0.5275493,0.16304351,0.45445013,0.33550003,0.45930034,0.2961547,0.15639447,0.4194086,0.17507364,0.34708205,0.5364989,0.4531175,0.5527008,0.44728625,0.60273266,0.6820133,0.63917625,0.6736269,0.87243843,0.89759475,0.81564146,0.8782775,0
0.16933969,0.1306843,0.18297936,0.11055518,0.16264494,0.113780595,0.3247837,0.09126406,0.33460096,0.09885025,0.47333872,0.17378622,0.49022865,0.17381802,0.39513797,0.32835916,0.36704522,0.31313178,0.15078199,0.4250441,0.0819802,0.36783287,0.49276638,0.46095744,0.5031341,0.45773622,0.56669486,0.6845761,0.5997788,0.6756056,0.82809764,0.90900767,0.76413643,0.8878176,0
0.16594855,0.13025987,0.17085333,0.10989313,0.16968139,0.112437434,0.28871882,0.09341473,0.366328,0.09824996,0.46456948,0.18455398,0.4929135,0.17747161,0.38545385,0.33959806,0.37545153,0.31085813,0.119450144,0.43250087,0.095987156,0.37831867,0.5045587,0.46731356,0.519284,0.46153134,0.5915532,0.68795586,0.61423624,0.67831224,0.8303121,0.90951514,0.784672,0.88426065,0
0.14857955,0.1293385,0.15118243,0.10985868,0.15887527,0.11203635,0.26928142,0.09576039,0.3727827,0.099351406,0.44812098,0.18460426,0.4972915,0.17776622,0.37711072,0.3422768,0.38591573,0.31629962,0.11855858,0.43384993,0.121102795,0.37192458,0.49738526,0.46825752,0.523967,0.46291953,0.58432287,0.68721974,0.6011663,0.67994916,0.8242124,0.9085821,0.7764968,0.8850717,0
0.18486616,0.12609698,0.19615327,0.106922485,0.18070436,0.110224105,0.32602024,0.091487214,0.34836072,0.09879236,0.50249237,0.17119882,0.48456663,0.17086907,0.42175898,0.3199508,0.40544137,0.3098419,0.17683983,0.4242233,0.16355552,0.37815365,0.5195587,0.4580634,0.49894944,0.45463386,0.6002943,0.68465984,0.61579704,0.6765956,0.83887917,0.9098191,0.7797972,0.8891416,0
0.17198317,0.12589113,0.18687622,0.10557256,0.16456869,0.1091503,0.3328219,0.08767624,0.33153284,0.09578557,0.49907058,0.17153275,0.49092367,0.1713051,0.42113036,0.32675502,0.39650804,0.3117885,0.16362685,0.42631528,0.12676083,0.3719851,0.51647586,0.46049252,0.50435656,0.45682666,0.6010249,0.6873782,0.618773,0.67739373,0.8356029,0.90924364,0.7717461,0.88740176,0
0.17050207,0.1275455,0.18040578,0.10722027,0.1694455,0.11048675,0.3186277,0.09037734,0.35635886,0.09748984,0.48023257,0.17527105,0.5106008,0.17418742,0.38548443,0.33050564,0.3964703,0.31482485,0.16009729,0.42531884,0.1390195,0.36868465,0.5174906,0.46448636,0.52866197,0.46083388,0.59377337,0.68964016,0.60998666,0.68054485,0.8333591,0.90750223,0.7645023,0.8846411,0
0.17535713,0.12675096,0.19511175,0.106914304,0.17170899,0.1090682,0.34967366,0.092351004,0.34524864,0.097109504,0.49153098,0.17759357,0.4952527,0.17542663,0.36929274,0.32964498,0.3663846,0.31623656,0.153876,0.42462078,0.09768853,0.37715274,0.5261193,0.4646706,0.5201803,0.46076554,0.5885341,0.6879644,0.60647076,0.67769706,0.8269373,0.90699667,0.7650463,0.88406104,0
0.1659454,0.124145366,0.16796657,0.10344632,0.16812527,0.10709307,0.2845239,0.0885501,0.3684676,0.09579458,0.45925266,0.17687422,0.51002616,0.17528564,0.36171234,0.32818595,0.38614666,0.31238842,0.14531893,0.4273558,0.14086011,0.37617847,0.5265959,0.46761897,0.55079687,0.46408483,0.6055281,0.6886215,0.61851114,0.68101895,0.8360271,0.90617543,0.77577955,0.8829296,0
0.1698044,0.12449066,0.17592123,0.104197815,0.17113619,0.10748592,0.2987303,0.09007502,0.3625689,0.09660969,0.47338578,0.17776819,0.5022096,0.17494512,0.37422046,0.3296833,0.3890806,0.311498,0.1475091,0.42551395,0.14585245,0.3740986,0.52594084,0.46617815,0.5345567,0.46213743,0.6027779,0.6889364,0.6144718,0.6804676,0.8384833,0.90681195,0.77335674,0.8832213,0
0.17824239,0.12685375,0.20059617,0.10709935,0.17132938,0.10998335,0.34736615,0.09023962,0.33206746,0.09643741,0.47662354,0.18082245,0.5032012,0.17484422,0.3899362,0.33913416,0.41349605,0.306406,0.1264646,0.42389485,0.11884248,0.36609775,0.5302574,0.4576849,0.54466915,0.4527798,0.6032796,0.68679374,0.6383727,0.6768502,0.8549396,0.89998573,0.7932515,0.88025934,0
0.15899996,0.13137436,0.16171749,0.11123166,0.16240785,0.11473274,0.27912092,0.09140215,0.36097538,0.09893894,0.43128633,0.18031879,0.52800345,0.17505527,0.39502746,0.33741203,0.44849968,0.30538094,0.14690991,0.41892576,0.15411271,0.35481545,0.5024121,0.45597145,0.5623207,0.45097378,0.5687364,0.6835351,0.61777186,0.67371774,0.8385808,0.90155804,0.77791685,0.88231117,0
0.13526443,0.13753396,0.14081848,0.11680079,0.13684414,0.11982613,0.27927145,0.0938962,0.35286885,0.100451805,0.43015698,0.17999302,0.5316879,0.17060478,0.39080244,0.33433726,0.462393,0.2924887,0.13618867,0.42156553,0.18110442,0.34872568,0.5022083,0.45805073,0.56359506,0.45161515,0.5640148,0.68627864,0.61601955,0.6759693,0.8422355,0.9025487,0.78618836,0.8833979,0
0.12954335,0.1396557,0.13588518,0.11933656,0.13207704,0.12164898,0.28182226,0.093785055,0.35188797,0.09971485,0.44259334,0.17313083,0.5158576,0.16911474,0.39909497,0.32336447,0.4515438,0.31068873,0.16098005,0.4196113,0.16681229,0.40124235,0.50140464,0.4545869,0.5460497,0.44945994,0.57282495,0.6823604,0.6095826,0.6727224,0.84980774,0.8988726,0.78532445,0.87982416,0
0.13120246,0.13577738,0.12635586,0.11526812,0.13750726,0.11806607,0.23943444,0.095518306,0.3598105,0.10100193,0.43712103,0.17787361,0.50431424,0.17218305,0.3987235,0.32357633,0.41043723,0.30133727,0.15630655,0.41310617,0.15017918,0.3587254,0.49907798,0.45544893,0.53959405,0.44961217,0.5564554,0.67458504,0.5947049,0.6656264,0.83477646,0.9017272,0.7946208,0.8732444,0
0.12809479,0.13586731,0.12776488,0.11509583,0.13168974,0.1175215,0.25943995,0.09385514,0.3546565,0.09898853,0.44771957,0.17643647,0.5053888,0.17007142,0.39096606,0.32270652,0.40176013,0.29974544,0.15509802,0.41291672,0.14485332,0.36117768,0.50143045,0.45450172,0.5356913,0.44841322,0.55526674,0.6733603,0.5931388,0.6636163,0.83298296,0.90104467,0.79297227,0.87335664,0
0.13567649,0.13507496,0.12972842,0.11632767,0.14618735,0.118832804,0.23520492,0.09660893,0.35712734,0.10163746,0.43104127,0.17049243,0.47526595,0.16648299,0.3986995,0.32218632,0.39379767,0.3032255,0.1708409,0.4104676,0.14291565,0.35283756,0.48370373,0.44971344,0.5074967,0.44568244,0.56790787,0.675559,0.58376586,0.67148393,0.8328283,0.90406275,0.7760622,0.8817122,0
0.13538517,0.1369682,0.13094707,0.117328316,0.13801923,0.1200687,0.23801148,0.09537364,0.3451194,0.10130575,0.44553405,0.16920239,0.47062248,0.16561796,0.410034,0.3085175,0.406666,0.30069625,0.17839676,0.3972601,0.1648468,0.38558796,0.4948394,0.4489283,0.5066973,0.44399977,0.5683906,0.6749001,0.59268874,0.6674375,0.8430141,0.90459573,0.7810094,0.8807949,0
0.13460898,0.13189116,0.13744892,0.112929896,0.13543765,0.115363605,0.26144034,0.09417305,0.34061146,0.099245265,0.45483333,0.16721173,0.47276518,0.1629974,0.39582494,0.30782315,0.39814445,0.3036267,0.16802028,0.39224535,0.1649137,0.39281952,0.4983837,0.4432993,0.5034687,0.4381707,0.56005013,0.6708395,0.60091466,0.6633239,0.83146864,0.9041282,0.77261347,0.88071346,0
0.14195147,0.14101443,0.14323117,0.121709004,0.14417021,0.12439513,0.2657518,0.09674415,0.35482806,0.10338649,0.43608,0.17145967,0.50807154,0.16703463,0.4050121,0.31305617,0.46150473,0.30068678,0.16021143,0.39374715,0.16903204,0.38771084,0.49951547,0.44986764,0.54188657,0.4445152,0.572435,0.6810783,0.61834157,0.67186636,0.8575368,0.90116155,0.791803,0.8826223,0
0.13567042,0.13354664,0.1380392,0.11431186,0.14185582,0.115675874,0.2537364,0.09755344,0.36366755,0.09903149,0.44460854,0.17857794,0.5090904,0.16253959,0.40657863,0.31660154,0.4571888,0.27460963,0.15889561,0.3911722,0.2123515,0.33755702,0.4919733,0.45504272,0.52324384,0.44658995,0.5693499,0.6794819,0.6152705,0.67176926,0.84103394,0.903094,0.77671957,0.8859484,0
0.13567042,0.13354664,0.1380392,0.11431186,0.14185582,0.115675874,0.2537364,0.09755344,0.36366755,0.09903149,0.44460854,0.17857794,0.5090904,0.16253959,0.40657863,0.31660154,0.4571888,0.27460963,0.15889561,0.3911722,0.2123515,0.33755702,0.4919733,0.45504272,0.52324384,0.44658995,0.5693499,0.6794819,0.6152705,0.67176926,0.84103394,0.903094,0.77671957,0.8859484,0
0.13507502,0.12516579,0.13970095,0.1063178,0.14299233,0.108449645,0.2550986,0.09521999,0.3533309,0.09805965,0.44921783,0.17731717,0.48420432,0.16772696,0.41635016,0.32053337,0.41459575,0.30246508,0.17855413,0.38816243,0.16640113,0.3744489,0.4876397,0.4532544,0.50187844,0.44646797,0.5559468,0.6740029,0.6013435,0.6671763,0.84345347,0.901172,0.8032437,0.88179255,0
0.1266865,0.12533478,0.1252961,0.10683062,0.13911642,0.10880911,0.22887218,0.09609089,0.368194,0.097868875,0.43090346,0.17969443,0.513555,0.16636914,0.41884312,0.3356287,0.4442064,0.30382723,0.13472435,0.38429973,0.17897421,0.3507963,0.49954462,0.45861113,0.54609144,0.45056865,0.5684983,0.6762966,0.6225153,0.6698453,0.8528627,0.8998495,0.8073389,0.8733318,0
0.1330493,0.12801929,0.13647667,0.10955002,0.14197001,0.11125464,0.25266662,0.097308725,0.36544862,0.09904012,0.43067563,0.1786045,0.51683986,0.16569135,0.39751726,0.32898483,0.4278652,0.29986534,0.14082761,0.38542843,0.17887145,0.35694674,0.49335453,0.4541704,0.542626,0.44709337,0.5656821,0.6770249,0.6200901,0.67273676,0.8486231,0.9007222,0.80999076,0.8815391,0
0.14626193,0.12601197,0.16205634,0.10743088,0.15182324,0.108650014,0.3078847,0.09616966,0.3567249,0.09758053,0.46185565,0.17634891,0.5211494,0.16660213,0.4170747,0.3217862,0.4234342,0.30314225,0.18230113,0.3793559,0.17350388,0.35838294,0.49472246,0.44818577,0.5246601,0.44170678,0.5554147,0.67101705,0.5999647,0.6632285,0.8468301,0.8974133,0.7886646,0.87660015,0
0.1666328,0.12691309,0.17444214,0.1085495,0.17300647,0.10998373,0.29003438,0.09487028,0.36826402,0.09740276,0.45676318,0.17413794,0.49567267,0.1677065,0.39991167,0.31910893,0.41311082,0.3091512,0.17857356,0.38181663,0.17803565,0.37452108,0.49255002,0.44831827,0.5095722,0.44302204,0.5620095,0.67338336,0.59697115,0.666447,0.845523,0.9002923,0.7886912,0.8766916,0
0.17428818,0.12543173,0.1904352,0.10679719,0.17761892,0.108227655,0.32016304,0.09477386,0.36066878,0.09698143,0.46664056,0.1773075,0.5127919,0.16844459,0.40048406,0.327847,0.42042178,0.30725136,0.14217356,0.37945098,0.16633938,0.35286582,0.49118668,0.44928235,0.51200616,0.44333753,0.5604691,0.67421734,0.60311973,0.6663517,0.84760004,0.9004698,0.7883566,0.87838924,0
0.1458028,0.11937573,0.15594415,0.101140924,0.15584289,0.10270459,0.28099388,0.09064331,0.35827315,0.092807665,0.44594225,0.16984463,0.49471766,0.1625348,0.38926846,0.31424126,0.4096829,0.30007303,0.15637508,0.3738873,0.16027321,0.35650542,0.48888183,0.44217557,0.51023364,0.4364434,0.54631877,0.66688544,0.5984843,0.6594576,0.84062314,0.89893246,0.79558593,0.8742514,0
0.16274343,0.12846622,0.16673128,0.1099228,0.17379647,0.11153689,0.28364494,0.09636998,0.38672045,0.099027544,0.4599327,0.17600103,0.51439685,0.16764425,0.40607837,0.31838503,0.42712054,0.3004128,0.18104073,0.3794233,0.18263426,0.35456958,0.48847833,0.44581908,0.5152272,0.43941727,0.544498,0.66315496,0.58608615,0.6558154,0.8418491,0.8974287,0.7950817,0.87384623,0
0.16729395,0.12692852,0.16746646,0.108387165,0.18002613,0.110011056,0.26843628,0.095813185,0.3961377,0.09783812,0.45227966,0.18001938,0.52649444,0.16804314,0.40713292,0.33517897,0.44315135,0.30600443,0.14619371,0.37671039,0.1847124,0.34548518,0.49473813,0.45162517,0.5344751,0.44378027,0.54947597,0.66700953,0.5894809,0.65913785,0.84126675,0.89832175,0.7937778,0.8696587,0
0.14871718,0.12694545,0.14794895,0.10810702,0.15751755,0.11044369,0.24798389,0.093887955,0.3688232,0.097640134,0.43787625,0.1762652,0.5034569,0.16689393,0.37998185,0.33048978,0.4163199,0.3067151,0.094837494,0.3741983,0.15913405,0.34724993,0.48663443,0.44757295,0.5226139,0.44071952,0.53912276,0.6647009,0.59751546,0.65769476,0.8329826,0.89912814,0.7963775,0.8721562,0
0.15561502,0.12949698,0.15821323,0.11024554,0.16516882,0.1119452,0.27384865,0.094770625,0.37926254,0.09755011,0.44554773,0.1787543,0.5178862,0.16781211,0.3730161,0.33344942,0.42668226,0.30574712,0.11708255,0.37471613,0.17438646,0.34214488,0.48122758,0.4491129,0.52022123,0.44171953,0.5331202,0.66446596,0.5890373,0.6560994,0.8273617,0.89863443,0.7943693,0.8717993,0
0.15469845,0.12721856,0.15528074,0.10831411,0.16757575,0.110040046,0.26044688,0.09504795,0.38457265,0.09734778,0.43505457,0.17993708,0.51910764,0.16802287,0.3708525,0.3367989,0.43129393,0.3072175,0.1131599,0.37268758,0.17766501,0.34112263,0.4780774,0.45027924,0.52406824,0.4426962,0.53492624,0.6645896,0.5897828,0.65724,0.82613564,0.89941543,0.7931623,0.8721722,0
0.15947656,0.12385912,0.15395275,0.105849005,0.18253739,0.10746425,0.23306204,0.09617309,0.41100666,0.09727478,0.4169019,0.18151799,0.53243595,0.16903949,0.36986953,0.33716932,0.44206387,0.30818295,0.10886337,0.3752777,0.17090106,0.34253803,0.46466425,0.4519862,0.53274804,0.44398603,0.5370729,0.6712905,0.5914617,0.6639128,0.83684146,0.90175515,0.8004607,0.8734005,0
0.14262861,0.118743256,0.14116864,0.10111503,0.1686043,0.102131106,0.23121938,0.09431038,0.40196198,0.093608096,0.41692707,0.18086071,0.52482516,0.16682483,0.39592034,0.33772582,0.44175008,0.3060983,0.15654565,0.37728375,0.17715992,0.34293044,0.47180954,0.4536934,0.53472084,0.44578925,0.570018,0.67426455,0.61742425,0.66832626,0.8403981,0.9039518,0.8119414,0.87642276,0
0.13830622,0.12502821,0.13593215,0.10608442,0.15397584,0.10776222,0.23878427,0.09303832,0.38811067,0.094557956,0.43864706,0.18061459,0.5217283,0.16503122,0.39928377,0.34667745,0.4283244,0.3079706,0.12972955,0.37335125,0.1668206,0.34273967,0.4859481,0.45663264,0.5337465,0.44788012,0.5641035,0.67329043,0.61415535,0.66716397,0.843223,0.8995613,0.8117784,0.87226826,0
0.1382272,0.121358305,0.13654794,0.10281582,0.15729252,0.104244635,0.2391725,0.09171061,0.39520764,0.09235382,0.4349082,0.18117018,0.5236163,0.16384278,0.38596264,0.35326353,0.42826185,0.30999067,0.10362372,0.3682501,0.1729281,0.334403,0.4844568,0.45757928,0.53512657,0.44822526,0.5574191,0.67174435,0.60732394,0.66538775,0.8416559,0.89856863,0.8101431,0.87035143,0
0.14504135,0.121741384,0.14336315,0.10350738,0.16544963,0.10505264,0.24642904,0.092052795,0.40119904,0.09329925,0.4413863,0.17699702,0.53213775,0.1627893,0.38639915,0.33846465,0.44175333,0.30396935,0.098711014,0.36601207,0.17866284,0.3333083,0.48176104,0.45098275,0.5328801,0.44248506,0.55629045,0.6708407,0.6063088,0.6639395,0.8441454,0.8999066,0.81178635,0.8724228,0
0.14826669,0.12300398,0.14988914,0.1043972,0.1655273,0.10612826,0.25358975,0.09387489,0.38707063,0.09558487,0.43678418,0.17984438,0.51371735,0.16716261,0.38292378,0.33549154,0.42377505,0.30505162,0.11738329,0.37046865,0.16981974,0.3397814,0.4703752,0.45164463,0.5122486,0.44398424,0.5449532,0.6718433,0.598357,0.66527086,0.82800484,0.9013018,0.79721653,0.87680817,0
0.14752942,0.12321679,0.14472868,0.104867026,0.16726634,0.10633669,0.24326673,0.09281435,0.3954052,0.0941619,0.42761034,0.17594707,0.5126969,0.164536,0.4129504,0.3323362,0.43168446,0.30370393,0.17353646,0.3785018,0.16634329,0.34135514,0.46542287,0.45260265,0.5158378,0.44554344,0.5576977,0.6722648,0.60431725,0.6669587,0.8312689,0.9011565,0.79879063,0.874741,0
0.13752276,0.12208147,0.13763873,0.10365474,0.15159297,0.105627805,0.24361217,0.09314976,0.37386093,0.095444396,0.42287564,0.17367326,0.50257593,0.16411816,0.41487947,0.31590435,0.4309626,0.29235786,0.19699407,0.38507077,0.18301472,0.34763563,0.47221392,0.45262095,0.5166672,0.446379,0.56054896,0.6688797,0.6014625,0.6645749,0.8230084,0.8920553,0.7989652,0.87106705,0
0.14126603,0.12336956,0.14414448,0.10474749,0.1550288,0.10634632,0.25621706,0.09312372,0.37458995,0.09493198,0.4319961,0.17581391,0.50410753,0.16552655,0.39381248,0.3275273,0.41264793,0.30081293,0.17874394,0.39999798,0.16213882,0.35354766,0.47233745,0.45589048,0.5140459,0.44935033,0.5560429,0.67213273,0.6024541,0.66547555,0.81902754,0.89467585,0.79302824,0.871558,0
0.124279805,0.12173524,0.12074807,0.10340266,0.14318354,0.10516234,0.22095487,0.09265351,0.37458676,0.094426915,0.415388,0.17493892,0.49141714,0.16390505,0.4182359,0.3280227,0.42246115,0.2993999,0.17986555,0.38175735,0.15597634,0.34264517,0.4629136,0.4550363,0.50675154,0.44773445,0.5381152,0.6697053,0.57698685,0.66348916,0.82221246,0.8995453,0.79186136,0.87194806,0
0.12239583,0.1238727,0.12120308,0.10471294,0.14165169,0.10635328,0.22742634,0.09520898,0.3771183,0.09611454,0.42280313,0.18591852,0.49536142,0.1693385,0.40233055,0.3565969,0.41896746,0.31313124,0.14750527,0.38390192,0.16807601,0.3420881,0.4536883,0.46734294,0.49192238,0.4584618,0.5440512,0.6736796,0.5781449,0.66883034,0.82437354,0.9010863,0.78768367,0.8748166,0
0.117501415,0.11935763,0.11538076,0.100854516,0.14560974,0.10160885,0.21491317,0.09446955,0.40225318,0.09251447,0.4231967,0.19102088,0.51155686,0.17124514,0.4052872,0.3748992,0.4178011,0.32585073,0.093384705,0.3872041,0.1575497,0.34008673,0.48178247,0.4727157,0.5354368,0.46273467,0.5749452,0.682866,0.62011164,0.67680436,0.84059626,0.90793425,0.82121754,0.87790775,0
0.12028697,0.11449556,0.12006108,0.09642225,0.14774778,0.0974235,0.22293887,0.090307474,0.39475226,0.08916326,0.42328596,0.18228535,0.5096226,0.16463624,0.3941226,0.35652333,0.4221383,0.31074923,0.13833834,0.39110452,0.16504064,0.33910516,0.47270098,0.4584235,0.52137893,0.4493099,0.55810225,0.67306393,0.59685105,0.6673689,0.83637065,0.9015775,0.8103596,0.8735769,0
0.12565069,0.1228977,0.12933591,0.10356503,0.14011724,0.10492396,0.25590423,0.09181094,0.38134393,0.09246898,0.4498028,0.18408255,0.5182968,0.16546954,0.40286252,0.36301944,0.41079167,0.31296924,0.13914154,0.38748118,0.15772536,0.34009272,0.48597008,0.46356955,0.52487224,0.45409495,0.56530964,0.67624253,0.6140307,0.6697347,0.8384653,0.90191525,0.80818486,0.8753489,0
0.12503935,0.11866329,0.1250454,0.09924517,0.15189765,0.09988556,0.23420246,0.09133301,0.4104466,0.089351706,0.43896553,0.19172244,0.5180119,0.16860704,0.42642176,0.3711891,0.43510324,0.31456038,0.12521642,0.37621948,0.1582131,0.33942926,0.4775391,0.4641236,0.5214065,0.45256937,0.5575058,0.67495495,0.6008677,0.6668815,0.83587337,0.89958423,0.8025111,0.8722208,0
0.13370344,0.11949401,0.13941732,0.10058322,0.1555546,0.10065293,0.2574484,0.09230385,0.39994302,0.089496665,0.4426881,0.18893205,0.50833374,0.1658941,0.42026585,0.3647746,0.417894,0.30959785,0.12614028,0.38108435,0.14676373,0.33906943,0.46829402,0.46381536,0.5025191,0.45338336,0.5595953,0.6736748,0.6008867,0.6691344,0.84309095,0.89921343,0.79390687,0.8803782,0
0.1223723,0.11730156,0.12631966,0.0981576,0.14826502,0.097970635,0.24157692,0.090863705,0.4028955,0.087183475,0.44381857,0.19257799,0.48672035,0.16835596,0.43335682,0.3736945,0.4047217,0.31710705,0.117985025,0.3787723,0.12901269,0.34072787,0.4623069,0.47006717,0.483081,0.45890605,0.55482405,0.6743081,0.5929801,0.6697521,0.8416093,0.9022226,0.7953931,0.8834378,0
0.13371694,0.12507549,0.14387143,0.10509205,0.14893194,0.105259895,0.27866825,0.094070815,0.38186237,0.09235945,0.45625645,0.19366316,0.4914344,0.17337632,0.42226854,0.3738447,0.39767793,0.32327223,0.1148351,0.38124558,0.13736494,0.33560973,0.46615908,0.4701148,0.480729,0.4605672,0.5534507,0.6744545,0.5876718,0.6691626,0.8403926,0.90536153,0.78884864,0.8851192,0
0.14871112,0.12343214,0.15734817,0.10440614,0.16455387,0.105186015,0.27898896,0.09449378,0.38019407,0.09407473,0.43977782,0.18619004,0.5007722,0.17059481,0.403622,0.3573419,0.40927565,0.31573635,0.14909591,0.39395416,0.16574158,0.34010768,0.47857577,0.45694926,0.51094264,0.4493102,0.54845816,0.67368096,0.5941395,0.66774035,0.83581674,0.9031998,0.7953627,0.8808579,0
0.13501273,0.1218181,0.14086607,0.10338338,0.15124065,0.10435372,0.25390753,0.09500599,0.37574476,0.094521716,0.43354487,0.18406,0.48913574,0.1676883,0.399255,0.3505651,0.39750654,0.31214076,0.15320425,0.39131856,0.14855377,0.35797566,0.47967333,0.4598971,0.50932056,0.45185298,0.5522465,0.6743853,0.5991427,0.6700348,0.82801914,0.9004781,0.79260325,0.88008577,0
0.15630494,0.122267626,0.16191146,0.10362262,0.17191142,0.10491295,0.2737673,0.0931345,0.38202736,0.094197035,0.46096483,0.18071194,0.5072357,0.16853288,0.41846672,0.3412332,0.42313847,0.30543023,0.14252368,0.40000722,0.15624234,0.3408133,0.48307213,0.4571964,0.50459933,0.44980383,0.55934846,0.67329454,0.5775255,0.66620386,0.84223807,0.89740807,0.78377926,0.87188894,0
0.15033665,0.11886838,0.15421318,0.100539304,0.16634765,0.10228336,0.2627085,0.0912046,0.37815484,0.09316688,0.45568135,0.1764282,0.50257504,0.16630566,0.4249998,0.33410457,0.41996354,0.30238757,0.15112722,0.40131503,0.14419696,0.34157413,0.48709065,0.45221516,0.510065,0.4455574,0.55635464,0.6703191,0.5872331,0.66400933,0.84604883,0.89917284,0.79662067,0.8744289,0
0.19582005,0.13204405,0.21015234,0.11212469,0.19632652,0.11288102,0.3475974,0.09453497,0.38460442,0.09613891,0.49688163,0.18193932,0.5202639,0.17060962,0.42108068,0.34030375,0.41331646,0.30683136,0.17306699,0.40656003,0.16922927,0.34513703,0.49692464,0.46397045,0.50803626,0.45692226,0.55757964,0.67830825,0.5886841,0.66896796,0.832555,0.9038044,0.76885545,0.8823328,0
0.18561937,0.13161938,0.19154567,0.11202631,0.19304574,0.113188006,0.31155142,0.09528098,0.39971423,0.09723492,0.47175962,0.18247116,0.53357,0.17151748,0.40954933,0.34639874,0.42390168,0.3128617,0.14564863,0.40319374,0.15882227,0.34005615,0.49845108,0.46254897,0.5363795,0.45549273,0.5639768,0.6802242,0.6095604,0.67019904,0.8427354,0.90662307,0.7897657,0.8790485,0
0.1753441,0.13708949,0.17904535,0.11725211,0.18104078,0.118425734,0.3008534,0.09721809,0.38842046,0.09968815,0.47364917,0.18257838,0.51283735,0.17211442,0.41467524,0.34247822,0.41113004,0.3096977,0.15512757,0.3984713,0.14416207,0.33739018,0.4839238,0.45744896,0.50487506,0.450776,0.5686941,0.6781709,0.5943744,0.67001677,0.8495714,0.90599436,0.7884254,0.88072664,0
0.1776672,0.12248616,0.18359156,0.10414698,0.19454274,0.10489221,0.2892384,0.094279245,0.40032795,0.094257645,0.46201503,0.18295583,0.5044602,0.17128348,0.4282844,0.33951768,0.41794023,0.30677775,0.15792152,0.40699404,0.16095902,0.34469053,0.4888611,0.45330736,0.5121045,0.44651875,0.56139535,0.66964847,0.599308,0.66264457,0.8368642,0.90145457,0.79552627,0.8772354,0
0.15919165,0.12002353,0.1625224,0.1011519,0.18943383,0.09941645,0.2488149,0.092214346,0.41847378,0.085292295,0.4240466,0.19347434,0.5236753,0.16213474,0.4310496,0.3434997,0.48276827,0.24311633,0.19387929,0.38067392,0.24005288,0.22258869,0.4668315,0.4565669,0.51935637,0.4444707,0.5593051,0.6755009,0.58302027,0.66697794,0.83481246,0.90543824,0.78389496,0.88001156,0
0.19198692,0.11923146,0.19941565,0.10177312,0.20141095,0.103677705,0.3094065,0.09171748,0.39301524,0.09476481,0.47179493,0.18428576,0.53191763,0.17059746,0.43749958,0.35257915,0.4441624,0.31067157,0.1644077,0.4001028,0.15842584,0.3567785,0.51088697,0.46194163,0.54765385,0.45389605,0.610317,0.6873096,0.65121347,0.6761093,0.84905136,0.90250516,0.8022425,0.88073885,0
0.23313536,0.122868165,0.25218928,0.10335717,0.23687457,0.1041558,0.3748072,0.09286127,0.40020442,0.092743635,0.5133448,0.1874073,0.51693064,0.17392841,0.46780655,0.34876522,0.43504888,0.31791902,0.147095,0.37146172,0.17183317,0.34579864,0.53502154,0.45417148,0.52898407,0.44624898,0.58795446,0.6730816,0.6013326,0.66386145,0.8423854,0.89888346,0.7943927,0.87092245,0
0.2121021,0.12624188,0.22472167,0.10939379,0.217284,0.11109534,0.3422944,0.096371606,0.38874063,0.09997397,0.50047785,0.18320858,0.51127166,0.1737111,0.44904384,0.339943,0.42283857,0.30799255,0.15404704,0.39055875,0.12439935,0.35713443,0.5142298,0.4534641,0.5217552,0.44619638,0.58538216,0.67561626,0.61143273,0.6649143,0.85642844,0.893334,0.78589076,0.8681224,0
0.18655433,0.13078327,0.19889246,0.111179784,0.18815586,0.111910634,0.3279874,0.09173536,0.37325883,0.09351859,0.47979835,0.17490973,0.50151134,0.16560589,0.43272656,0.32762793,0.40504667,0.30232868,0.1851331,0.38539237,0.13825908,0.3427927,0.49366617,0.45031178,0.50571406,0.44379067,0.55920726,0.6772368,0.5994312,0.6660234,0.8367357,0.90391296,0.7739272,0.8780511,0
0.16515997,0.13380459,0.17128636,0.11479178,0.17256236,0.115534194,0.28990194,0.09686618,0.37220815,0.09832197,0.45850936,0.17774874,0.46994117,0.1688828,0.4378704,0.32451946,0.39123335,0.30292606,0.2001646,0.3956516,0.13839643,0.35893825,0.46290135,0.4520179,0.4687851,0.44607523,0.53464115,0.6733004,0.5710538,0.66714543,0.82437235,0.902525,0.7744693,0.8825643,0
0.16690375,0.1343369,0.17735136,0.11469355,0.16928558,0.11522813,0.31030563,0.095068604,0.36933997,0.09612312,0.4677084,0.17936765,0.48836178,0.16742249,0.42824677,0.33241954,0.39934632,0.3020353,0.14316384,0.40333483,0.13982537,0.35739276,0.4709111,0.45438397,0.4828244,0.4471666,0.5292663,0.6735054,0.57549083,0.66639555,0.8188079,0.90087664,0.7728044,0.8818751,0
0.155213,0.13810128,0.17838383,0.1181083,0.15353453,0.11771873,0.34529576,0.10052712,0.35291338,0.09939194,0.4785545,0.18962634,0.4887687,0.17277588,0.4065504,0.34856197,0.36584318,0.3091573,0.16387331,0.3973262,0.1176737,0.3625804,0.48342428,0.46409366,0.4888403,0.4553633,0.52526754,0.67988575,0.5746626,0.6693161,0.8312875,0.8991511,0.7797642,0.8777182,0
0.15107833,0.13337545,0.17817767,0.11420165,0.15027201,0.11371487,0.35057634,0.09969283,0.3482783,0.09806295,0.49241966,0.18633051,0.4713624,0.16991216,0.42599434,0.34135786,0.37270123,0.30905014,0.15572129,0.39352965,0.14009647,0.37850598,0.487261,0.4636708,0.46730137,0.45498955,0.52556974,0.68134385,0.56076425,0.6721105,0.82951975,0.8988232,0.76310444,0.8816226,0
0.14938678,0.1341554,0.17485772,0.11473764,0.1475379,0.11449559,0.34538287,0.09972635,0.34510648,0.09876046,0.49128395,0.18693668,0.46704352,0.17134386,0.4264071,0.3424104,0.37168193,0.3115586,0.15253223,0.39410603,0.1420864,0.3795926,0.48893726,0.46447936,0.46696147,0.45595917,0.5217,0.6800299,0.5561305,0.67058045,0.8302898,0.8983078,0.76727396,0.8805951,0
0.14069979,0.13774407,0.1569633,0.1176873,0.13701151,0.1180754,0.30892512,0.09899278,0.33982575,0.09994174,0.48321256,0.18877731,0.43984672,0.1730781,0.4181231,0.35586235,0.3642931,0.3205763,0.13727097,0.38531238,0.14299586,0.37642685,0.4874627,0.47330058,0.45001122,0.46491033,0.52682793,0.68310255,0.53685874,0.6755719,0.82256526,0.9000377,0.7456494,0.8802453,0
0.15234737,0.13020208,0.16817296,0.11144383,0.15763544,0.11137836,0.30132416,0.09764795,0.35472348,0.096815206,0.46011028,0.18479674,0.4574879,0.16995858,0.39462352,0.340163,0.3772717,0.30617663,0.14564136,0.38341516,0.1375078,0.3547612,0.4853529,0.46264103,0.4722443,0.4546279,0.5240438,0.6784725,0.536199,0.6690545,0.83656645,0.89840716,0.755406,0.8750404,0
0.12567997,0.12782447,0.13719074,0.109013945,0.12871557,0.10945304,0.2686287,0.095920995,0.3362032,0.0961915,0.4570558,0.18112,0.41947103,0.1702155,0.4213505,0.3346892,0.3600989,0.31766585,0.2060328,0.4099978,0.14959687,0.4149906,0.48951828,0.46896416,0.45549467,0.46234098,0.52880764,0.6814293,0.5330979,0.6754764,0.83389914,0.9002472,0.76422256,0.8792309,0
0.13151853,0.12398657,0.1404483,0.105013326,0.14054993,0.105452545,0.26837507,0.09406648,0.37059876,0.09359942,0.46548343,0.18547858,0.4665307,0.17073534,0.41137242,0.34718174,0.38794062,0.32123962,0.18925363,0.4022871,0.18009666,0.40624028,0.49831736,0.47069523,0.48746148,0.46266723,0.55275846,0.6822929,0.559873,0.67626387,0.85550845,0.8958169,0.7704982,0.87601554,0
0.12420326,0.12385724,0.13560411,0.10511341,0.13733461,0.10516524,0.26781556,0.09517045,0.36413348,0.09389896,0.4620134,0.18707028,0.4524615,0.17305374,0.42666125,0.3524884,0.3650691,0.31916818,0.18990071,0.4088408,0.12714392,0.37014097,0.4978736,0.47207958,0.48320892,0.4648731,0.5621208,0.6838619,0.5609018,0.67706704,0.8529512,0.899191,0.77661145,0.87704414,0
0.14231692,0.12929058,0.16114907,0.11048499,0.14383234,0.11135554,0.31624362,0.09389377,0.34980404,0.096431784,0.49217325,0.18590909,0.47311535,0.17497225,0.41811937,0.35240936,0.40310746,0.3273033,0.17539698,0.38986143,0.17898409,0.3919519,0.51836145,0.4718237,0.49977788,0.46456814,0.57327276,0.6864364,0.5751126,0.6762632,0.88028437,0.8971205,0.77747416,0.87705946,0
0.12985678,0.13813989,0.16348656,0.11803716,0.11964151,0.11780243,0.35299104,0.098543644,0.29009953,0.09879732,0.49041742,0.1834671,0.42757064,0.17113318,0.40194246,0.33981377,0.3349287,0.30907184,0.162145,0.3875542,0.09473095,0.3551808,0.48485893,0.46477142,0.43732116,0.45732707,0.5226176,0.6819504,0.5293466,0.66820085,0.822958,0.8977815,0.75018126,0.8718214,0
0.1294567,0.13901785,0.16175286,0.11881862,0.11979054,0.118291,0.35163596,0.0982851,0.2966993,0.098023035,0.48461923,0.18390645,0.4352342,0.17095304,0.4055792,0.3432655,0.34415844,0.31119525,0.18220213,0.3935513,0.10576387,0.35388732,0.48247918,0.46818867,0.44447535,0.46056402,0.52375495,0.6845494,0.5294725,0.67007333,0.82244927,0.8994274,0.74855095,0.8732397,0
0.13086246,0.14043729,0.16075523,0.119805,0.12038384,0.119617514,0.34854546,0.098004915,0.2993209,0.09856043,0.4873642,0.18464771,0.44100356,0.17120722,0.39105818,0.3447222,0.34070855,0.3112676,0.11341169,0.3694173,0.08755316,0.3398266,0.48510927,0.46932504,0.44751313,0.4611544,0.524446,0.68495494,0.5284512,0.6705854,0.82212675,0.9004851,0.7451396,0.87245417,0
0.13308102,0.13945694,0.1616203,0.118938394,0.124213964,0.11867778,0.34333634,0.09624629,0.3009295,0.0968409,0.48505902,0.18133998,0.4322465,0.16899033,0.39699683,0.34001175,0.34339753,0.30952108,0.15064643,0.37803286,0.1029952,0.3478332,0.47556287,0.46283162,0.43370816,0.45525312,0.51805717,0.6831918,0.5209519,0.66953766,0.82419217,0.9000241,0.7421265,0.8734587,0
0.13274758,0.13990551,0.16375494,0.11974163,0.12440385,0.119303845,0.3484598,0.098650746,0.3018474,0.09849387,0.48640087,0.18333296,0.4368262,0.1694923,0.39096686,0.3404778,0.34863788,0.31015316,0.1416431,0.37540206,0.117485195,0.35564905,0.47153702,0.46201846,0.42983606,0.45399314,0.5182459,0.6821127,0.52176356,0.66921484,0.82477206,0.8983128,0.7339021,0.8739187,0
0.12763666,0.1393598,0.15913354,0.11901686,0.11825564,0.119066,0.35174263,0.09851503,0.29794088,0.099271156,0.49233532,0.18226607,0.44457912,0.16890025,0.39563462,0.33958578,0.3428985,0.31033948,0.12141342,0.36980626,0.106993474,0.35296124,0.4717421,0.46154118,0.4309459,0.45349094,0.513355,0.68060493,0.5098718,0.66855466,0.823043,0.8977341,0.7305968,0.8752657,0
0.12641221,0.13919087,0.15813115,0.119096704,0.11949819,0.1187197,0.35096145,0.10001991,0.30583543,0.09943032,0.48818493,0.1856821,0.44708693,0.16941947,0.3849409,0.34761485,0.34079736,0.3124908,0.101424865,0.36066476,0.11055957,0.34463552,0.4786178,0.46408227,0.44219443,0.455442,0.52087206,0.68131256,0.5306946,0.67037266,0.82212365,0.8981496,0.74445194,0.8764067,0
0.13197196,0.14137812,0.15708195,0.120811276,0.122557625,0.1207751,0.33807445,0.09722261,0.31755024,0.09772673,0.48241988,0.18335477,0.4634849,0.16623601,0.39500916,0.3507201,0.35321888,0.31201315,0.10178329,0.3604265,0.117923126,0.34583467,0.474104,0.46415785,0.45785546,0.45478755,0.51539433,0.68129146,0.5506838,0.6700416,0.8180527,0.90045065,0.74654835,0.8772238,0
0.13152337,0.13960238,0.15769017,0.11909957,0.121735066,0.118990734,0.33782753,0.09737162,0.3160083,0.09753909,0.47997785,0.18584639,0.4539448,0.16920033,0.3963211,0.35599938,0.35165703,0.32047826,0.117771566,0.37497497,0.12884802,0.36486414,0.48501024,0.46926084,0.46586582,0.4602892,0.5230967,0.68357736,0.5648074,0.6721386,0.8111367,0.9001834,0.76114076,0.8769255,0
0.1279101,0.13020451,0.15877415,0.11058428,0.1255976,0.11113739,0.335858,0.09600749,0.30249348,0.09694877,0.48106575,0.18239808,0.44630733,0.17096777,0.40088856,0.34016457,0.34687454,0.31166902,0.117078185,0.36608183,0.09136486,0.33989862,0.47657415,0.46084574,0.44736028,0.45364708,0.53326523,0.6828734,0.5626177,0.6707605,0.8204069,0.901918,0.7673833,0.87565595,0
0.12544876,0.14330617,0.15395242,0.1226395,0.11364477,0.12193981,0.3464189,0.09857998,0.313848,0.09756356,0.4847064,0.18554392,0.45883897,0.16633502,0.37935722,0.35125285,0.34919506,0.3127339,0.10562116,0.36047226,0.13450786,0.3553089,0.4823519,0.4693025,0.46324435,0.45927247,0.52465534,0.68582624,0.57423097,0.6740424,0.8127152,0.90293944,0.76943916,0.8807673,0
0.12789898,0.14291835,0.15211788,0.122301094,0.11722715,0.12206152,0.33507422,0.097855665,0.31838405,0.09804831,0.48259565,0.18335754,0.45560378,0.1672153,0.38231245,0.34592494,0.3503471,0.31441504,0.11644434,0.36245245,0.13283448,0.3603701,0.4829891,0.46653548,0.46278808,0.45749673,0.5248164,0.68370384,0.56959385,0.6727604,0.8142736,0.90208626,0.76875496,0.87991786,0
0.12233613,0.14369169,0.15405057,0.12323237,0.112183996,0.12265411,0.35193262,0.10096741,0.30224234,0.10020919,0.48679206,0.18760072,0.447468,0.16915284,0.37943566,0.35461897,0.33871213,0.31367016,0.10976557,0.36454737,0.111681975,0.3461597,0.47536188,0.4681555,0.44569442,0.4583678,0.51609737,0.6854686,0.5505516,0.67217064,0.8144534,0.90255576,0.7680016,0.8767867,0
0.1263482,0.13719018,0.14955336,0.11761103,0.12383041,0.11722841,0.3249519,0.097006515,0.32483885,0.09665862,0.47163698,0.18038112,0.44675487,0.16620752,0.39321545,0.3433674,0.3505553,0.3115895,0.15639244,0.37909475,0.123715594,0.35261542,0.47649363,0.4636102,0.45601255,0.45590758,0.51691467,0.6825916,0.5462452,0.6730297,0.8252719,0.90189546,0.779135,0.88017535,0
0.1372166,0.14259553,0.17077431,0.12187973,0.12211748,0.121863626,0.36885983,0.09931183,0.2869785,0.099969864,0.52074605,0.18277822,0.44118336,0.16434857,0.41865307,0.33573174,0.35417232,0.28677973,0.12747933,0.36211562,0.12601407,0.32501134,0.5006687,0.45674333,0.44160962,0.44668418,0.5367854,0.6802154,0.55349267,0.66539335,0.8307082,0.90069956,0.7783297,0.87455076,0
0.13184227,0.13683143,0.15789062,0.11771157,0.12824893,0.11785598,0.34298095,0.09755173,0.3155905,0.09838095,0.50257194,0.17325087,0.44320533,0.16064659,0.44136983,0.32028285,0.35636717,0.29235336,0.2263571,0.38241214,0.14322911,0.3653045,0.4861094,0.4460795,0.44328627,0.438257,0.53879553,0.6770325,0.5662139,0.6651035,0.8377259,0.9001917,0.78308827,0.87531036,0
0.14831258,0.13491856,0.14876774,0.115948655,0.15581593,0.117047094,0.26228327,0.09591365,0.36313403,0.09827332,0.47314647,0.17340063,0.4563177,0.1652143,0.459272,0.31245366,0.40753752,0.2990244,0.19238022,0.396775,0.15673544,0.39853457,0.4757399,0.4476881,0.45950338,0.44025657,0.5360416,0.67390525,0.54560095,0.6653003,0.836971,0.9024626,0.77309877,0.87369597,0
0.14796163,0.1332886,0.15048349,0.11511393,0.15378845,0.11661911,0.26652318,0.09695182,0.35163146,0.100299984,0.47632313,0.17016684,0.4446129,0.16424665,0.46259093,0.31053016,0.39900923,0.30170283,0.20024286,0.3914102,0.15409352,0.39557067,0.47836125,0.44619438,0.45118392,0.4398683,0.5400107,0.6725579,0.5444552,0.66507566,0.8389454,0.9013493,0.77047247,0.87297916,0
0.1501075,0.13729325,0.16331416,0.11806511,0.14441536,0.119251646,0.31891862,0.095194384,0.32782593,0.09924063,0.49913386,0.16992778,0.43357468,0.16508965,0.4479229,0.32105082,0.3633931,0.31105322,0.2041348,0.4147003,0.13313544,0.41112074,0.485841,0.4533016,0.43950212,0.4477814,0.540041,0.67486036,0.5371546,0.666653,0.83138764,0.8996536,0.7660761,0.87298584,0
0.15030679,0.13914186,0.1544406,0.119946435,0.14960214,0.12127104,0.2832339,0.09721795,0.34258822,0.10108326,0.48998475,0.173453,0.42885143,0.16756096,0.4624499,0.3167985,0.37508494,0.3056671,0.22068696,0.4102214,0.15417357,0.40980503,0.48368728,0.44869757,0.43992049,0.44222414,0.5340211,0.670512,0.53373367,0.6609958,0.832351,0.8988406,0.76466066,0.8672991,0
0.13758476,0.13880084,0.15534219,0.118800454,0.12642331,0.119541764,0.32785136,0.093736984,0.31315577,0.09682846,0.48977852,0.16946398,0.43248096,0.1621327,0.43155983,0.3213617,0.35584125,0.30805066,0.19995981,0.42657065,0.15024482,0.41724604,0.48623982,0.45189458,0.4455145,0.44574606,0.53109765,0.67271835,0.5355026,0.66358197,0.8236771,0.8980858,0.7531533,0.8750763,0
0.119555384,0.14258759,0.1359339,0.12209018,0.09988026,0.123873904,0.31345913,0.093009666,0.27003667,0.0991868,0.5023913,0.1655157,0.40051803,0.16140056,0.4557469,0.31541687,0.34221378,0.3040171,0.23768994,0.414357,0.13458695,0.40720582,0.50008273,0.44575426,0.43178144,0.4402904,0.5366908,0.66609854,0.54014254,0.6561855,0.8253349,0.89249396,0.76406986,0.867694,0
0.13638979,0.14519776,0.15393922,0.12371609,0.11252182,0.12517709,0.33497804,0.09225712,0.28805614,0.0975997,0.5100419,0.16969524,0.43755704,0.16192043,0.4510575,0.3230611,0.3781861,0.30656984,0.21968423,0.4160153,0.17574,0.4135944,0.50809425,0.45335126,0.4599615,0.44631132,0.5578126,0.672047,0.5702458,0.66069,0.8243698,0.8996281,0.768904,0.8748374,0
0.13395137,0.14516087,0.1521928,0.12377205,0.111328505,0.1251335,0.33603194,0.09309559,0.28858805,0.09814539,0.51240623,0.17041264,0.436787,0.16256355,0.44946858,0.32307807,0.37606153,0.30675656,0.21800354,0.41667196,0.1746689,0.41427153,0.5099152,0.45397663,0.4592097,0.44696343,0.5618969,0.6733815,0.5725653,0.661969,0.8269999,0.9000283,0.7719251,0.8750646,0
0.1478929,0.1422629,0.16795886,0.12106022,0.120174654,0.122873835,0.34366766,0.089328475,0.28057858,0.095385365,0.5104939,0.16330001,0.4484914,0.15559697,0.45730636,0.31467536,0.37886208,0.29499283,0.20765759,0.40543622,0.1657723,0.39208493,0.51843953,0.44993952,0.47759336,0.4429448,0.57461274,0.6717207,0.5898852,0.65917486,0.83088714,0.89627254,0.76188225,0.8712546,0
0.13677555,0.14162625,0.15165432,0.12069054,0.12286495,0.12305007,0.3134772,0.09125447,0.31328845,0.09743462,0.48407942,0.16907564,0.47471985,0.16227536,0.44789332,0.32776538,0.42846,0.31060278,0.18924685,0.40772283,0.17889577,0.39989182,0.5264615,0.44833434,0.5219091,0.4419912,0.57999235,0.6697323,0.6087767,0.66118985,0.85165805,0.89009786,0.78504735,0.87172335,0
0.12167758,0.14280277,0.13748457,0.12327014,0.10862171,0.12566862,0.29381874,0.098319486,0.30086288,0.10409884,0.46288824,0.17393132,0.46435067,0.16716968,0.42475167,0.332846,0.4100235,0.31749567,0.20121002,0.42241007,0.17261499,0.41738614,0.5261549,0.46291298,0.5272149,0.4567894,0.60097176,0.6820455,0.6204697,0.6712701,0.86455226,0.8929271,0.78391546,0.8707003,0
0.14858596,0.14622463,0.15877877,0.12475644,0.12513807,0.12681808,0.31523806,0.09091583,0.29310614,0.09848624,0.51015395,0.1613021,0.4671217,0.15839984,0.49064094,0.30374706,0.43696848,0.299115,0.24009019,0.41267118,0.19942601,0.41402066,0.53647476,0.4456309,0.5071837,0.43995354,0.5782864,0.66694385,0.5986627,0.65616184,0.85705966,0.8936354,0.80791956,0.87340283,0
0.14090946,0.15347297,0.15533632,0.13396907,0.13126518,0.13625637,0.31717506,0.1059534,0.3226097,0.11225452,0.4794863,0.17359866,0.48232606,0.1690028,0.4318165,0.3231654,0.40741965,0.30993813,0.18312463,0.41359383,0.14264445,0.40165305,0.52114254,0.44820425,0.5253688,0.44296837,0.5872011,0.6731303,0.6226372,0.66523635,0.8653736,0.8927216,0.78155196,0.87486076,0
0.14337538,0.1519334,0.15899745,0.132686,0.13333271,0.13519907,0.3191974,0.10618573,0.3179593,0.112909555,0.4780482,0.17361335,0.47559166,0.17010823,0.42664567,0.32041284,0.40147766,0.31005198,0.18401717,0.41241732,0.1365219,0.40308636,0.51408345,0.447094,0.5139257,0.44225284,0.58280337,0.6718377,0.6163828,0.6640818,0.86035043,0.89265066,0.77487916,0.8749056,0
0.14259346,0.16159645,0.14453755,0.14077605,0.12153462,0.14450996,0.29616964,0.11085501,0.3160901,0.12005498,0.4823187,0.175854,0.48613158,0.17160964,0.42058608,0.3232059,0.3834567,0.3119659,0.1684297,0.4373267,0.14814816,0.42538193,0.52070177,0.45125172,0.52417105,0.4464358,0.5879499,0.6718486,0.6166022,0.66715693,0.8372923,0.8994869,0.7842721,0.8801697,0
0.14378412,0.14605407,0.14915782,0.12432358,0.12917617,0.12605135,0.30460602,0.09134006,0.3232833,0.097531885,0.49814174,0.16708797,0.49239495,0.16185884,0.44888312,0.32249072,0.40752524,0.30997318,0.17743541,0.41223544,0.15903133,0.40195933,0.52706903,0.4434774,0.52477103,0.4375686,0.5900609,0.66762316,0.6171517,0.6591332,0.85690486,0.89911526,0.80655205,0.8758051,0
0.14558855,0.16402481,0.146631,0.14319444,0.12493682,0.14725341,0.29211447,0.113241285,0.31513983,0.123355895,0.49109346,0.18040487,0.48517996,0.1775028,0.45493802,0.32922262,0.40997896,0.31815422,0.18593448,0.4240652,0.16196224,0.41033468,0.50869644,0.46048737,0.50460964,0.4556219,0.5901667,0.67817676,0.6074252,0.6724409,0.8380534,0.9030134,0.76657,0.8821896,0
0.14356492,0.1563943,0.14716557,0.13567494,0.12379186,0.1397287,0.29889905,0.105684474,0.31182384,0.11605671,0.49667272,0.16725083,0.4758969,0.16709734,0.44609153,0.30442145,0.41744384,0.30281806,0.18374442,0.4181985,0.17570941,0.41145894,0.51026255,0.44575226,0.49060348,0.44169387,0.57850605,0.6710251,0.591377,0.6656538,0.84916764,0.9000832,0.75290036,0.88244414,0
0.14944528,0.1629851,0.15403919,0.14194065,0.12620524,0.14592414,0.30595353,0.110516995,0.30096623,0.121120706,0.5047258,0.17876677,0.46446067,0.1769455,0.45588022,0.33083716,0.4013668,0.3176898,0.18784153,0.43662232,0.15057419,0.41442356,0.5129226,0.45909637,0.48349595,0.4545172,0.5927305,0.678612,0.58054733,0.67186433,0.83731246,0.90520686,0.75245017,0.8822906,0
0.1335928,0.1590353,0.14568771,0.13919172,0.12731688,0.14246492,0.30608535,0.1136229,0.31279406,0.12238559,0.48661718,0.18283457,0.4658596,0.18252115,0.44325262,0.33274004,0.40102112,0.32297766,0.1796549,0.42863634,0.13979945,0.4089128,0.51074433,0.4565723,0.49256834,0.45306385,0.59572035,0.68204784,0.58970886,0.67599595,0.86300415,0.8997356,0.7532038,0.8833429,0
0.15794271,0.13657923,0.16661856,0.115264624,0.13575678,0.119992994,0.31365758,0.09052854,0.29930133,0.1001086,0.47932315,0.16813631,0.4687474,0.16228884,0.48741347,0.31817812,0.4454701,0.306023,0.21216221,0.42487755,0.2285755,0.4164439,0.5356166,0.4433765,0.5177332,0.43628508,0.5863605,0.6641024,0.56536317,0.65137106,0.82678026,0.87990034,0.73276305,0.865122,0
0.1414858,0.14302841,0.14687064,0.12050893,0.11950169,0.121949695,0.30477965,0.08418169,0.317146,0.08983249,0.49942273,0.16050848,0.5047508,0.15301007,0.46833974,0.31658617,0.4666397,0.303431,0.22938286,0.42386466,0.23163953,0.41332614,0.5639325,0.44150412,0.56348544,0.4347373,0.59531,0.66474974,0.6201949,0.6541414,0.8510797,0.8957815,0.79322314,0.87741524,0
0.12999673,0.14605933,0.13785845,0.12412378,0.10948747,0.124402404,0.30683252,0.08926449,0.3050904,0.092802905,0.5014098,0.16689868,0.4742408,0.15881558,0.46438512,0.3239913,0.43456838,0.31016165,0.26241073,0.4206751,0.22227572,0.40900517,0.56252795,0.45151344,0.54165256,0.4449506,0.59611,0.6660526,0.6067172,0.6565986,0.84388757,0.89722157,0.797627,0.87531143,0
0.12814984,0.17890058,0.13409993,0.1584479,0.11661325,0.16101804,0.28955972,0.1319502,0.32760176,0.13880382,0.48176202,0.20345633,0.51442933,0.20007086,0.44167435,0.35426566,0.4517247,0.34682634,0.20301156,0.45062304,0.2028177,0.44443455,0.589206,0.4744793,0.6047796,0.46989697,0.6412985,0.68751115,0.6554407,0.67957026,0.860502,0.90227854,0.77454174,0.8813715,0
0.124290034,0.18054552,0.13076088,0.15973763,0.109356426,0.16233273,0.2858441,0.13122311,0.3128931,0.13826394,0.49354643,0.20128345,0.4993754,0.19782357,0.47800496,0.348694,0.4537987,0.34141114,0.22341631,0.43561175,0.2194076,0.4341448,0.6071519,0.4710001,0.6057775,0.46617264,0.65655184,0.6849984,0.6714988,0.67718065,0.8480226,0.89966273,0.7674486,0.87850666,0
0.13398089,0.17135748,0.14144102,0.1509262,0.12288432,0.15320203,0.2906743,0.121751785,0.33098218,0.1276929,0.46967268,0.18800877,0.52196753,0.184767,0.47795048,0.32770044,0.49479207,0.32296902,0.23844446,0.4209486,0.23296417,0.4177879,0.59787613,0.45821193,0.62747043,0.4539273,0.65081537,0.68364435,0.682832,0.6767568,0.8500227,0.9014397,0.77101827,0.8837235,0
0.15777944,0.15277871,0.15607783,0.12970056,0.13319692,0.13532186,0.29565266,0.09744992,0.30650565,0.10982969,0.4946244,0.17142174,0.4815125,0.17088866,0.53207386,0.29628545,0.48228756,0.2906272,0.26756755,0.39935908,0.2419722,0.39663583,0.5927294,0.44548544,0.5786515,0.4406596,0.6435873,0.6703299,0.6435564,0.6575761,0.82971686,0.88546616,0.7833632,0.8651249,0
0.13282858,0.15264332,0.14071254,0.13018769,0.10704288,0.13229781,0.30744526,0.09132385,0.27772135,0.09969912,0.53434,0.15770297,0.45401335,0.16112748,0.5250785,0.29185855,0.4537528,0.29789484,0.2644715,0.4035925,0.23615515,0.40696248,0.64373887,0.43686593,0.5880123,0.43426445,0.65536934,0.6659491,0.67079324,0.6598907,0.8589625,0.89779294,0.8019479,0.87955076,0
0.1290342,0.155201,0.14244643,0.13280244,0.104715586,0.13258903,0.32427466,0.094343804,0.3049039,0.09580936,0.515034,0.16670236,0.5181427,0.15408301,0.5129672,0.30192,0.49468848,0.2760225,0.24520975,0.41053763,0.24222602,0.39746723,0.6395333,0.43816796,0.639728,0.4297496,0.6617606,0.6651796,0.7086202,0.6541581,0.84344953,0.9006778,0.79604673,0.8811833,0
0.14253603,0.15684411,0.14418574,0.13342647,0.11328222,0.1370099,0.3057619,0.09676256,0.31047782,0.10572185,0.5213085,0.16731086,0.50827855,0.15905826,0.52235115,0.30387896,0.48771998,0.27787787,0.269763,0.40931228,0.25641772,0.39054552,0.6326445,0.43506128,0.61152226,0.42732027,0.6300963,0.6621117,0.6077161,0.65062445,0.8267409,0.8947611,0.69435555,0.8687268,0
0.14158335,0.15598702,0.13864107,0.13265522,0.117681235,0.13588813,0.2905789,0.09753446,0.33936086,0.104689196,0.49344513,0.17130707,0.5605226,0.16378045,0.52176124,0.3114781,0.5289842,0.29902983,0.2605279,0.40354776,0.24264205,0.40006834,0.61272824,0.4435253,0.6567336,0.43597135,0.6231262,0.66874695,0.6700313,0.6601343,0.8300745,0.9030612,0.7898214,0.88057464,0
0.14011522,0.15647122,0.13899058,0.13339642,0.11738132,0.13567066,0.29074767,0.09882383,0.3381959,0.10365978,0.49532554,0.17509131,0.55384886,0.16248146,0.52180564,0.3133982,0.5302588,0.28651395,0.26720247,0.40551916,0.25323355,0.38871673,0.61429656,0.4485959,0.6477678,0.43925086,0.62711775,0.6752565,0.64982784,0.66467106,0.82314444,0.9080212,0.7464976,0.8829113,0
0.14491534,0.14946173,0.13978395,0.12664224,0.13030677,0.12872173,0.27704656,0.09395284,0.36018962,0.097688675,0.46204343,0.17282462,0.5598321,0.16405806,0.4596276,0.3253309,0.50509024,0.31445095,0.20059934,0.40803602,0.21629998,0.4021816,0.6209474,0.44722602,0.6860111,0.44129366,0.68152064,0.67845297,0.7362413,0.67382413,0.8465977,0.9100826,0.8421537,0.88958466,0
0.14486605,0.1439778,0.14539452,0.12125616,0.12677792,0.123960346,0.28779224,0.089371726,0.33081087,0.09523601,0.4777625,0.16640878,0.5170219,0.15844432,0.49250552,0.32009903,0.4835302,0.3035638,0.2755473,0.41149825,0.24644868,0.40682316,0.6143352,0.44927382,0.6381217,0.4439065,0.6803228,0.69526255,0.71119577,0.6883296,0.8474671,0.9144108,0.83236384,0.89152235,0
0.14173117,0.13940734,0.13450912,0.117477074,0.12779711,0.12239286,0.2532792,0.09504852,0.31161636,0.10323989,0.44201013,0.17696795,0.47812787,0.16908053,0.47411838,0.32144836,0.4337049,0.31004992,0.26987138,0.40696725,0.20229675,0.40095395,0.58605754,0.44681156,0.60566276,0.44033998,0.64879304,0.67377025,0.665898,0.6579573,0.85494787,0.8867237,0.8378788,0.8626942,0
0.11621365,0.13825752,0.121691786,0.11705651,0.11253731,0.11539676,0.24864668,0.09080677,0.30085638,0.08716116,0.4118547,0.17789985,0.45326066,0.16169022,0.45611817,0.34896022,0.412564,0.31036463,0.4318923,0.52233803,0.1989126,0.40948972,0.5447908,0.44544116,0.5753163,0.43836823,0.6225166,0.65253633,0.6508759,0.6415176,0.8303745,0.890253,0.8196727,0.8621393,0
0.116103,0.13565274,0.1207779,0.11479087,0.11098898,0.113972045,0.24191277,0.091324575,0.2970333,0.08928394,0.40967837,0.17773645,0.46346325,0.16481163,0.41138932,0.34081537,0.4112413,0.3203471,0.26658535,0.4258565,0.1769428,0.40317172,0.55112076,0.44885707,0.5902455,0.44139022,0.6051891,0.6571941,0.658285,0.64390695,0.79252833,0.89340746,0.84194225,0.85415334,0
0.115819365,0.13684528,0.11764829,0.115848586,0.11226716,0.11552417,0.2278071,0.09437022,0.30067787,0.09279871,0.40026847,0.18186204,0.46442315,0.16985622,0.40828186,0.34055328,0.4077663,0.32351434,0.254054,0.42486438,0.16956583,0.40527597,0.5412084,0.45102218,0.5874072,0.44348007,0.6020101,0.65956324,0.6563873,0.6461618,0.78933805,0.89726716,0.83708733,0.85402155,0
0.103109546,0.13154021,0.1062511,0.112241276,0.10732953,0.11119981,0.20883122,0.0981412,0.31069636,0.09316359,0.3697548,0.18505287,0.46816283,0.16705194,0.3913058,0.3362645,0.4168225,0.31775823,0.23916095,0.42624962,0.18128984,0.4154132,0.51944757,0.45229617,0.58919716,0.44072446,0.5837185,0.6713074,0.67111397,0.64588094,0.7149662,0.90011483,0.82898384,0.84424675,0
0.11021919,0.13473481,0.11635004,0.11422672,0.112158254,0.11329522,0.22731242,0.09899134,0.32014447,0.093878835,0.3826618,0.1950764,0.48789832,0.17142887,0.42704016,0.35967752,0.45736784,0.3287998,0.21269055,0.4331252,0.22327702,0.42081127,0.511632,0.475473,0.59208125,0.4600825,0.569227,0.6948103,0.7073611,0.65964067,0.68558556,0.90980154,0.8275207,0.85246503,0
0.10692765,0.12462206,0.115516625,0.10361435,0.09869663,0.104135826,0.21874614,0.08536072,0.2653766,0.08432154,0.38093936,0.18074647,0.42759594,0.16166969,0.45737115,0.344829,0.41137096,0.31995308,0.25129148,0.43907666,0.19609477,0.4266149,0.49299037,0.45613158,0.5377512,0.43959105,0.52302635,0.68773115,0.6644376,0.63817286,0.6553247,0.9027791,0.77865666,0.8329565,0
0.08541404,0.11868377,0.104348406,0.09875927,0.06475155,0.10096192,0.22224082,0.0829741,0.2068528,0.0845685,0.3439109,0.17718372,0.3675554,0.16577367,0.30959788,0.33955505,0.31787232,0.33335346,0.17306341,0.45278844,0.15547058,0.46012747,0.5214552,0.44759122,0.5519598,0.4331368,0.5210013,0.68677384,0.6497691,0.6329696,0.6571233,0.9079043,0.83318216,0.80724734,0
0.08080893,0.12328511,0.079475686,0.10573531,0.08260775,0.107876204,0.1627025,0.092907436,0.27648056,0.09281812,0.29058582,0.1846017,0.4380968,0.17150976,0.26019397,0.3433047,0.3487669,0.33638358,0.123066895,0.4506551,0.1286554,0.45357,0.5037621,0.4559961,0.61420256,0.44106895,0.53098214,0.6980346,0.67534244,0.64653915,0.638569,0.9117184,0.8434533,0.81609535,0
0.07953515,0.12629296,0.08254966,0.1079526,0.07765832,0.10989423,0.18286967,0.09381872,0.27645135,0.09342613,0.3061823,0.18602066,0.44855195,0.17100678,0.27596793,0.34540343,0.35733092,0.3345259,0.13158657,0.4559645,0.13345039,0.45341283,0.5067081,0.4562591,0.6143087,0.44082844,0.53182316,0.6962503,0.6769911,0.64664316,0.6337126,0.91029936,0.83442926,0.8191172,0
0.11012419,0.12541729,0.11136096,0.10350771,0.10548864,0.105765015,0.21905561,0.08366809,0.3227758,0.08565622,0.34512332,0.17532673,0.5192328,0.16102076,0.281445,0.33458233,0.4051903,0.3206537,0.11465099,0.4598737,0.13484845,0.450301,0.50754726,0.45646396,0.6374978,0.44217408,0.5112899,0.68817484,0.703468,0.64927304,0.6178232,0.9048082,0.83551145,0.83716774,0
0.16458642,0.09666328,0.16215397,0.08311309,0.18654826,0.08219242,0.20579034,0.090841524,0.38821328,0.08257917,0.315857,0.19184507,0.5164963,0.16937572,0.28875372,0.35298836,0.42696315,0.32716095,0.11503781,0.46195152,0.14479819,0.4476772,0.50331646,0.45507622,0.64431924,0.43882498,0.5367219,0.67782104,0.69356525,0.63803375,0.6221552,0.8975196,0.8034716,0.82289225,0
0.20752656,0.11074381,0.20791101,0.09271937,0.22426516,0.09155378,0.2581364,0.0885818,0.43885565,0.08067918,0.32517132,0.19613661,0.6228746,0.16684592,0.27326766,0.3576653,0.5849124,0.2958239,0.09581114,0.4694248,0.29480106,0.38055164,0.5043576,0.46743217,0.7079028,0.45045832,0.5257711,0.6914194,0.74165404,0.6578766,0.60529655,0.90456045,0.8175239,0.8437447,0
0.20401128,0.11589032,0.20686603,0.09618425,0.22097339,0.0952632,0.28322542,0.08881035,0.44324926,0.080257945,0.37012902,0.19724466,0.6144631,0.16444445,0.2897726,0.36329824,0.57693547,0.29295945,0.1032188,0.46073094,0.295721,0.37230805,0.5357245,0.46753928,0.702322,0.4506177,0.5411117,0.67692274,0.7305946,0.6542888,0.6353683,0.89553887,0.8115574,0.842945,0
0.2334359,0.12323947,0.23490372,0.10205827,0.24590221,0.10206175,0.3184017,0.09126516,0.47369292,0.08557582,0.3833566,0.19828664,0.6717771,0.17322627,0.26228195,0.3591808,0.7484236,0.32646123,0.096689515,0.4753191,0.7342525,0.48016575,0.55284476,0.47914773,0.7388247,0.4644934,0.5600212,0.6896045,0.7616048,0.666295,0.6385794,0.9042415,0.82988185,0.8510649,0
0.23118882,0.124383986,0.23195514,0.104122356,0.24743542,0.103050545,0.3101071,0.09511061,0.4840488,0.08653656,0.38641533,0.20232628,0.6657536,0.17357336,0.2821299,0.36111632,0.6633516,0.32188603,0.09736491,0.4740031,0.4094106,0.46524543,0.5538396,0.48029828,0.741454,0.46341962,0.55577016,0.69246066,0.7664791,0.66671556,0.6404325,0.9054457,0.8358128,0.85132736,0
0.2647379,0.1059423,0.2714914,0.08693872,0.2889748,0.085169986,0.34605736,0.08526573,0.5277548,0.07452331,0.37119684,0.19575854,0.7297309,0.16519152,0.23726967,0.35903126,0.7718127,0.30867043,0.070023805,0.4830208,0.58543164,0.43394667,0.5499349,0.4753462,0.78185827,0.4609221,0.5560229,0.6860116,0.78555876,0.6725691,0.6424045,0.8997202,0.8323204,0.86452067,0
0.27733716,0.099415064,0.2893029,0.08049822,0.30756,0.0784771,0.3864156,0.08375106,0.5666958,0.07202473,0.39496556,0.19735213,0.7744085,0.16780011,0.2356086,0.36180517,0.84109676,0.3194851,0.08331214,0.4838584,0.7125196,0.45529133,0.567444,0.4790212,0.80875295,0.4647109,0.55818456,0.68170816,0.804256,0.6660537,0.6392367,0.89753515,0.8524069,0.859185,0
0.2990378,0.099223524,0.3131705,0.08037615,0.32994592,0.07831374,0.41094953,0.08458715,0.5871486,0.072959855,0.3993376,0.19818011,0.80489945,0.17147085,0.2355233,0.3619498,0.8956486,0.32592484,0.090478666,0.48468283,0.791754,0.45711717,0.5726383,0.4842238,0.83162355,0.47167376,0.5572728,0.6825988,0.8295799,0.67018086,0.63956904,0.8970968,0.86682314,0.8636949,0
0.29115847,0.09243789,0.3087053,0.07473874,0.31955218,0.07292195,0.42469767,0.08228756,0.5702023,0.072684914,0.4237855,0.1982196,0.75377345,0.17775701,0.2123878,0.3660053,0.7730389,0.33298206,0.07270558,0.49385157,0.40750483,0.45999262,0.6074266,0.4878252,0.79621595,0.48217082,0.60690516,0.6875254,0.72697705,0.6915143,0.70115006,0.8800061,0.7244521,0.8943722,0
0.28809652,0.10434857,0.29712555,0.0866373,0.30396533,0.08696294,0.38230062,0.0887845,0.52732134,0.0824028,0.3745587,0.20121197,0.7641122,0.18427381,0.23549865,0.36328933,0.92076075,0.33832014,0.09031235,0.4899639,0.8968319,0.44418684,0.53998584,0.48810792,0.7887041,0.47961354,0.52514213,0.6938584,0.76130754,0.6880336,0.5872531,0.90007937,0.7883482,0.8903256,0
0.29061553,0.10375933,0.2984761,0.086422965,0.30852118,0.08664803,0.3785907,0.08954568,0.5340481,0.08288737,0.36817008,0.20273542,0.7713041,0.18627492,0.2348861,0.36410472,0.9264561,0.3379343,0.09173327,0.4902767,0.9124916,0.4401249,0.5340373,0.48786378,0.7964861,0.47819015,0.511646,0.69510746,0.7750877,0.6842497,0.57050866,0.9072727,0.8090129,0.8771601,0
0.2809656,0.08748536,0.2998436,0.071002245,0.29201022,0.0714107,0.39362806,0.07954501,0.45355353,0.07473158,0.42033598,0.19647306,0.60720456,0.18636818,0.22459508,0.35990128,0.81000286,0.33298576,0.100992225,0.4777384,0.8495267,0.40969333,0.5771971,0.49002013,0.6593474,0.48736894,0.6138645,0.70246387,0.605097,0.70623285,0.6984947,0.8923272,0.62915385,0.8994988,0
0.27958187,0.090119556,0.29254144,0.07374139,0.30329415,0.073200375,0.37208322,0.08349705,0.5102693,0.0746284,0.33554298,0.20216915,0.7202504,0.18479243,0.18124701,0.36297116,0.9112337,0.33055547,0.10224219,0.4897157,0.9425241,0.4250403,0.49073288,0.49041542,0.7261786,0.48341504,0.5016824,0.7006785,0.69166005,0.6978001,0.5895234,0.90396506,0.7041376,0.89927214,0
0.2625037,0.093972735,0.27560705,0.07616778,0.2907913,0.07656517,0.35578352,0.08290291,0.49793568,0.076464176,0.30216783,0.20479909,0.71377873,0.1910595,0.16061096,0.36881292,0.86666656,0.33937427,0.09142456,0.4983735,0.902484,0.43104112,0.4252234,0.50718343,0.6936196,0.49954474,0.43940294,0.7194204,0.69221,0.7108242,0.52229387,0.9258486,0.7076717,0.9071462,0
0.22488163,0.09282647,0.25117394,0.07446805,0.20999329,0.07990333,0.36385718,0.07734891,0.26595077,0.08817926,0.63907534,0.19020507,0.24916217,0.20990783,0.8586139,0.32423362,0.13861032,0.3645814,0.9196512,0.43762383,0.07506685,0.50025016,0.64418507,0.5009666,0.4030733,0.50515723,0.64282614,0.710829,0.4236926,0.7142859,0.6882629,0.9154416,0.49928182,0.91021943,0
0.19521011,0.102765776,0.20380871,0.082937434,0.22988114,0.083129406,0.27285677,0.08597994,0.44808367,0.07761679,0.222109,0.20414051,0.6520179,0.180195,0.117784746,0.37680095,0.83851886,0.32914612,0.05947048,0.5067993,0.90331554,0.4441044,0.3915511,0.49261203,0.6636171,0.48472872,0.4265394,0.6932364,0.629987,0.70125395,0.46610597,0.89790595,0.6446869,0.89768803,0
0.1921039,0.097658634,0.20509095,0.07794919,0.224612,0.078487344,0.2860233,0.08301106,0.43732193,0.075547315,0.23044261,0.20162304,0.6457625,0.17911856,0.124002025,0.37595725,0.8335172,0.33044177,0.061668333,0.50777197,0.9050864,0.44594833,0.39371955,0.49454784,0.65239745,0.48693195,0.43549109,0.6979441,0.6203424,0.7038777,0.47938716,0.9015234,0.6399114,0.8972943,0
0.17250869,0.1000159,0.18705253,0.08004165,0.20484577,0.08128524,0.28631264,0.08299999,0.42045298,0.07781754,0.231556,0.19820109,0.63833725,0.178563,0.12225027,0.3696204,0.82151103,0.32713723,0.06947976,0.5011789,0.9037338,0.4403194,0.38548052,0.48890954,0.6341494,0.4820787,0.44651023,0.6866319,0.6121704,0.6914357,0.49720204,0.8895795,0.6181838,0.8879492,0
0.16489358,0.09407773,0.17911498,0.077850915,0.18406004,0.07951874,0.27982986,0.081807464,0.37767935,0.08011674,0.36504284,0.19204526,0.55730563,0.18863349,0.35438037,0.34841135,0.7593594,0.34094003,0.16741341,0.49128082,0.8743853,0.46037292,0.4678475,0.48501652,0.59368926,0.48116955,0.48217577,0.69487405,0.6191098,0.6921321,0.53242135,0.88936806,0.6380329,0.8919544,0
0.18981779,0.10534801,0.19047698,0.08655023,0.23412691,0.08717275,0.24191222,0.08824949,0.45460296,0.08203306,0.20581205,0.19886678,0.6449851,0.1796414,0.12839152,0.36131892,0.83425087,0.32312202,0.104899675,0.48930913,0.9218726,0.4484899,0.37205887,0.48082155,0.6380052,0.47409385,0.4780031,0.6738536,0.6009874,0.6803054,0.5672664,0.87777364,0.61940116,0.87557095,0
0.22037461,0.0942912,0.22640853,0.075842045,0.2622384,0.07719622,0.27748102,0.08111248,0.46733028,0.07687173,0.21870057,0.19486792,0.67408156,0.1801155,0.1283544,0.3573738,0.847203,0.32619262,0.102168545,0.49223498,0.9175633,0.4456909,0.3698223,0.47568187,0.6450297,0.47010136,0.49877706,0.6701247,0.6057397,0.6744753,0.5958843,0.8770366,0.63092566,0.8709241,0
0.22082745,0.09958882,0.22444808,0.08140917,0.26780578,0.08209705,0.27113447,0.084757134,0.4803343,0.07945313,0.19946261,0.19739233,0.6686634,0.18137296,0.115224406,0.35720304,0.8376548,0.3232767,0.12122963,0.49004468,0.9211574,0.43656152,0.35831103,0.4727076,0.64462566,0.46828496,0.4929364,0.6653569,0.61234564,0.6748052,0.5989094,0.8687462,0.6496327,0.8788589,0
0.22073787,0.099536516,0.22437024,0.08135372,0.2677333,0.08204121,0.27117866,0.084703065,0.48031577,0.07939558,0.19969214,0.19735393,0.6686316,0.18133037,0.11533481,0.35716996,0.8376851,0.32327676,0.12123411,0.49003205,0.9210541,0.4365497,0.35857204,0.47270447,0.6445715,0.46829486,0.49373937,0.66554976,0.61217046,0.6750339,0.5993061,0.86887586,0.64992577,0.8790965,0
0.23070346,0.10064807,0.23710302,0.0811471,0.27395123,0.08240118,0.29856318,0.08061876,0.4789379,0.07731947,0.21258125,0.19150962,0.6581531,0.1781356,0.12724781,0.34880608,0.8267686,0.31846064,0.13603005,0.47815925,0.91853803,0.42916593,0.3649726,0.46643603,0.63550514,0.46345457,0.5078155,0.6670859,0.62007016,0.6748098,0.6086818,0.87321866,0.657687,0.8836391,0
0.23420155,0.09640402,0.2387804,0.078078695,0.2803635,0.07872324,0.28057066,0.08156728,0.48371676,0.076279156,0.20184489,0.194394,0.66403645,0.1780083,0.12594865,0.350034,0.82914704,0.31402394,0.14909182,0.47258288,0.91129804,0.42133072,0.3642994,0.46507177,0.6459201,0.46081617,0.5095029,0.66635686,0.6082489,0.6736312,0.6189517,0.87676597,0.65606475,0.8822023,0
0.25342315,0.10183342,0.25444138,0.08368497,0.30011734,0.0844223,0.28323677,0.08611193,0.5025858,0.08153291,0.20450118,0.19718513,0.6871862,0.18240495,0.14145912,0.35190448,0.84619415,0.31948262,0.13525629,0.47063074,0.92283237,0.4284957,0.37798908,0.47311568,0.67353576,0.46882033,0.54168737,0.67701024,0.6179876,0.68082637,0.64969873,0.87847865,0.66647553,0.8751222,0
0.17334953,0.1120802,0.17195292,0.091638476,0.18168655,0.095590405,0.3095031,0.08072453,0.4597517,0.08710728,0.53529215,0.16866142,0.65231276,0.16698863,0.5218982,0.3294952,0.5781369,0.33011553,0.16103648,0.45879376,0.21105476,0.44912943,0.5781624,0.46237794,0.64755416,0.45645332,0.60756063,0.67752856,0.6569563,0.6728563,0.7426043,0.89343303,0.7071684,0.88216877,0
0.14913705,0.11266819,0.14101408,0.09440695,0.16144566,0.09659873,0.2631971,0.08507763,0.47587904,0.08601082,0.52519363,0.1671404,0.6669007,0.15602328,0.47889888,0.3134801,0.5757492,0.30951327,0.15849413,0.40343195,0.26836506,0.42766568,0.5962244,0.44651505,0.6806168,0.4376896,0.63791955,0.66839516,0.6804444,0.6652051,0.74941915,0.88792455,0.7332013,0.87523353,0
0.19669785,0.11176019,0.19525132,0.093221664,0.19993111,0.096432455,0.3243857,0.08306062,0.47194162,0.087366775,0.54882354,0.16342373,0.653165,0.15694295,0.48237005,0.30754712,0.54278815,0.30612326,0.1765889,0.39874327,0.2537708,0.4161537,0.59342,0.43156365,0.6540418,0.42512736,0.6326144,0.6514984,0.6784804,0.6492369,0.7448023,0.8811993,0.72946024,0.8713437,0
0.1571131,0.11271427,0.14872833,0.093330294,0.16521403,0.09613729,0.26574227,0.08226802,0.44790024,0.08549405,0.54174316,0.17057946,0.6218294,0.1640042,0.5385218,0.32886922,0.52588296,0.32246047,0.22335902,0.43723184,0.23703298,0.4287467,0.5870641,0.4692653,0.637912,0.4621679,0.6566831,0.68249714,0.6600227,0.6803536,0.7390482,0.89641905,0.7224717,0.88005584,0
0.14720857,0.10686439,0.14662254,0.087830216,0.15523726,0.09064635,0.27940133,0.07996097,0.44166732,0.08290582,0.535009,0.16634157,0.6369981,0.15825076,0.4924492,0.31560683,0.5488245,0.31212357,0.18156438,0.38328564,0.24813904,0.4013388,0.5913662,0.4610449,0.6451454,0.4531895,0.6355943,0.6862378,0.6620435,0.6810007,0.7516758,0.89620703,0.71936375,0.8831444,0
0.1978408,0.10978649,0.20299612,0.09033258,0.19828229,0.0930035,0.35779542,0.080842264,0.4814138,0.083799414,0.5688649,0.16996625,0.6772854,0.15817113,0.4932979,0.33820635,0.5274295,0.31919575,0.26469985,0.4378152,0.28141156,0.41818708,0.6068176,0.46034354,0.6733262,0.45163262,0.62169135,0.6696584,0.68398887,0.6629319,0.72528136,0.8748881,0.7050123,0.8662671,0
0.19597071,0.11273535,0.1853355,0.093615755,0.19780403,0.096176244,0.30138522,0.08188782,0.493344,0.08463512,0.5253101,0.16449171,0.67480433,0.15421458,0.45289722,0.32505542,0.5356627,0.31703517,0.3757398,0.4559571,0.37399244,0.4423598,0.6344079,0.4600156,0.72355527,0.45271063,0.65404403,0.6703641,0.7054118,0.6664198,0.7354823,0.8811564,0.72979057,0.87131184,0
0.20316873,0.11592636,0.19916031,0.09750436,0.21319188,0.100381255,0.32784298,0.08679505,0.49809557,0.09045944,0.54456806,0.16731848,0.6671075,0.16037585,0.462381,0.30691072,0.54315275,0.310007,0.1195034,0.3284717,0.27809215,0.38254106,0.5904103,0.43528286,0.663181,0.42861322,0.6119652,0.6443872,0.6897642,0.6453348,0.7161473,0.87985706,0.7001093,0.87511796,0
0.20316873,0.11592636,0.19916031,0.09750436,0.21319188,0.100381255,0.32784298,0.08679505,0.49809557,0.09045944,0.54456806,0.16731848,0.6671075,0.16037585,0.462381,0.30691072,0.54315275,0.310007,0.1195034,0.3284717,0.27809215,0.38254106,0.5904103,0.43528286,0.663181,0.42861322,0.6119652,0.6443872,0.6897642,0.6453348,0.7161473,0.87985706,0.7001093,0.87511796,0
0.3045722,0.11272182,0.29080337,0.0927845,0.31635743,0.09687386,0.3977474,0.07896552,0.58945876,0.08565245,0.57703066,0.16072094,0.74774414,0.15861772,0.4991395,0.3095643,0.59498125,0.31065726,0.24043751,0.37624508,0.27644783,0.35329023,0.6639918,0.45637178,0.76708525,0.45023292,0.6761858,0.67788535,0.72154087,0.67091024,0.787815,0.89515275,0.78103626,0.88111585,0
0.30905688,0.117343925,0.30089083,0.0967899,0.3173547,0.10115999,0.42141005,0.08164855,0.56916064,0.08959589,0.61094695,0.16160925,0.7300517,0.16367292,0.55137956,0.31091762,0.59260416,0.31479052,0.29963857,0.40170687,0.26067275,0.3658309,0.67116654,0.4545836,0.7437421,0.45049912,0.6911379,0.6755859,0.7276607,0.6724169,0.8027822,0.8955859,0.8006439,0.8843483,0
0.27131388,0.11930104,0.25950545,0.09914923,0.2818788,0.10247193,0.3837736,0.083726555,0.560994,0.08908897,0.57434815,0.16417082,0.72725886,0.16154325,0.55433434,0.3301576,0.5725783,0.31638432,0.4418021,0.48440593,0.25644985,0.37287873,0.66859645,0.46848583,0.7670023,0.46378744,0.68851614,0.68985367,0.73017406,0.6855655,0.78323734,0.9047863,0.7856504,0.895173,0
0.27716738,0.127254,0.26762477,0.10911435,0.29308832,0.11014891,0.37126637,0.094474256,0.56495297,0.09381411,0.54952174,0.1723804,0.7499244,0.16074568,0.50693357,0.33286235,0.5932129,0.30948567,0.41666174,0.46751922,0.2452508,0.35262287,0.6386178,0.46154773,0.76644915,0.45227784,0.6609474,0.68118113,0.6784306,0.6698221,0.76600266,0.90220183,0.75259614,0.880947,0
0.22240956,0.098080374,0.21645775,0.0792279,0.23609567,0.08148914,0.3391481,0.070347406,0.5273025,0.07336848,0.59017605,0.15850936,0.70961905,0.14774023,0.49041095,0.32014427,0.5560121,0.30422246,0.181314,0.3752884,0.27737802,0.3753418,0.624219,0.4452791,0.6969,0.43700817,0.6066426,0.660516,0.67047954,0.6591358,0.7306814,0.8929976,0.7213587,0.8892349,0
0.2356391,0.10059581,0.23118019,0.08286633,0.25487018,0.08426013,0.34292525,0.07430899,0.5364381,0.075485565,0.573435,0.15821381,0.7220064,0.14848523,0.5134944,0.31950167,0.57729346,0.29889995,0.30526388,0.43064252,0.26471728,0.35690942,0.6036693,0.44551313,0.6991648,0.4379276,0.60774565,0.664016,0.6647628,0.65968263,0.73253053,0.8958789,0.7199245,0.8896882,0
0.24413924,0.11619483,0.23310499,0.09782777,0.26090056,0.10096074,0.3477599,0.08761788,0.5341113,0.09158416,0.53335977,0.16619092,0.67952234,0.16175619,0.5153012,0.3239268,0.5382184,0.31205642,0.37032694,0.47653288,0.2518685,0.3897479,0.61610234,0.45151713,0.7094293,0.44576427,0.6063698,0.66329783,0.63998353,0.66018164,0.7391016,0.88879395,0.72884196,0.87842685,0
0.17345208,0.09888031,0.16393557,0.08146279,0.20361198,0.08217717,0.28330112,0.075067475,0.53213024,0.07389009,0.5373176,0.16228218,0.70186824,0.15000427,0.5165004,0.33384854,0.5720889,0.31769776,0.37750477,0.48023173,0.3204363,0.4390736,0.58252794,0.45138443,0.69041324,0.44287217,0.58972025,0.66661394,0.63685846,0.6654269,0.7260284,0.8896046,0.7334248,0.88245755,0
0.24751055,0.115022,0.2439708,0.09354246,0.23775627,0.096974395,0.3919266,0.073605105,0.5026662,0.08081312,0.59532875,0.16125257,0.7208789,0.15205587,0.4908768,0.33078015,0.5403219,0.30949968,0.10577305,0.36042494,0.17618695,0.3580805,0.6295314,0.4493698,0.70857304,0.44139948,0.59309685,0.6634637,0.66513824,0.66098106,0.7366944,0.8914221,0.73137915,0.8829856,0
0.30542427,0.10181145,0.31309912,0.08114559,0.29009014,0.085589714,0.44492716,0.068627,0.49513826,0.07750072,0.6398097,0.15822797,0.70498866,0.15226091,0.5181137,0.3216281,0.54536617,0.30569923,0.1680332,0.36548486,0.23040189,0.3610876,0.6485368,0.44629788,0.6808893,0.43980005,0.63030046,0.6668584,0.67824847,0.6631492,0.751699,0.8919085,0.7075126,0.8902255,0
0.3176805,0.11349038,0.31785357,0.09237873,0.29900897,0.09677534,0.4435548,0.07309346,0.51248807,0.08269124,0.622352,0.15811038,0.7176983,0.15270552,0.5059507,0.32123575,0.54577804,0.30581602,0.15185265,0.35896114,0.22307025,0.35795954,0.6485353,0.44007984,0.70703125,0.43414307,0.6179833,0.6559346,0.69007856,0.6543063,0.7542814,0.87880665,0.73215985,0.875799,0
0.30239582,0.10739607,0.30212697,0.087136336,0.2939057,0.090864815,0.42299944,0.07216055,0.52647626,0.07951283,0.6059891,0.1592976,0.7267943,0.15201065,0.49210718,0.32361773,0.5523654,0.30752444,0.1430266,0.35631305,0.21960886,0.3564851,0.63941455,0.4408454,0.71281695,0.43428478,0.61752015,0.65688336,0.690908,0.654964,0.75757474,0.8797253,0.72999156,0.87655425,0
0.30277023,0.101003125,0.31735903,0.08027542,0.28326377,0.085195586,0.4607874,0.06896572,0.4769903,0.07862996,0.627725,0.15755142,0.70887405,0.15229125,0.49097002,0.32406554,0.54515594,0.3069068,0.13879909,0.35437688,0.24766698,0.34680256,0.6554075,0.44894347,0.6960883,0.44309166,0.6104522,0.6770896,0.66773003,0.6736207,0.7762004,0.88789517,0.7244545,0.88716674,0
0.3052654,0.11612498,0.30396843,0.09547131,0.29447183,0.09866345,0.43322608,0.076191545,0.52658,0.08319597,0.62403053,0.16143498,0.72200716,0.1534388,0.50623363,0.32480803,0.5566325,0.30837616,0.159988,0.36377272,0.22984374,0.36247128,0.6391081,0.44545126,0.7004954,0.43802202,0.61670935,0.6632096,0.6883247,0.6596367,0.76230925,0.8922798,0.7414522,0.8854594,0
0.313043,0.11096091,0.31593797,0.09121782,0.30170012,0.09414946,0.43744153,0.074707076,0.5161307,0.0809124,0.62154657,0.1573173,0.71843165,0.15182142,0.5276699,0.30871823,0.56947863,0.29847997,0.28844205,0.38720748,0.27928072,0.36731878,0.6374567,0.4437207,0.696343,0.4379909,0.6534609,0.67269933,0.69488424,0.6684695,0.77727807,0.89392966,0.7403802,0.889723,0
0.32499748,0.10490386,0.32748568,0.08613214,0.32964608,0.087825194,0.4496219,0.07481956,0.56112146,0.07771108,0.639517,0.16280784,0.7267047,0.15236971,0.5578534,0.3193158,0.59182304,0.3003872,0.2642754,0.3634348,0.29961672,0.35339156,0.63883436,0.44058117,0.6925368,0.43257228,0.6502855,0.66103727,0.70338935,0.6560909,0.7728695,0.8944504,0.7491238,0.88622755,0
0.31554475,0.101022765,0.3167511,0.08260374,0.32378703,0.08386888,0.42263976,0.073744655,0.55846304,0.07551677,0.6146206,0.16360159,0.70401925,0.15450732,0.5015178,0.316755,0.52964675,0.3031408,0.2589506,0.3814895,0.28696534,0.36642605,0.65188736,0.44273955,0.7083658,0.43594816,0.6468863,0.67060405,0.6956816,0.66534775,0.77737224,0.90241987,0.76303935,0.89371276,0
0.3486702,0.106481835,0.34904176,0.087470956,0.3562059,0.08972106,0.4456577,0.07882428,0.5774013,0.08090949,0.6177747,0.16865675,0.719993,0.15952691,0.5595333,0.32012358,0.6006381,0.308083,0.28058043,0.3687753,0.3068915,0.357071,0.6600244,0.44996306,0.7190533,0.44237167,0.6677569,0.6685549,0.6995914,0.664672,0.78605056,0.89411163,0.7629052,0.883323,0
0.31749633,0.10430972,0.31322923,0.08404464,0.33083373,0.08820424,0.4315273,0.07362203,0.57537216,0.08026466,0.60143226,0.16251159,0.70434266,0.16177817,0.51776916,0.31470695,0.54861856,0.31754002,0.25299034,0.38297126,0.28314245,0.3761765,0.6541771,0.44516352,0.71336514,0.4396548,0.6535669,0.6775164,0.69639814,0.67167336,0.79527014,0.90218157,0.77066857,0.8851834,0
0.35729292,0.11510377,0.3538421,0.09585954,0.36319357,0.098382585,0.46180862,0.08119983,0.596636,0.08460499,0.6245321,0.16657542,0.7462547,0.15847588,0.52351654,0.31564134,0.59592307,0.30582908,0.25310522,0.36556017,0.3264139,0.3488621,0.67140955,0.4433897,0.7457357,0.4356673,0.6807754,0.6587004,0.73121387,0.6531009,0.79423255,0.90525466,0.7922985,0.8896816,0
0.32463184,0.10972838,0.32116976,0.09165205,0.33615595,0.092568986,0.42370206,0.08154659,0.58776915,0.08268852,0.61948675,0.1687282,0.7374344,0.15825848,0.55354077,0.32301256,0.6016928,0.3083001,0.23182352,0.36757848,0.28228483,0.36584365,0.6525981,0.4455036,0.7259456,0.43827188,0.6684243,0.66500556,0.72594184,0.6638399,0.803586,0.9075062,0.7879065,0.9001596,0
0.31708094,0.11910876,0.3102674,0.09933395,0.33037704,0.102532744,0.42753273,0.08645181,0.5890613,0.09113788,0.608823,0.17109181,0.72395915,0.16673292,0.5501803,0.3177412,0.59515727,0.31675687,0.22677204,0.36731076,0.2814299,0.3646193,0.6555973,0.44995874,0.7212647,0.44345263,0.6719068,0.67000055,0.7140077,0.66766256,0.79308647,0.89750594,0.7752444,0.88506806,0
0.34664074,0.11715627,0.3400275,0.097702876,0.36289418,0.100692034,0.45377156,0.08540068,0.61287856,0.08991126,0.6347899,0.1673099,0.7426193,0.16397046,0.56869763,0.31232822,0.6280437,0.31443897,0.26379266,0.3589676,0.3327399,0.3638859,0.67808396,0.44218406,0.74102944,0.4357625,0.68176234,0.653404,0.7389194,0.6509681,0.8038006,0.8995541,0.7969013,0.8835611,0
0.35420072,0.116658255,0.3502964,0.098477386,0.367628,0.100029916,0.45879197,0.08698856,0.61469615,0.08801884,0.64153343,0.16840634,0.7505673,0.15838723,0.55445266,0.31428015,0.62195677,0.30719078,0.264978,0.35653546,0.33876455,0.3641652,0.6773509,0.4430559,0.74128777,0.43445858,0.69657236,0.65282357,0.73053753,0.64818186,0.7984732,0.89810383,0.79282045,0.88146764,0
0.28916705,0.11534769,0.29114416,0.09594757,0.29373583,0.096918814,0.4234536,0.08222889,0.551789,0.08399619,0.6122429,0.17120776,0.73369426,0.16301417,0.50112706,0.3224989,0.56914157,0.31481272,0.1569919,0.35598472,0.22567092,0.36306912,0.6423934,0.45038837,0.7189472,0.44378597,0.664427,0.6690989,0.71641815,0.6680521,0.77146035,0.90629363,0.7817242,0.8973798,0
0.26317027,0.1132196,0.25890818,0.095208906,0.2781339,0.09632808,0.37506467,0.08278462,0.55659544,0.08459851,0.5918091,0.16524449,0.7248304,0.15523829,0.50070906,0.3186763,0.56987154,0.30346787,0.13754974,0.35267848,0.24091989,0.34813127,0.6196268,0.44794247,0.7000373,0.44063205,0.6379197,0.6761387,0.687352,0.6740598,0.78592575,0.9093833,0.7565321,0.89956754,0
0.28226143,0.11650717,0.2733014,0.09776628,0.29615623,0.09874954,0.37935328,0.084458254,0.5753589,0.08613929,0.6137214,0.17227505,0.730498,0.16286224,0.52193975,0.31935602,0.5734368,0.3137661,0.17401505,0.3515356,0.25809023,0.38797396,0.64170617,0.45279014,0.7167692,0.44475526,0.661945,0.6704881,0.70801973,0.6687101,0.7855109,0.9044818,0.7824589,0.8923073,0
0.2880506,0.118877836,0.2797797,0.099219754,0.30491197,0.10216164,0.4047747,0.084141634,0.5880294,0.08826036,0.5921038,0.16742672,0.7371768,0.16344334,0.5232836,0.3145933,0.597733,0.31842873,0.19196597,0.37267324,0.26444477,0.3811969,0.6511596,0.45554316,0.73882866,0.44867182,0.68185204,0.68137026,0.7242208,0.6776912,0.79255635,0.8974897,0.7728595,0.8834191,0
0.30757126,0.107741825,0.3119717,0.0893116,0.30676824,0.091283895,0.4180349,0.07799024,0.52053565,0.08201546,0.60381305,0.16212015,0.68389267,0.15631165,0.5004802,0.30619386,0.5220585,0.30058074,0.18549262,0.36398032,0.21858424,0.36747637,0.6159619,0.44487625,0.6658429,0.43864682,0.63055634,0.66865283,0.6736867,0.6634132,0.75996864,0.900533,0.749968,0.8889402,0
0.3116075,0.107107855,0.31665766,0.088807434,0.31086192,0.09060395,0.42072085,0.07759358,0.52665776,0.08109987,0.59921145,0.1616013,0.6994824,0.15524694,0.50569266,0.30708647,0.55321425,0.30262846,0.19813442,0.36144173,0.23848303,0.3705833,0.61707705,0.44825283,0.6776819,0.44204554,0.63065904,0.6753528,0.6735459,0.6708589,0.75451475,0.9016988,0.732476,0.8944677,0
0.30811858,0.11207091,0.32135254,0.092659995,0.2959989,0.09529199,0.45459297,0.07944915,0.4951322,0.08486211,0.6209915,0.16660115,0.7014332,0.15981738,0.5173803,0.31545964,0.5590949,0.3043894,0.20423879,0.37352318,0.24059948,0.36918107,0.6119769,0.44966984,0.6600991,0.44277143,0.62448245,0.6736249,0.6747991,0.6666764,0.7717733,0.90162504,0.75170374,0.8957393,0
0.32284042,0.11369626,0.3374444,0.09389879,0.2946447,0.09705297,0.46089172,0.0749402,0.4335279,0.08316173,0.6604066,0.15499179,0.6178074,0.15265684,0.5683219,0.28745118,0.5083131,0.29072818,0.20890361,0.32385942,0.22312805,0.3691434,0.63936377,0.43906772,0.61110336,0.4323316,0.64208865,0.6671162,0.65992826,0.6579427,0.76468897,0.90121585,0.7556518,0.883452,0
0.27150273,0.11771962,0.26765382,0.099529505,0.28450906,0.10161647,0.40437326,0.08638687,0.55035466,0.08889556,0.6293665,0.16488695,0.65766335,0.15986638,0.5320124,0.28662646,0.49824482,0.29909977,0.20234564,0.32930076,0.2428255,0.3790736,0.6535219,0.44616365,0.66189826,0.43801212,0.67431664,0.6647668,0.66017574,0.6581692,0.7676856,0.899156,0.7443641,0.87806386,0
0.2502637,0.11368875,0.26435384,0.09556823,0.2499809,0.097550005,0.41093317,0.08675713,0.45696676,0.088714145,0.61498505,0.17770013,0.57521147,0.1691849,0.54839325,0.33267972,0.44722262,0.31884068,0.26899976,0.41388673,0.2479201,0.3949855,0.64723605,0.46008992,0.6161722,0.45261526,0.66193116,0.6763757,0.6429187,0.667373,0.7395196,0.89677304,0.7132155,0.8789314,0
0.35840625,0.12393736,0.36401567,0.10414219,0.3702741,0.10516946,0.48443156,0.09053926,0.5855073,0.09146337,0.60608965,0.18045366,0.6799179,0.1736505,0.518783,0.32752776,0.5146221,0.31596544,0.32553938,0.4210697,0.28243926,0.38438073,0.65423536,0.46007314,0.69842243,0.45316413,0.6620184,0.678835,0.69964296,0.66737926,0.78503007,0.8991484,0.7554525,0.8758071,0
0.2749512,0.11579856,0.2814327,0.096245475,0.28698272,0.09819564,0.41744906,0.08504266,0.5074283,0.08732709,0.620473,0.17361788,0.59162456,0.17039537,0.59405506,0.32107133,0.4687935,0.32052913,0.25025368,0.38560918,0.24232434,0.3774754,0.65698475,0.45560345,0.63435066,0.4498643,0.6698725,0.67236596,0.6695373,0.6668542,0.77917,0.90068465,0.75320476,0.88186705,0
0.34502128,0.118921034,0.36008802,0.09965173,0.33277005,0.101287715,0.5019791,0.08181252,0.48337469,0.08697366,0.698528,0.1648047,0.59629923,0.16446508,0.6733429,0.32315585,0.4777928,0.3138037,0.41931936,0.42828417,0.27241772,0.37600708,0.70408785,0.45503506,0.6466626,0.45051366,0.72156817,0.6739608,0.7005755,0.66366804,0.81057316,0.9003241,0.8136908,0.8739511,0
0.36203402,0.11588325,0.40558565,0.09832298,0.33676955,0.09951064,0.5534671,0.08966769,0.39061707,0.09338684,0.71864724,0.17381157,0.4594366,0.17449516,0.7260902,0.32222742,0.36976612,0.30520964,0.49382997,0.44071916,0.20115861,0.3677164,0.7152314,0.454882,0.5512089,0.45384428,0.70555323,0.67560095,0.6546756,0.66732687,0.8126512,0.9030425,0.777891,0.8900839,0
0.3096577,0.11677865,0.34355053,0.098067775,0.27696112,0.10080735,0.47531116,0.08170571,0.33707574,0.088685036,0.69718397,0.17098273,0.39458477,0.1676005,0.7372202,0.33279565,0.28154737,0.29913527,0.43808225,0.4552515,0.13893618,0.369091,0.66380244,0.4527439,0.48410097,0.4490239,0.67314696,0.6680784,0.61657906,0.65635175,0.78209555,0.894136,0.75723624,0.87422675,0
0.22741814,0.12635021,0.23913488,0.10823483,0.25357577,0.10804221,0.39476836,0.103029385,0.51579225,0.099084795,0.58766234,0.19875242,0.5637651,0.18677026,0.56280243,0.34550387,0.35970786,0.33017215,0.3258851,0.45123222,0.25752944,0.4358041,0.6448891,0.47353357,0.6361584,0.46616107,0.6665077,0.6810098,0.6679667,0.6750188,0.7809275,0.8964714,0.76576954,0.8742019,0
0.31536067,0.13177301,0.33308017,0.11030488,0.28561708,0.11568298,0.44044715,0.09036112,0.38079366,0.1023952,0.6676519,0.18581332,0.43252826,0.19067593,0.70370096,0.3425659,0.28637818,0.33741468,0.34255463,0.4515301,0.22362873,0.44007877,0.66711783,0.47131026,0.5362237,0.4701382,0.684735,0.68248945,0.67215943,0.6760674,0.78317434,0.89955306,0.75226974,0.88057363,0
0.30206802,0.11319126,0.33950213,0.09388875,0.27286863,0.09856977,0.4684431,0.085237876,0.33204636,0.095851555,0.6676371,0.17254533,0.40038243,0.18335608,0.7432028,0.31535077,0.264738,0.3179289,0.39877713,0.44277766,0.1717583,0.4081116,0.6739177,0.4612442,0.5242745,0.46297425,0.6645086,0.68585,0.67140776,0.6806899,0.76140344,0.8992538,0.7450255,0.88039774,0
0.25151002,0.10381131,0.24404015,0.086649604,0.29363385,0.08749704,0.31807366,0.08545337,0.5576282,0.08199577,0.4446824,0.1825399,0.6098077,0.17410319,0.37968934,0.3239669,0.44634324,0.3228858,0.22111017,0.42921948,0.25378507,0.44199392,0.58224756,0.4707249,0.6935226,0.46550173,0.6342286,0.68367124,0.69200736,0.68604136,0.727643,0.899228,0.7551865,0.88922143,0
0.3488048,0.10075553,0.3724154,0.08605321,0.3453482,0.087039426,0.43324792,0.08410402,0.4018096,0.08523779,0.6276414,0.17260061,0.3409719,0.17699268,0.75328994,0.30527365,0.20168027,0.30998865,0.51293355,0.42509758,0.14881785,0.42047668,0.6480811,0.45557323,0.49339882,0.45777264,0.657396,0.6736154,0.6186488,0.6745996,0.71489125,0.9000992,0.7341587,0.8890816,0
0.3476996,0.091541484,0.37768397,0.07578068,0.35861802,0.075577594,0.4686358,0.07976575,0.450917,0.07846661,0.65065706,0.18000126,0.4227004,0.17793651,0.6684929,0.33094388,0.270997,0.31250042,0.3331762,0.42858547,0.21173191,0.41416737,0.65396553,0.47626913,0.5226549,0.47575724,0.6692366,0.69356215,0.6401663,0.6956221,0.7560424,0.906864,0.7403101,0.8922359,0
0.44806546,0.075565904,0.43486544,0.06216218,0.48946807,0.0627135,0.3736956,0.07347526,0.643731,0.07085416,0.29838762,0.17471576,0.76012176,0.16572836,0.19740003,0.319857,0.8621676,0.30179456,0.21403787,0.42766932,0.765558,0.39851776,0.42898583,0.46506196,0.723704,0.46129265,0.55173177,0.6858922,0.7139365,0.6806678,0.6555451,0.9125851,0.77057076,0.8894606,0
0.39851525,0.0861455,0.41625956,0.07288417,0.4204077,0.07215137,0.4547128,0.082302466,0.50317,0.08131241,0.60070103,0.19085397,0.4215656,0.19292659,0.6613682,0.33106858,0.22693351,0.32827306,0.48491052,0.43203175,0.14991826,0.43751132,0.61700463,0.47300202,0.5155333,0.4734316,0.6632349,0.69076705,0.58129644,0.6906073,0.7129677,0.89741564,0.62469083,0.8909297,0
0.44567177,0.11319971,0.46454248,0.09669614,0.4489789,0.09713927,0.4909919,0.098014265,0.49121264,0.097312644,0.6888126,0.20394646,0.35558555,0.20189454,0.88897365,0.35753068,0.12353249,0.33029082,0.9302072,0.56404126,0.17886873,0.4221951,0.6916477,0.4911278,0.49838242,0.49280566,0.73233205,0.7004244,0.56090355,0.7048398,0.7831399,0.88975275,0.6192816,0.8921683,0
0.46825013,0.07398515,0.4580996,0.059422877,0.5149122,0.060074903,0.3967631,0.07419596,0.6865357,0.07141924,0.3064185,0.18614417,0.8149292,0.17963648,0.15618744,0.3305909,0.9036152,0.31971848,0.16990606,0.38707447,0.6140527,0.37564185,0.41812843,0.4813422,0.7452161,0.47647035,0.5124342,0.700998,0.7357944,0.6927399,0.5971862,0.91774076,0.7495582,0.8867892,0
0.5177332,0.078368664,0.5060638,0.0649975,0.5633623,0.06490817,0.44075286,0.08011599,0.7372529,0.07642126,0.35443503,0.19893967,0.869961,0.18966387,0.22398895,0.34414607,0.96295255,0.32569566,0.28961635,0.42903927,0.7586488,0.3926622,0.43648922,0.47380868,0.7735425,0.46916607,0.53574026,0.68151045,0.7631084,0.6748142,0.5982881,0.9132174,0.8069453,0.89239013,0
0.3729143,0.10376968,0.3766677,0.08700064,0.43287683,0.08748134,0.4324417,0.095140554,0.7129325,0.09094303,0.33410597,0.21030593,0.87174606,0.20202732,0.17022215,0.3581756,0.9478647,0.35166183,0.16491832,0.43206078,0.8041961,0.44787815,0.4345153,0.49104363,0.7764181,0.48706496,0.5158417,0.69276386,0.7204021,0.6932344,0.5836683,0.907479,0.74460924,0.89538926,0
0.3377363,0.09663446,0.34431547,0.080374435,0.40096086,0.08081556,0.40749022,0.09203373,0.6802525,0.08681622,0.32160622,0.21078567,0.83357537,0.20172887,0.17710045,0.3570212,0.90266204,0.3487009,0.18820713,0.43264624,0.851108,0.4425079,0.41740498,0.48747247,0.74863863,0.48222378,0.47905052,0.6894631,0.68008584,0.6863939,0.53911555,0.90219194,0.72938913,0.88251746,0
0.33255702,0.09596702,0.33606148,0.07871557,0.39624304,0.079430155,0.40733024,0.09055948,0.68132114,0.08550621,0.33055028,0.20917164,0.8245654,0.19947487,0.20080236,0.368556,0.9041059,0.3615126,0.17170373,0.44662145,0.8248583,0.47479,0.4391562,0.48928523,0.75559306,0.48384118,0.4791049,0.69221616,0.6671835,0.69138235,0.5188483,0.9125886,0.68649924,0.89330053,0
0.3313889,0.10754042,0.33735937,0.09000584,0.38794532,0.09073448,0.40907732,0.09703079,0.6550039,0.09298487,0.30392715,0.20737684,0.8051586,0.20020896,0.15240864,0.3541285,0.8898063,0.35274717,0.18184008,0.43321943,0.85987616,0.46358702,0.42278022,0.48491347,0.74597347,0.48050603,0.45200694,0.689306,0.66545117,0.68648297,0.48611385,0.9119909,0.67259693,0.8906837,0
0.28019992,0.1065323,0.29282442,0.08868199,0.33826262,0.090206556,0.40667447,0.09531212,0.62086284,0.09209965,0.27964374,0.21166202,0.7781577,0.2073679,0.1121761,0.3518388,0.8720052,0.35472658,0.16123383,0.44191065,0.88750416,0.46442503,0.3856943,0.48281407,0.70013785,0.48009798,0.43331343,0.67902756,0.6240994,0.68154967,0.4399857,0.89736927,0.61933637,0.8897909,0
0.5037965,0.08582287,0.49059236,0.07339397,0.53288317,0.07369481,0.4022607,0.08717132,0.64353156,0.085961014,0.27583507,0.20762642,0.74316645,0.2092354,0.11860501,0.359832,0.8499622,0.3669286,0.1758687,0.4284007,0.88328993,0.4603817,0.35187447,0.4902965,0.65822744,0.48878926,0.3850578,0.6957364,0.62082154,0.69218653,0.4181609,0.9027342,0.620806,0.891421,0
0.49334157,0.07511172,0.47829723,0.05963778,0.52309006,0.060936928,0.35141134,0.072325416,0.60632145,0.075072095,0.20853753,0.1914822,0.68543863,0.19702238,0.091940105,0.34984252,0.8009667,0.35221288,0.15913515,0.4526216,0.89171326,0.47060633,0.2655977,0.46948633,0.58520067,0.47402433,0.3021673,0.6708142,0.54395527,0.67809373,0.3049465,0.8985788,0.5213751,0.89985704,0
0.5287174,0.08275251,0.5151449,0.07032385,0.546466,0.06988572,0.34611776,0.08238687,0.57729113,0.08296389,0.17844819,0.19676971,0.66323704,0.20527066,0.063807584,0.3505034,0.8087663,0.35727814,0.15119192,0.45333192,0.89360064,0.4614165,0.22407764,0.47677338,0.54542226,0.4807119,0.26964268,0.67998475,0.54740083,0.6842519,0.29625106,0.8984481,0.5090498,0.9030193,0
0.5435507,0.08375268,0.5270003,0.06746959,0.56984854,0.068022534,0.35397533,0.07862248,0.6130513,0.07839112,0.19439377,0.191621,0.6790341,0.19107927,0.07337505,0.34818655,0.810009,0.34900036,0.14320478,0.460106,0.88779783,0.45909137,0.25309095,0.4758099,0.5559576,0.47422144,0.30541536,0.67721695,0.5114845,0.6811976,0.320595,0.88524604,0.46621877,0.8903407,0
0.529782,0.08237209,0.51626205,0.06994524,0.54548603,0.069404215,0.34695682,0.08185234,0.573569,0.081952855,0.17618756,0.19652705,0.65749866,0.20384778,0.059600763,0.35397938,0.8020883,0.3568827,0.13101663,0.4648286,0.88340324,0.4615492,0.22765566,0.47624862,0.54791576,0.47999686,0.25754982,0.681474,0.54418373,0.6868408,0.2872022,0.8952099,0.49178708,0.90289456,0
0.5189923,0.08562617,0.5041674,0.07196473,0.5445288,0.07177791,0.34860444,0.08473186,0.6031251,0.084979296,0.17813012,0.20630373,0.6855159,0.21314801,0.043344,0.36362934,0.81768495,0.3685227,0.11149543,0.47007683,0.85333043,0.47435954,0.22984599,0.49107206,0.55375654,0.49382323,0.2853977,0.6898246,0.49335694,0.6934117,0.3333179,0.9020822,0.43850496,0.9053291,0
0.56020355,0.08067903,0.543218,0.06642332,0.58564305,0.06636977,0.36304298,0.07710523,0.6212049,0.07890462,0.18343504,0.19820966,0.6650093,0.20857878,0.041966524,0.36108115,0.7494389,0.3701715,0.10809754,0.47248304,0.86010224,0.47542065,0.22487308,0.49213713,0.5368402,0.49838352,0.31225342,0.6952145,0.5108808,0.7057802,0.33164722,0.8951696,0.44577956,0.9128735,0
0.58067715,0.08455668,0.5609659,0.0704958,0.60338235,0.07017908,0.36518383,0.08007708,0.62046134,0.081758596,0.19582485,0.19915543,0.6458048,0.2092372,0.06871698,0.36369655,0.750718,0.37043968,0.14323734,0.47810236,0.8788452,0.4794037,0.25617415,0.49070355,0.53879243,0.49679205,0.35279766,0.6928786,0.5162195,0.69910187,0.39660475,0.8982082,0.43149367,0.90820944,0
0.6184008,0.085162066,0.5981153,0.07226844,0.63453525,0.07145858,0.38680872,0.081373595,0.6212786,0.08227029,0.2224973,0.1940443,0.62949216,0.20222677,0.08200306,0.35488465,0.74967885,0.35893172,0.13631698,0.47074232,0.87785745,0.476164,0.28940487,0.48409155,0.5353631,0.49086985,0.41878152,0.6916911,0.53411347,0.70124596,0.42121518,0.90151525,0.44206482,0.9171453,0
0.6226181,0.08822307,0.59833574,0.07535858,0.63738704,0.074505135,0.38092142,0.08454837,0.6221931,0.084998935,0.22375767,0.19635151,0.620434,0.20246363,0.10229236,0.35696867,0.7342581,0.35833466,0.17453286,0.4866584,0.87983596,0.48327085,0.3093565,0.48440003,0.54928386,0.4898913,0.41090262,0.68669504,0.49740693,0.69277996,0.41658115,0.89452046,0.4390214,0.9075803,0
0.36371168,0.12674202,0.36140633,0.10541326,0.3551766,0.10797696,0.48161542,0.07976398,0.56513476,0.08416161,0.61688834,0.16581978,0.7448371,0.15439504,0.51629925,0.32443967,0.67642224,0.3251364,0.18363269,0.33973357,0.4231948,0.41855586,0.68390274,0.4598215,0.759193,0.44897106,0.692091,0.66707784,0.7207606,0.6575626,0.82458884,0.8839493,0.8197389,0.86251867,0
0.36371168,0.12674202,0.36140633,0.10541326,0.3551766,0.10797696,0.48161542,0.07976398,0.56513476,0.08416161,0.61688834,0.16581978,0.7448371,0.15439504,0.51629925,0.32443967,0.67642224,0.3251364,0.18363269,0.33973357,0.4231948,0.41855586,0.68390274,0.4598215,0.759193,0.44897106,0.692091,0.66707784,0.7207606,0.6575626,0.82458884,0.8839493,0.8197389,0.86251867,0
0.34779823,0.122199036,0.34232393,0.10059457,0.34276712,0.104059696,0.46938288,0.07498922,0.56203103,0.081116796,0.6327693,0.16231231,0.7445119,0.15365645,0.5746202,0.32081777,0.67858696,0.31678987,0.20677169,0.3368112,0.3520797,0.36200443,0.6725868,0.4589904,0.73766124,0.4480806,0.69868773,0.66788846,0.71413505,0.65747565,0.8327777,0.8898016,0.82878697,0.8663062,0
0.34557495,0.12758411,0.34154576,0.10667659,0.33929956,0.10929889,0.4555179,0.08226547,0.54784656,0.0859663,0.6229506,0.16877574,0.7240395,0.15455279,0.57553065,0.32624945,0.6836784,0.31714827,0.22683194,0.33354032,0.3929255,0.3821497,0.659813,0.45768458,0.71905303,0.4454356,0.6850984,0.6669983,0.7135063,0.65685946,0.8290936,0.8936513,0.81981784,0.87450534,0
0.34464198,0.12789802,0.33614755,0.10742411,0.33599374,0.11065684,0.4499338,0.080446504,0.55031615,0.0859656,0.62511104,0.15841489,0.7261241,0.14543264,0.5776212,0.3154709,0.69435626,0.31013983,0.26255363,0.33262163,0.4230398,0.3939465,0.673155,0.44668156,0.73067886,0.4347836,0.67845416,0.65470946,0.7038662,0.64515436,0.8222093,0.8850464,0.80252033,0.8646079,0
0.34094942,0.12673515,0.3314479,0.10696276,0.33453998,0.1098978,0.43641204,0.08037385,0.5472235,0.085208006,0.61561966,0.15608513,0.7165073,0.14326915,0.5647853,0.3134063,0.7047531,0.3049304,0.22989461,0.3356545,0.4050179,0.37390086,0.6699306,0.44719863,0.7269797,0.43572375,0.67666525,0.6550821,0.70461106,0.64637756,0.81944275,0.8808997,0.8083669,0.86196685,0
0.34460184,0.12077607,0.32905847,0.10045242,0.33139247,0.10584089,0.440391,0.07078326,0.54815626,0.082007736,0.6047316,0.13616619,0.7186546,0.1348994,0.5488726,0.27811322,0.64952993,0.2923968,0.3717106,0.37861332,0.44770855,0.41699246,0.696469,0.42830777,0.7651149,0.421567,0.70049894,0.6488699,0.7201636,0.6397678,0.8168599,0.8852495,0.81101364,0.8641141,0
0.346314,0.12077934,0.3332315,0.10040449,0.3328567,0.10557224,0.44280916,0.07229833,0.5409455,0.08291108,0.5940756,0.13981465,0.7125877,0.13806337,0.53450036,0.28109947,0.6438592,0.29085377,0.3863562,0.40159327,0.44474417,0.4184826,0.69130313,0.430434,0.762139,0.42398268,0.69452906,0.646891,0.7079202,0.637725,0.8078773,0.88039553,0.8133042,0.8604553,0
0.3534897,0.12073299,0.3501948,0.0982406,0.33090648,0.10327386,0.47181794,0.066678114,0.5133766,0.078544706,0.66350436,0.1436706,0.73300505,0.1410986,0.6026331,0.31140414,0.64139485,0.30230835,0.15724543,0.33705744,0.22808795,0.3427961,0.7103304,0.44169345,0.7554326,0.434939,0.72160196,0.66075164,0.7698795,0.65759563,0.8201682,0.88762033,0.81744283,0.8740935,0
0.34436315,0.12355439,0.3345027,0.102673955,0.3305242,0.10727942,0.45299828,0.07295982,0.5393726,0.08225242,0.6515807,0.14362405,0.70802385,0.13720721,0.6329313,0.30415803,0.6279006,0.29249442,0.1965914,0.33421332,0.23613717,0.33758324,0.72293794,0.43257347,0.75996315,0.42419425,0.7306908,0.6476644,0.75063896,0.6415631,0.82629675,0.86984324,0.81540465,0.85230637,0
0.30175862,0.1329362,0.29870155,0.111520335,0.2791023,0.11570791,0.44012192,0.076590866,0.4853369,0.08774103,0.6623004,0.14803788,0.69988155,0.14448108,0.55162895,0.3170564,0.56104237,0.30684343,0.081924655,0.34481806,0.13117807,0.34845617,0.7198899,0.44131216,0.7492872,0.43357977,0.6950942,0.65932894,0.74330574,0.6520542,0.83218634,0.8793732,0.8009263,0.8660589,0
0.36222336,0.12512627,0.35036722,0.10320282,0.34108612,0.10907722,0.46171367,0.06719818,0.5349044,0.08037887,0.6357623,0.13688281,0.72537696,0.1338984,0.5867348,0.2997084,0.65574914,0.29414868,0.20615348,0.33981782,0.31234938,0.34755936,0.7021615,0.4331075,0.75914484,0.42548797,0.69999003,0.65433484,0.7301159,0.6468843,0.8239211,0.87296313,0.7935695,0.8571843,0
0.35228553,0.119978145,0.3470486,0.0973936,0.32863832,0.10150773,0.46994573,0.05847039,0.51036507,0.06940422,0.6515469,0.12833121,0.7165439,0.1277154,0.5910755,0.29308397,0.60720587,0.28917003,0.21555465,0.33635628,0.20834702,0.3374975,0.7035917,0.4259761,0.7519881,0.42019403,0.6967925,0.65265,0.757319,0.65049213,0.80345666,0.8911111,0.7909287,0.87974423,0
0.3656397,0.117428765,0.36271247,0.094902664,0.3394698,0.10036516,0.49554995,0.058163527,0.5125727,0.07157303,0.67247564,0.12997675,0.6893923,0.12990665,0.63029474,0.29344687,0.61100113,0.28834078,0.2852042,0.33751708,0.26457408,0.33616722,0.72328246,0.42832783,0.7344994,0.4219022,0.71520644,0.6552538,0.7319347,0.64668494,0.82046396,0.8829178,0.79512894,0.86617285,0
0.36684,0.12634462,0.3582126,0.105216004,0.34915078,0.11017559,0.47257733,0.074252896,0.53860795,0.085082725,0.65968806,0.14476176,0.7081612,0.13947618,0.6156863,0.305807,0.6434344,0.29587218,0.2577208,0.33273438,0.2986141,0.33567455,0.72610706,0.4411416,0.75109833,0.4328529,0.71691203,0.666944,0.72610664,0.65894115,0.8153009,0.89236575,0.80018485,0.873861,0
0.34183475,0.12134475,0.33234686,0.1008862,0.32722008,0.10633915,0.4519404,0.07164226,0.525772,0.083079435,0.63438725,0.13947959,0.69797134,0.13449451,0.60399437,0.30122128,0.6406326,0.29272693,0.31294474,0.33980277,0.35802627,0.34579864,0.7046828,0.42403954,0.7421299,0.41611016,0.6847695,0.6449718,0.71691525,0.6366759,0.82443905,0.88894427,0.79775536,0.8727128,0
0.3555892,0.12346121,0.34830672,0.10282946,0.34517232,0.10582369,0.46985307,0.07193305,0.5520968,0.078321174,0.6485587,0.1457666,0.70523995,0.13952275,0.58034956,0.3068815,0.58189964,0.2978407,0.21238887,0.3483526,0.20840196,0.3455236,0.7306949,0.43574983,0.767391,0.42726403,0.7113846,0.6532936,0.7196122,0.64581686,0.8071355,0.8849455,0.7966535,0.8620167,0
0.35682556,0.121738434,0.35102582,0.10020141,0.33735266,0.106965594,0.47430393,0.07149451,0.5195779,0.08625066,0.66049814,0.13833435,0.71737856,0.13974501,0.6090446,0.28814656,0.65257835,0.29094172,0.26831275,0.3416563,0.324247,0.34981692,0.7214565,0.43052796,0.750658,0.42399597,0.7019221,0.66092896,0.7223842,0.65137833,0.82513416,0.890003,0.79489887,0.87450504,0
0.30798423,0.124300666,0.31685212,0.103706285,0.28409287,0.10815043,0.46657038,0.076640055,0.44752976,0.08708529,0.6463767,0.14736904,0.6096957,0.14571474,0.5738334,0.30277365,0.5052823,0.2952232,0.23916422,0.35573924,0.22473544,0.3542664,0.72139084,0.4401099,0.69393563,0.4341671,0.69049907,0.67039686,0.69013995,0.6606447,0.8068615,0.89525163,0.780677,0.87691635,0
0.3132305,0.1248888,0.31987357,0.104661845,0.2930292,0.10891399,0.47146434,0.07780423,0.46585083,0.08759474,0.64466316,0.14409713,0.6217501,0.1431909,0.59469736,0.29492396,0.5363059,0.28808126,0.38322663,0.3863006,0.3176338,0.36003578,0.7247859,0.43123472,0.7056432,0.42599615,0.695312,0.6617275,0.6892995,0.6516689,0.7896062,0.88665694,0.77448434,0.86801285,0
0.3548315,0.12179867,0.35025045,0.10027379,0.33679765,0.104375616,0.489084,0.062441166,0.5300544,0.07278359,0.6550899,0.12993778,0.7026185,0.12931786,0.65198904,0.29260838,0.6512461,0.28692126,0.5015222,0.4176597,0.3688097,0.36600652,0.711237,0.4289446,0.74257404,0.42228937,0.6974741,0.6662005,0.7138185,0.6547235,0.8114987,0.90040153,0.7797978,0.88340497,0
0.34633857,0.12418217,0.34407735,0.10355744,0.3243439,0.10878746,0.47011736,0.074341364,0.49295685,0.08638694,0.65859526,0.14188942,0.6501696,0.14034165,0.6753756,0.29609516,0.6381752,0.29323736,0.5369791,0.43763158,0.46306297,0.41644964,0.7051501,0.4338766,0.6935042,0.4274974,0.69428617,0.6563265,0.6762375,0.64572686,0.8036766,0.8848297,0.772815,0.87156135,0
0.37031868,0.11824227,0.36259395,0.09751342,0.3510153,0.102303036,0.477168,0.06539751,0.53731716,0.075889215,0.6513744,0.13347407,0.70131534,0.13011518,0.6657562,0.2954313,0.6796949,0.2915282,0.5287666,0.4327453,0.45502216,0.40610242,0.7195815,0.42382768,0.75268894,0.41729268,0.7043455,0.64607304,0.74085397,0.6386845,0.79388905,0.88571775,0.78709966,0.8757489,0
0.35949224,0.11988799,0.3579219,0.10026812,0.33816385,0.1040122,0.46698615,0.07293961,0.50149494,0.08142078,0.6432987,0.13456582,0.67729795,0.13039307,0.66589636,0.2871988,0.6943329,0.2822146,0.56042933,0.42334536,0.52966565,0.40389952,0.72564816,0.42292517,0.74244004,0.41792944,0.71093833,0.6522927,0.7330099,0.64983994,0.82155746,0.8923457,0.8078548,0.88328236,0
0.37590212,0.12066767,0.37527758,0.099735714,0.35252872,0.10395632,0.4956066,0.066429734,0.49935856,0.078141354,0.666864,0.12874544,0.6686976,0.13480388,0.66276634,0.29136935,0.55785817,0.29301143,0.5515503,0.4336515,0.23515464,0.35896724,0.7199215,0.42980155,0.7314596,0.42712042,0.7254364,0.66150564,0.7361879,0.6520597,0.82237196,0.9044384,0.8203811,0.8830943,0
0.3738024,0.120964065,0.3729852,0.10057823,0.34981233,0.10440063,0.4955882,0.06597116,0.50029546,0.076550364,0.6694867,0.12497994,0.6670184,0.12622721,0.6798576,0.28036952,0.61771035,0.27482077,0.5393533,0.4191767,0.3879528,0.3603118,0.72908777,0.41960284,0.7314824,0.41525427,0.72778445,0.64939547,0.73695606,0.6413347,0.8210277,0.8986778,0.8155966,0.87766343,0
0.35932174,0.12174885,0.3562776,0.10124896,0.33904335,0.10409541,0.46490356,0.07022226,0.5020929,0.077630594,0.62680936,0.13302934,0.6638478,0.13519156,0.6359049,0.2907319,0.55529004,0.2904407,0.53752774,0.41678977,0.21476282,0.35853857,0.742823,0.42279923,0.7741013,0.4209278,0.74323,0.6504797,0.7595014,0.6485879,0.81511754,0.89848995,0.8221495,0.88156986,0
0.35664356,0.119841054,0.36009043,0.09892914,0.3357096,0.10271921,0.47474292,0.07307074,0.4785053,0.08220384,0.6337008,0.14056504,0.64825827,0.14487427,0.6527854,0.29166606,0.57577527,0.290498,0.54490453,0.41295415,0.24345107,0.3549926,0.736686,0.41907647,0.75109124,0.4178723,0.7326797,0.64163053,0.75452834,0.6386786,0.8161306,0.8915716,0.82144886,0.87565655,0
0.35884094,0.119787276,0.37055206,0.099501446,0.3354174,0.10290941,0.49974865,0.076236494,0.46349868,0.08461485,0.66641295,0.14615479,0.6533727,0.14585854,0.69530624,0.30508235,0.60537136,0.29390854,0.60967624,0.4426626,0.36072007,0.35999945,0.71193314,0.43958655,0.7065135,0.43540147,0.7224551,0.6666037,0.72720474,0.6582168,0.8055064,0.902025,0.8051343,0.8858896,0
0.36963126,0.12506896,0.37851545,0.10485068,0.3460969,0.10799926,0.5098747,0.07701223,0.48023555,0.085669935,0.68200946,0.14125317,0.6531323,0.14129685,0.69308174,0.2940033,0.61494344,0.28772527,0.5424655,0.40454876,0.35609472,0.3596459,0.7234361,0.4338104,0.7053778,0.4295018,0.73792547,0.66491836,0.73150325,0.65726495,0.80954915,0.9009609,0.8053311,0.88313115,0
0.3655664,0.12276822,0.37582013,0.10252453,0.3421495,0.10600995,0.5063053,0.07706855,0.46903926,0.08631907,0.6828278,0.14196786,0.63713306,0.14328924,0.6893304,0.29122686,0.60222095,0.2869293,0.52350223,0.40446103,0.35325408,0.3610024,0.7237123,0.431674,0.69385344,0.42788032,0.72748876,0.6601545,0.7226829,0.6529666,0.8116292,0.8989804,0.80715287,0.8824605,0
0.3657137,0.12244438,0.37227976,0.10212655,0.34353396,0.10585328,0.50357854,0.07379747,0.48602277,0.08359612,0.6733175,0.13744551,0.6632143,0.13925865,0.6789362,0.2906632,0.6198573,0.2877778,0.5505817,0.40987435,0.3773155,0.35599196,0.7209856,0.42973575,0.714702,0.42591777,0.7298146,0.66319644,0.7356168,0.65454966,0.818241,0.9011561,0.8053571,0.8843531,0
0.36827758,0.13401955,0.37386546,0.11258268,0.3329994,0.117971875,0.5162503,0.07216034,0.45714995,0.08803628,0.6878107,0.12532076,0.6454666,0.13608134,0.7000452,0.27801546,0.5704826,0.2843122,0.63148624,0.45332706,0.24903329,0.36899886,0.7159339,0.43181852,0.69881237,0.429843,0.72844595,0.67327195,0.72038966,0.6607821,0.8103221,0.90921956,0.80490226,0.88793886,0
0.37628314,0.13930523,0.37377283,0.11808508,0.34134844,0.12372167,0.49696913,0.07519135,0.4739452,0.09155846,0.67785084,0.12554152,0.6527569,0.13567354,0.69353247,0.27710962,0.5844623,0.28526556,0.5749353,0.42180866,0.25597653,0.366657,0.7127958,0.42855278,0.70610714,0.42635095,0.7221784,0.66876763,0.716768,0.6585081,0.8052663,0.90407604,0.79450005,0.8804142,0
0.37098494,0.13056417,0.38349262,0.11009557,0.33632883,0.11471155,0.51218677,0.07701018,0.43444416,0.09066805,0.68471646,0.13773687,0.60070944,0.14768617,0.7224335,0.29310626,0.53064686,0.29521617,0.70386475,0.4611722,0.24980105,0.372543,0.71138304,0.44776478,0.66950876,0.44761473,0.7348067,0.68072015,0.7236386,0.67462206,0.81218314,0.90894413,0.8070769,0.8937402,0
0.36245066,0.13009374,0.37466422,0.10929981,0.32876176,0.114047505,0.5019557,0.07805428,0.42331687,0.09191033,0.67978644,0.14157863,0.5830372,0.15317667,0.7230812,0.29499435,0.49444956,0.29900843,0.67684686,0.45581785,0.20020975,0.36845767,0.71189797,0.44213673,0.6627318,0.44250938,0.7289784,0.66739476,0.7134177,0.66114813,0.8102336,0.90466005,0.81078184,0.88591266,0
0.38269308,0.13752356,0.38809258,0.117656186,0.35159484,0.12137722,0.51493496,0.08272996,0.48330218,0.09386713,0.7025867,0.14208202,0.6505643,0.14298098,0.7515761,0.30400681,0.6376311,0.30003408,0.6889414,0.46264297,0.45769787,0.41930687,0.71768546,0.45226905,0.6934175,0.4486889,0.7302172,0.67230904,0.737642,0.6713836,0.8171188,0.9040092,0.81924444,0.89777654,0
0.38084635,0.13688366,0.3894488,0.11710954,0.35076863,0.1204111,0.5174886,0.08363466,0.47172916,0.09408252,0.7027424,0.1442233,0.63217914,0.14737397,0.7546339,0.3071546,0.57842356,0.30295178,0.69011146,0.46279392,0.31786886,0.39906204,0.7139349,0.454817,0.68195784,0.45191908,0.7295617,0.67606604,0.72990733,0.67370933,0.81746227,0.9081872,0.8212232,0.89852995,0
0.37467155,0.13800631,0.37777367,0.11749489,0.339504,0.121710315,0.5009178,0.07965073,0.46189907,0.09228186,0.70334655,0.1366433,0.62854713,0.1396637,0.76467174,0.30525962,0.574207,0.29677123,0.6940992,0.45705155,0.29778856,0.38582817,0.73161155,0.4481905,0.69426,0.4450611,0.7441047,0.6762378,0.7286303,0.67413086,0.8259503,0.9096523,0.8252696,0.8957988,0
0.3810108,0.1404352,0.3788437,0.11916566,0.34192908,0.12461698,0.49637708,0.076810576,0.46604973,0.09251105,0.70166004,0.13320197,0.638315,0.13758402,0.7690056,0.3054591,0.5961065,0.2974073,0.69531995,0.45628572,0.33651358,0.3842387,0.7243732,0.45474598,0.6934471,0.45144767,0.74411565,0.6861268,0.72413784,0.683044,0.82198215,0.9149865,0.8234125,0.8977376,0
0.3827539,0.14004967,0.38751423,0.119232915,0.34218296,0.12502226,0.5142143,0.07974536,0.4474086,0.0965945,0.7116932,0.13088882,0.6159691,0.13971934,0.7615525,0.28925005,0.56701493,0.2885033,0.70938426,0.46213502,0.33205065,0.38862193,0.7339769,0.44429976,0.6839884,0.4432224,0.7484086,0.6771277,0.7341031,0.6741063,0.82126117,0.90955955,0.8241059,0.89514637,0
0.39214003,0.14116575,0.388219,0.12089463,0.3585381,0.1269375,0.50242877,0.0827267,0.50312626,0.09799197,0.6742663,0.13291663,0.69929785,0.13630229,0.7239922,0.27899358,0.7079493,0.27951348,0.6543095,0.44258243,0.4481548,0.3942425,0.71889955,0.43150678,0.7363206,0.42711002,0.72719955,0.66857797,0.7450188,0.65997016,0.8095719,0.90006495,0.798776,0.8861577,0
0.37067848,0.13600346,0.36884984,0.11525958,0.34279695,0.121938124,0.49963614,0.08089836,0.49356905,0.09775929,0.67670923,0.13480525,0.6715558,0.14242466,0.7075423,0.28342012,0.6276293,0.28656432,0.62536794,0.44133845,0.3108477,0.38113442,0.70378023,0.4382591,0.70239574,0.43448076,0.69559324,0.6746671,0.700554,0.6625322,0.81862706,0.9017603,0.79972124,0.8851873,0
0.3704488,0.13493,0.3698689,0.11391398,0.34088647,0.12091137,0.50162846,0.08059355,0.48573995,0.09798568,0.6889954,0.13717791,0.6670911,0.14457694,0.7321214,0.28824884,0.6375344,0.28989583,0.63755035,0.44245076,0.35495713,0.38390723,0.71295905,0.43702608,0.7000444,0.43319193,0.70324403,0.6693758,0.7027169,0.65775377,0.8193072,0.8958529,0.8061107,0.8802937,0
0.37334305,0.13165689,0.3719545,0.11176534,0.34211355,0.11581032,0.49182978,0.07165146,0.47803023,0.083703205,0.68900603,0.12203273,0.64692855,0.1244981,0.75262666,0.28556514,0.6058056,0.2784347,0.649052,0.43509912,0.33399016,0.36304525,0.7125827,0.42765895,0.6936976,0.4233123,0.7133425,0.66687703,0.7032607,0.6617687,0.8136636,0.9023971,0.7991356,0.8849802,0
0.3741479,0.1367186,0.37187806,0.11533954,0.34665686,0.11730618,0.4997036,0.07205481,0.5227006,0.07880654,0.6609249,0.13236547,0.7073058,0.12688892,0.6744744,0.29092723,0.6918291,0.28593183,0.6357166,0.44850162,0.5522072,0.4249322,0.72213334,0.4310403,0.7578208,0.4252946,0.71601623,0.6660727,0.74807775,0.66432005,0.8199031,0.89938444,0.8162924,0.8915077,0
0.36559793,0.13527286,0.3696142,0.11390727,0.3279391,0.11932931,0.50258744,0.072319336,0.44900665,0.088599205,0.67262465,0.121864386,0.6216207,0.13405585,0.63700616,0.26324844,0.53888375,0.27939162,0.47954834,0.38280258,0.26968086,0.36154842,0.72076786,0.42396507,0.69588757,0.42342624,0.7215692,0.66201913,0.7243144,0.65465844,0.8214761,0.90272474,0.8155723,0.8802859,0
0.35290882,0.1300987,0.35853755,0.108656764,0.31717178,0.114859626,0.4981044,0.07327507,0.44852397,0.08898697,0.68051434,0.13928132,0.6446214,0.13886206,0.7655371,0.3224213,0.6157297,0.29950932,0.65790796,0.46052188,0.32898483,0.37777486,0.7032116,0.45036563,0.68697643,0.44393754,0.72917455,0.6873954,0.72117895,0.67210305,0.8182028,0.9113741,0.80206895,0.89053655,0
0.3584534,0.1399736,0.35364336,0.11823261,0.3202758,0.12558717,0.48226318,0.076988146,0.4613367,0.0958714,0.67558163,0.13358422,0.64160806,0.13712235,0.7488722,0.3013348,0.6153091,0.2878695,0.6956431,0.45909438,0.3858701,0.3832038,0.7211014,0.4385807,0.704007,0.43416286,0.72859174,0.6759975,0.7170723,0.6641295,0.8131437,0.9035576,0.7995691,0.88639057,0
0.35925663,0.13960747,0.35432523,0.11794815,0.3209199,0.12535945,0.48287225,0.07667572,0.46323603,0.095714234,0.6716149,0.13155806,0.6445594,0.13611202,0.73932576,0.29557,0.6204346,0.2877755,0.69586533,0.45418763,0.4017666,0.3897194,0.7235224,0.4363819,0.71019423,0.4323625,0.7285863,0.6752295,0.71863383,0.6630931,0.80992186,0.9032335,0.7984604,0.8872249,0
0.35783276,0.13714409,0.34410986,0.11587157,0.32375622,0.124427296,0.45780182,0.077808805,0.48535174,0.098368816,0.6596597,0.12867315,0.6570267,0.13690257,0.6966397,0.27831426,0.6440969,0.28881037,0.652917,0.44289723,0.4647936,0.42142573,0.7295688,0.4363868,0.7270461,0.43391666,0.72689223,0.675985,0.724495,0.6684494,0.8057131,0.90101194,0.8015708,0.88706845,0
0.37799037,0.13801427,0.36710113,0.116698734,0.3434867,0.124629274,0.48357376,0.07534576,0.505029,0.095204145,0.66350937,0.12419738,0.6982676,0.13393636,0.6673323,0.26359633,0.6831349,0.28182182,0.51130116,0.39609757,0.46147165,0.38309884,0.7425413,0.42593083,0.7634059,0.42317438,0.73524845,0.6618348,0.74883497,0.65097725,0.80870146,0.8964938,0.8091456,0.87994,0
0.37635252,0.14568843,0.36325482,0.12367804,0.33931535,0.13040988,0.47911775,0.07485325,0.50279295,0.09339354,0.66783917,0.12309754,0.7008,0.13024883,0.6629621,0.280354,0.6707766,0.29280758,0.5134936,0.41854173,0.41625056,0.40261096,0.71754307,0.43807942,0.7444279,0.43491915,0.72996795,0.6756778,0.75151074,0.6685841,0.81342816,0.91147536,0.8123537,0.8955179,0
0.37212142,0.14243983,0.3625688,0.12179018,0.34310955,0.1278674,0.48758766,0.079267055,0.5153194,0.09501834,0.67295897,0.12633166,0.6933986,0.13070284,0.71813184,0.26781657,0.67738,0.27557465,0.559342,0.3920477,0.40772295,0.37863815,0.7372676,0.41795292,0.75147027,0.41292095,0.7210571,0.6596122,0.7370416,0.6484387,0.8009214,0.8985989,0.782992,0.88210005,0
0.35201913,0.14157817,0.34339577,0.120066166,0.3235034,0.12716193,0.46808577,0.08272567,0.4920809,0.10023436,0.6499957,0.13627271,0.6697309,0.1452363,0.676387,0.27251223,0.63258606,0.28708017,0.56258214,0.40335587,0.3493898,0.3856026,0.72300494,0.42940354,0.73585445,0.42687127,0.7240818,0.6647049,0.7255196,0.65498316,0.799701,0.8983484,0.7893254,0.88454396,0
0.3520649,0.14176102,0.34286693,0.120262764,0.32322273,0.12746081,0.46712214,0.08300753,0.49251118,0.10061975,0.64948475,0.13597827,0.6700701,0.14456825,0.681312,0.2721358,0.64069265,0.2867656,0.5720091,0.40476027,0.37920403,0.39064196,0.7260373,0.42767304,0.7387083,0.42509785,0.7259684,0.66371214,0.7278787,0.6543685,0.8002582,0.8977168,0.7909812,0.8842102,0
0.3544798,0.14568013,0.33900622,0.12348576,0.3221964,0.1315235,0.44700652,0.07789808,0.47877973,0.09929599,0.67658114,0.123555325,0.67520714,0.14302234,0.7254212,0.27043724,0.6364152,0.2995254,0.49345633,0.3974231,0.2852808,0.37703747,0.74416304,0.43208322,0.7487827,0.4319088,0.7344903,0.6734388,0.73575056,0.66874635,0.78543633,0.90905154,0.7850049,0.88399243,0
0.36729676,0.1374165,0.36028534,0.116510324,0.3369615,0.12307121,0.4883399,0.07437421,0.49603465,0.091530874,0.6663434,0.1218454,0.66959226,0.13188344,0.69489485,0.2610491,0.62562287,0.2765693,0.5490246,0.3867607,0.32900816,0.37299046,0.740926,0.40813392,0.7493047,0.40603036,0.73367065,0.6425433,0.7446873,0.63419855,0.79501945,0.89678967,0.7968962,0.87933445,0
0.36609733,0.13752626,0.3608904,0.115955725,0.33112746,0.122411974,0.48983255,0.071739614,0.48038897,0.08923989,0.6711106,0.12331506,0.6505076,0.13316892,0.7175654,0.26721132,0.585217,0.2807385,0.60745907,0.403947,0.2987817,0.37489864,0.72340894,0.4137134,0.71974534,0.41092,0.7273591,0.6514907,0.7314761,0.63883615,0.7991464,0.90016395,0.79494804,0.878292,0
0.37020123,0.13390884,0.36271644,0.11287448,0.33616316,0.11985555,0.4901689,0.07067304,0.49296173,0.08861371,0.6760039,0.11995184,0.6620982,0.12958321,0.7195784,0.26640192,0.6774745,0.28696284,0.534614,0.42404166,0.515732,0.42987952,0.76217103,0.4048386,0.75490797,0.4026898,0.73581725,0.64489436,0.73475605,0.6378863,0.79623497,0.8948045,0.7956165,0.880019,0
0.36878738,0.14161171,0.35916886,0.12014326,0.34056532,0.12644528,0.4715591,0.073515445,0.5024849,0.090028204,0.6737813,0.11798416,0.7081383,0.12504111,0.70481056,0.26356497,0.7009295,0.27055877,0.46050906,0.37866443,0.40599105,0.36656484,0.7405409,0.40318662,0.7645748,0.3992471,0.7106656,0.6406491,0.74974084,0.63930553,0.7872099,0.8936347,0.7878009,0.8779088,0
0.37087741,0.14201123,0.35992697,0.12056213,0.34429243,0.12690212,0.47084567,0.072894126,0.5111254,0.089502126,0.67648315,0.116677865,0.71556365,0.123711646,0.7071317,0.26330584,0.7107416,0.2706608,0.46531078,0.3791932,0.41558367,0.36706388,0.7404909,0.406518,0.7674035,0.4023091,0.71343327,0.65050876,0.7529658,0.64810723,0.7899558,0.8979499,0.7878887,0.8808216,0
0.36231127,0.1381188,0.35611144,0.11689545,0.33440965,0.122714624,0.47350657,0.07339998,0.49598265,0.088793665,0.6711974,0.118669614,0.7038249,0.12614852,0.7077052,0.2593865,0.706177,0.2705751,0.47002345,0.3802833,0.42148182,0.37346074,0.7433507,0.41428477,0.7632793,0.41070974,0.72277355,0.6536932,0.7524677,0.65256995,0.7915246,0.89761263,0.7982276,0.88279337,0
0.36349908,0.13857925,0.35556906,0.11719452,0.3362029,0.12351985,0.46920907,0.07266517,0.49599606,0.08923536,0.67176145,0.11729139,0.70064825,0.12578057,0.7071973,0.2613885,0.69793445,0.2715301,0.4768071,0.3812155,0.40101314,0.37162745,0.74704367,0.4088224,0.765969,0.4054674,0.7198337,0.6491965,0.7514742,0.647265,0.78838634,0.896952,0.79175323,0.87878245,0
0.3865595,0.13959499,0.3682056,0.117742315,0.3506614,0.12605844,0.47228798,0.06930418,0.5151473,0.09011499,0.6583691,0.11550465,0.701695,0.123125754,0.6691413,0.25972265,0.7093074,0.27107057,0.50022966,0.39317438,0.47319987,0.38320392,0.7347568,0.3977133,0.76218385,0.39364046,0.70344436,0.6285743,0.73476386,0.6189425,0.79659307,0.88333845,0.7844071,0.8649969,0
0.3850512,0.14011165,0.36350662,0.117957525,0.35132274,0.12743057,0.46677747,0.06921729,0.5186439,0.09280249,0.6659508,0.113460936,0.69876033,0.12747243,0.7276236,0.2482415,0.72662723,0.2719707,0.552082,0.38972473,0.47455573,0.3813672,0.7321293,0.40426034,0.75268215,0.40172285,0.7184967,0.6497568,0.73096174,0.63904727,0.7954914,0.89833665,0.7868808,0.87676656,0
0.38183388,0.1408311,0.35947546,0.118042864,0.34853554,0.12586986,0.46020555,0.0623786,0.5218047,0.083345324,0.6773644,0.10376178,0.7131146,0.11653052,0.7270179,0.24400732,0.730523,0.26559782,0.5498634,0.39044753,0.47481403,0.37951857,0.75007635,0.39437932,0.775232,0.39174736,0.6964,0.62697303,0.7388268,0.623353,0.78371346,0.8939834,0.7821541,0.8757473,0
0.38274196,0.14522794,0.3661379,0.12293641,0.34727663,0.13060006,0.4743262,0.06884708,0.49771956,0.090271205,0.6905066,0.11354961,0.67978835,0.12717752,0.72713226,0.26603964,0.6756575,0.28364128,0.54422706,0.3911235,0.37554544,0.37349764,0.7312843,0.41435143,0.7288514,0.41189373,0.70693654,0.6505791,0.7161612,0.64380705,0.78945845,0.90169525,0.79267377,0.87865734,0
0.38190445,0.14558138,0.3658788,0.12348301,0.3465945,0.13143863,0.46943378,0.07140653,0.4895604,0.09334066,0.689041,0.11639075,0.66644514,0.13049762,0.7336377,0.26445186,0.6713884,0.28234982,0.53788126,0.389489,0.38419336,0.37245223,0.7192437,0.4177103,0.7078288,0.4150607,0.6989287,0.65257555,0.7088173,0.6440752,0.7916795,0.89914966,0.78238285,0.8747589,0
0.3853118,0.14229338,0.36966655,0.12055702,0.34855142,0.12852272,0.4755839,0.07240533,0.49579993,0.093594335,0.67151964,0.1182589,0.65074575,0.13329314,0.7301505,0.26390198,0.6532417,0.2873792,0.5605223,0.40536183,0.37789637,0.3834966,0.75529015,0.41124916,0.74421734,0.4098255,0.69825375,0.6508523,0.68878716,0.64042825,0.81041676,0.89546394,0.7985219,0.87341076,0
0.38333756,0.14472215,0.3644255,0.122090265,0.34538132,0.13023488,0.46816257,0.06627264,0.49807402,0.08883058,0.68092054,0.11114604,0.6753941,0.12584919,0.71255165,0.26246935,0.69007885,0.28537667,0.53147477,0.40166897,0.41542456,0.3879939,0.7179802,0.41523978,0.7180727,0.41269693,0.6694721,0.6493304,0.6927619,0.64128715,0.7754507,0.9054463,0.7701335,0.88306385,0
0.38746795,0.13816994,0.36561343,0.11540406,0.35221922,0.12425345,0.47807768,0.06299649,0.52538556,0.085639484,0.668741,0.11024881,0.69817847,0.121380486,0.7202933,0.25711724,0.72155577,0.2736854,0.55295885,0.39950836,0.4927085,0.39047936,0.72543895,0.4097452,0.7444068,0.40597814,0.68281615,0.65344024,0.6873903,0.64527243,0.7863565,0.89989555,0.7699771,0.8820346,0
0.3667255,0.13407587,0.34561896,0.110209346,0.3307675,0.1174077,0.46299624,0.052587032,0.5070186,0.07298903,0.6739097,0.10190563,0.6844338,0.11215711,0.6931745,0.2554548,0.70075226,0.27160728,0.531054,0.3948445,0.5116673,0.39084008,0.76115423,0.39980572,0.766151,0.39677027,0.70118314,0.635704,0.7153955,0.62994516,0.7840487,0.8914352,0.7834231,0.8717311,0
0.3649027,0.1358907,0.34696573,0.11300874,0.33290824,0.11943955,0.46246725,0.058690548,0.50348485,0.07723805,0.66589916,0.10856609,0.6657807,0.118341014,0.6760446,0.26090738,0.6631757,0.2762925,0.5350213,0.39590773,0.4701506,0.38845193,0.7410943,0.40462282,0.74154377,0.40173683,0.6871994,0.64161485,0.7017903,0.6361036,0.7788389,0.89389366,0.77569705,0.87456805,0
0.3792323,0.13329747,0.36280555,0.110990785,0.3424591,0.11859417,0.48935923,0.060382508,0.50642085,0.081205435,0.7032823,0.11050243,0.6722578,0.12128155,0.77685905,0.26311335,0.6803002,0.27441925,0.64562535,0.4036299,0.4037987,0.36834472,0.7431736,0.41453406,0.72300446,0.41007048,0.7111487,0.65313834,0.68963146,0.6387834,0.813717,0.8961883,0.7867045,0.87101495,0
0.37285316,0.13319644,0.35434887,0.10996654,0.3341089,0.118975975,0.47895244,0.05753303,0.49835452,0.08150907,0.6870543,0.10731359,0.6684438,0.1216423,0.7462609,0.25975642,0.6768589,0.27906576,0.61315733,0.40267637,0.42283618,0.38331506,0.73382366,0.40934086,0.7229896,0.40615615,0.6985875,0.6492888,0.68959874,0.635621,0.80209625,0.8912461,0.7759959,0.86743754,0
0.37088156,0.12767155,0.35588536,0.10639043,0.34060916,0.11281476,0.4750014,0.058308054,0.5025007,0.076019384,0.68859684,0.10642047,0.63934785,0.116891526,0.7671763,0.25161138,0.66457206,0.26833194,0.61522186,0.39711955,0.46528333,0.382295,0.75928307,0.39841238,0.7294879,0.39552295,0.7218643,0.6363768,0.6992072,0.62644154,0.8080306,0.88076514,0.7906261,0.85974973,0
0.3662061,0.12958209,0.35116807,0.10782562,0.3340067,0.11529747,0.4699709,0.061604097,0.49500692,0.081242375,0.67713606,0.10825148,0.64946455,0.121082194,0.72814584,0.24657089,0.6549847,0.26770878,0.5479267,0.37737617,0.4199383,0.35841465,0.7548084,0.39476746,0.7346695,0.39204988,0.7053768,0.6324601,0.6956542,0.6199226,0.7796495,0.88009876,0.75854194,0.8574411,0
0.36531046,0.1322824,0.3538556,0.10907371,0.327702,0.11646652,0.47852507,0.058940437,0.47876278,0.0796196,0.69154495,0.11331425,0.6828412,0.127313,0.706803,0.27313703,0.63530755,0.28878,0.5360789,0.3874352,0.29310033,0.35310847,0.7305119,0.41729775,0.73016477,0.41484758,0.71615475,0.6532314,0.7240566,0.64351696,0.7971858,0.9001676,0.7920631,0.87516344,0
0.3601145,0.13054955,0.35137102,0.108016215,0.32416877,0.11525152,0.47641295,0.061729364,0.46697325,0.08196242,0.69615316,0.11247833,0.6660505,0.12896869,0.7270066,0.26171416,0.6153153,0.28357816,0.54647994,0.38471556,0.27420112,0.35271394,0.7364025,0.41172075,0.72229904,0.41005406,0.7109178,0.6477423,0.713366,0.638755,0.78529525,0.8955242,0.7754411,0.8713629,0
0.36034107,0.1258298,0.3471152,0.10439165,0.32933334,0.11108039,0.46238813,0.060487796,0.4878019,0.078171976,0.66683257,0.11397679,0.63815403,0.1252657,0.7227305,0.26122808,0.64613813,0.27841815,0.6030119,0.401386,0.4162586,0.37090513,0.7448244,0.40387934,0.7278009,0.40164146,0.7259222,0.63692856,0.7103856,0.62502974,0.8066883,0.88168514,0.7989319,0.85632324,0
0.36002722,0.12697333,0.3485559,0.10542131,0.33026344,0.11154318,0.4690333,0.061456326,0.49293196,0.0776974,0.671787,0.11707774,0.64575464,0.12588616,0.72043616,0.26731706,0.64797705,0.2801687,0.5632998,0.3898461,0.40856948,0.36360657,0.74844944,0.4060197,0.7333404,0.40268773,0.72775656,0.6449917,0.7194005,0.6320014,0.80640453,0.8879958,0.7898051,0.8631646,0
0.34684733,0.12082178,0.34990364,0.099723615,0.31985515,0.10355362,0.4863881,0.06091654,0.4561239,0.07335701,0.6885359,0.119653784,0.6213139,0.13018416,0.7183542,0.26445356,0.57779115,0.2781456,0.55222493,0.3829832,0.27712658,0.35176173,0.7303492,0.40974987,0.6929232,0.40753058,0.71809584,0.6397769,0.71103925,0.63191974,0.8009347,0.88220185,0.7969992,0.85939044,0
0.34319803,0.12502632,0.33799624,0.103164546,0.31289673,0.10927073,0.46817318,0.06111822,0.45913416,0.07825288,0.6870978,0.11304488,0.6422845,0.12603964,0.72524214,0.2575337,0.603598,0.27383983,0.5645379,0.3852441,0.30560166,0.35298625,0.7412842,0.39801374,0.7165517,0.39597288,0.7303967,0.63203293,0.73649627,0.6228848,0.8050454,0.87958133,0.79857475,0.85604334,0
0.35675296,0.12005376,0.3524195,0.096925065,0.32406193,0.10620269,0.47501376,0.060759068,0.45713753,0.08361082,0.67763305,0.117695525,0.61507434,0.13731234,0.7357195,0.26312152,0.54287004,0.2833824,0.5387096,0.3727421,0.17983575,0.3499598,0.759048,0.39896804,0.72386014,0.40021476,0.7433007,0.63216585,0.7443282,0.62501293,0.84680843,0.85813046,0.8290839,0.8404334,0
0.36881006,0.12698182,0.35912645,0.10707709,0.33846283,0.11132198,0.48118648,0.064375825,0.50344163,0.076549605,0.67785984,0.11493269,0.6639774,0.11921434,0.76222545,0.25346646,0.6797643,0.26300514,0.6059092,0.37194064,0.40254134,0.34588826,0.7494896,0.3975671,0.74650246,0.39290655,0.7616616,0.6294361,0.7481009,0.6146938,0.8427124,0.8630462,0.84151417,0.83811337,0
0.37850106,0.12970261,0.36093876,0.10666721,0.34364483,0.11437871,0.4781699,0.059525967,0.51493186,0.07916433,0.6821836,0.11383352,0.69666827,0.124515675,0.74003,0.26296446,0.67077696,0.27360088,0.58804905,0.39281973,0.3318221,0.35091633,0.74801874,0.401941,0.7612875,0.39946386,0.7656638,0.63116443,0.76591986,0.6228586,0.8384721,0.8672486,0.82781684,0.8490839,0
0.36922723,0.127378,0.36046758,0.10599869,0.327726,0.113485925,0.4810936,0.06322517,0.46498036,0.083161354,0.70362735,0.11818404,0.6403629,0.12853135,0.75069684,0.26751092,0.6221106,0.27483657,0.60331297,0.4040627,0.3211439,0.34957615,0.7454313,0.4148878,0.710232,0.41160136,0.7579702,0.64234054,0.73924077,0.625433,0.83862597,0.8653502,0.8356117,0.8393242,0
0.36505345,0.13341053,0.3545098,0.11147945,0.33017337,0.11879479,0.47748187,0.071188375,0.48645824,0.089660406,0.685268,0.13428943,0.67505187,0.14084125,0.69075835,0.28254312,0.6606848,0.2869711,0.5520895,0.39735073,0.4484069,0.3523357,0.72943485,0.42159924,0.72284913,0.41695642,0.76389843,0.6368653,0.756876,0.6192003,0.84079045,0.8600933,0.8539511,0.8335293,0
0.34147033,0.13176157,0.33736655,0.110728666,0.30660155,0.11799755,0.47094575,0.07376494,0.4519585,0.09219963,0.69160926,0.13454227,0.62295353,0.14300966,0.7196918,0.28313246,0.5872788,0.28956926,0.5119305,0.3955945,0.3269252,0.3554604,0.71376085,0.4177206,0.6748724,0.41345885,0.72718096,0.63203585,0.7083042,0.61455643,0.823904,0.85956705,0.82685244,0.8338577,0
0.35934794,0.12058177,0.35127997,0.098705195,0.32099378,0.106622554,0.4797726,0.05958965,0.4674461,0.07980762,0.71328366,0.12160699,0.6522816,0.12830657,0.7550134,0.2801351,0.6574915,0.277703,0.6179109,0.41921857,0.410722,0.36179814,0.7335088,0.41317686,0.6952546,0.40750837,0.71108294,0.6285506,0.69611335,0.61075836,0.8580069,0.8561503,0.8533939,0.8309847,0
0.364476,0.123857036,0.3550523,0.1020365,0.3275074,0.10949084,0.4791041,0.060138084,0.47548956,0.07944324,0.70995736,0.12182226,0.6557649,0.12895517,0.7523774,0.27832404,0.6605261,0.27740112,0.6136978,0.4148189,0.42941272,0.35136154,0.725316,0.41664842,0.69257003,0.41144025,0.7193039,0.6376334,0.7050441,0.622008,0.8444075,0.85813475,0.8391816,0.8371811,0
0.33872986,0.1353529,0.33089828,0.11150565,0.2990504,0.12020446,0.4546387,0.06849494,0.4283465,0.091745876,0.6950992,0.12897584,0.6204192,0.14659539,0.6884375,0.28491813,0.49215737,0.2968012,0.44186312,0.4006847,0.11130427,0.34964973,0.7041525,0.42028186,0.67012197,0.41901147,0.6927348,0.6397505,0.7023927,0.6286405,0.8342706,0.86450255,0.7999757,0.8430502,0
0.3676418,0.13109224,0.36037803,0.11005556,0.3366371,0.11516261,0.48068625,0.07147269,0.49551168,0.0846493,0.7071839,0.13681069,0.6816414,0.13419807,0.7192717,0.2994422,0.63188404,0.28346026,0.53181356,0.40374953,0.26336312,0.35327214,0.7051305,0.42749572,0.6904728,0.41864207,0.70915204,0.64227766,0.68231106,0.628194,0.8632101,0.8627851,0.84396565,0.8390242,0
0.33906192,0.12808871,0.33775446,0.104984805,0.30823126,0.111400746,0.4765734,0.067216635,0.44841418,0.08508754,0.7174411,0.1369136,0.6349155,0.14515455,0.71024895,0.30029154,0.5826131,0.3015243,0.37562194,0.3692545,0.24851637,0.3536474,0.71115345,0.43454656,0.66194916,0.4298982,0.7223247,0.6560312,0.70447683,0.6462331,0.8332907,0.8973498,0.8242005,0.86935997,0
0.3612117,0.124240994,0.3604821,0.09984705,0.3225288,0.10619182,0.5172929,0.05639176,0.4809545,0.0742598,0.7239618,0.12752394,0.69276756,0.13451877,0.71143013,0.2901456,0.6517321,0.29332685,0.545515,0.41092068,0.39322707,0.37242472,0.722312,0.4241301,0.7066725,0.4193116,0.7076691,0.635823,0.72129923,0.62500656,0.8280269,0.87545073,0.81935984,0.86197644,0
0.3511749,0.13072899,0.35002643,0.10939347,0.31755745,0.11640721,0.486347,0.07641113,0.45758063,0.094065234,0.7189011,0.14226207,0.61259747,0.14488429,0.7359848,0.30270687,0.5379247,0.28515875,0.49921212,0.4235433,0.30251577,0.3469033,0.7374953,0.43688488,0.6706901,0.43051866,0.70863384,0.6505019,0.66828907,0.63325393,0.84084815,0.8604,0.8236331,0.8323498,0
0.3511749,0.13072899,0.35002643,0.10939347,0.31755745,0.11640721,0.486347,0.07641113,0.45758063,0.094065234,0.7189011,0.14226207,0.61259747,0.14488429,0.7359848,0.30270687,0.5379247,0.28515875,0.49921212,0.4235433,0.30251577,0.3469033,0.7374953,0.43688488,0.6706901,0.43051866,0.70863384,0.6505019,0.66828907,0.63325393,0.84084815,0.8604,0.8236331,0.8323498,0
0.3554377,0.12855527,0.35482585,0.10744929,0.32704842,0.11296563,0.4897634,0.07442431,0.47210434,0.0890347,0.7085726,0.13725573,0.6316913,0.14438376,0.76143384,0.29323262,0.52207136,0.29120788,0.5908514,0.41652277,0.18291596,0.33644292,0.72362447,0.43091363,0.6824139,0.4262005,0.7010762,0.6454815,0.66410935,0.63014674,0.82742673,0.860691,0.80748564,0.8340207,0
0.35352993,0.13579616,0.3563997,0.11475896,0.31543747,0.12194238,0.49076122,0.07935262,0.43045044,0.098640345,0.7313777,0.14100814,0.5426973,0.1522119,0.7371357,0.27462545,0.5012035,0.29131505,0.4154424,0.3035767,0.36216286,0.33918324,0.7271816,0.43196085,0.6073273,0.42917842,0.70687604,0.64479834,0.6616479,0.632288,0.81835854,0.8513704,0.8010814,0.82655394,0
0.35862854,0.12855875,0.36367282,0.107879855,0.33002037,0.11378946,0.4930387,0.07891526,0.44721934,0.09442825,0.7216872,0.14315033,0.58434904,0.15130101,0.8201624,0.29196858,0.57449615,0.28065538,0.6913948,0.42800188,0.3976795,0.3097527,0.72804177,0.43795583,0.6384164,0.43497145,0.7117757,0.65723354,0.6497891,0.64393425,0.8360668,0.8865345,0.81775,0.85890234,0
0.36219406,0.1285834,0.37128782,0.10878868,0.3320607,0.113582805,0.5004783,0.07954387,0.434768,0.09314229,0.72100246,0.14073491,0.550087,0.1475456,0.8054835,0.28491712,0.51059014,0.27630544,0.688311,0.4227473,0.33940813,0.34020567,0.7375709,0.4335393,0.62534845,0.43113062,0.73076993,0.6601589,0.63543874,0.64840484,0.8307352,0.88518274,0.77894825,0.86175543,0
0.35962975,0.1282337,0.37424442,0.108648226,0.3286786,0.113060094,0.5065681,0.081329964,0.4141976,0.09452815,0.7208159,0.1426653,0.5281247,0.15373282,0.7984675,0.29046187,0.45121187,0.2869446,0.7054843,0.42440704,0.18613662,0.33956927,0.73783004,0.43584037,0.6200843,0.43498644,0.69752353,0.6585916,0.6422141,0.64740866,0.8240996,0.88734156,0.80086374,0.86232525,0
0.35423127,0.12580732,0.3706994,0.10685139,0.32610068,0.11118385,0.5039857,0.08153679,0.41046977,0.094411165,0.7168981,0.13983727,0.51207685,0.15369166,0.79547435,0.27868867,0.45737422,0.28519872,0.7071957,0.4240845,0.2729059,0.34356683,0.7374412,0.43024698,0.6087254,0.43114182,0.7042982,0.6617601,0.6357468,0.65190095,0.81826705,0.88925177,0.78772616,0.86623436,0
0.36407158,0.13332033,0.37769789,0.113307975,0.33034977,0.11862166,0.50754315,0.08269892,0.41742694,0.09845047,0.71366996,0.13942046,0.52929735,0.15694132,0.72171235,0.26482874,0.4689014,0.29524592,0.40248168,0.32919163,0.29716143,0.34406874,0.735545,0.43479177,0.6177081,0.4351307,0.68818355,0.64922667,0.6351348,0.64056784,0.77647936,0.8846834,0.73524314,0.8601389,0
0.3637699,0.13095078,0.3813238,0.11050074,0.3313194,0.11332578,0.5283844,0.07680921,0.42089295,0.08765435,0.7269845,0.14191398,0.53394055,0.15102515,0.79772395,0.29101282,0.4841518,0.28740752,0.75077343,0.43130296,0.29295096,0.34360027,0.73048097,0.43840376,0.6044683,0.43705985,0.7026275,0.6551809,0.5988159,0.64605963,0.8156541,0.88405734,0.7111671,0.86782515,0
0.34914002,0.1399764,0.35931027,0.11970942,0.31439584,0.12317286,0.4859795,0.085522175,0.42500234,0.09633887,0.6958336,0.15009065,0.5548904,0.15294886,0.7765158,0.30145365,0.49833784,0.2935481,0.7388042,0.43610063,0.3250756,0.36816564,0.695506,0.44901285,0.62630904,0.44525298,0.6357286,0.66640127,0.6558884,0.66093427,0.68296283,0.9013292,0.7597317,0.88219124,0
0.32227066,0.11976876,0.34525487,0.0975676,0.2979701,0.10256311,0.49062225,0.07952742,0.38032532,0.09291057,0.71770227,0.15900886,0.5028978,0.17257869,0.83146995,0.30755985,0.43073118,0.3015117,0.7513292,0.43462506,0.16545792,0.34537104,0.71456724,0.4546671,0.572584,0.45572615,0.70706236,0.67619234,0.57992536,0.67379856,0.7913997,0.9164064,0.6397116,0.90238535,0
0.31037825,0.1199707,0.33265373,0.100974575,0.2901622,0.10395429,0.4726742,0.08402605,0.3783156,0.09272427,0.70491165,0.15612788,0.48003656,0.16763851,0.84553134,0.29983184,0.43543,0.30262724,0.7586859,0.43503582,0.20285675,0.34316093,0.7111818,0.44628957,0.5775154,0.44595018,0.6801317,0.6670189,0.6080061,0.6598932,0.708853,0.90900135,0.72401977,0.88418806,0
0.313034,0.12182288,0.3313028,0.10161944,0.28768104,0.10883226,0.46739408,0.08715086,0.37996757,0.10239916,0.70439285,0.16080785,0.46814483,0.17310919,0.8716608,0.30611825,0.42597935,0.29993805,0.7438865,0.43230498,0.21973886,0.3538334,0.726932,0.45268807,0.57879436,0.45366752,0.70820564,0.67936033,0.60924304,0.6770254,0.7437897,0.8993143,0.6724232,0.89340794,0
0.3165214,0.13546526,0.3226543,0.11507058,0.28982547,0.11900626,0.44840792,0.0809943,0.40189677,0.09370273,0.6849129,0.14554985,0.5054096,0.16237837,0.8311605,0.28905466,0.44192293,0.3046027,0.7396663,0.43101788,0.20769918,0.3408357,0.6974452,0.4477455,0.6086137,0.44843823,0.6461361,0.6682332,0.6452546,0.66187173,0.6571565,0.9135035,0.7563463,0.88737726,0
0.29992542,0.13478214,0.3080605,0.114888534,0.27263817,0.12020266,0.4371672,0.087180644,0.3782655,0.10142752,0.69323784,0.15143698,0.47548524,0.16492765,0.8507429,0.294389,0.453526,0.2979113,0.73723906,0.4287915,0.25423297,0.3443475,0.7187538,0.4454863,0.5874654,0.44589084,0.70023704,0.6662516,0.6191929,0.65748924,0.7297434,0.89578915,0.7049019,0.8767314,0
0.2793045,0.1303254,0.2865177,0.10856492,0.25314078,0.11150467,0.41676605,0.07495403,0.36106738,0.08584688,0.6846356,0.15080342,0.47125795,0.16510129,0.8326713,0.30276647,0.42363265,0.31180534,0.7327002,0.4319021,0.14389896,0.3411835,0.6906519,0.450256,0.565494,0.44963256,0.6757764,0.66903484,0.59067804,0.6646437,0.7243644,0.914048,0.68838936,0.89156216,0
0.2857588,0.13194156,0.2931486,0.1096177,0.2519553,0.11618838,0.4324119,0.07526905,0.3502952,0.09447601,0.690913,0.14515059,0.48027915,0.16592243,0.8411844,0.2956281,0.4279044,0.30466026,0.7419444,0.4359557,0.12483448,0.34033817,0.68942165,0.45856073,0.5570317,0.45968246,0.69964963,0.6771472,0.56217754,0.6706803,0.75247884,0.906913,0.6285472,0.8866911,0
0.2702534,0.13541886,0.27640325,0.11179149,0.23998709,0.12139263,0.4192163,0.083417274,0.33311492,0.10845699,0.72105527,0.15531778,0.4445474,0.18488592,0.8522518,0.30204332,0.39629942,0.31579787,0.7561996,0.4382604,0.08630485,0.34519836,0.74248683,0.47032902,0.5465867,0.47625986,0.7741408,0.6902638,0.5393509,0.68914,0.85527784,0.9069324,0.5748059,0.90035284,0
0.26889244,0.13386776,0.27403772,0.110719316,0.24438635,0.1200901,0.41885054,0.08378906,0.35178447,0.10786678,0.7237782,0.1545537,0.4639922,0.18312758,0.7694241,0.29729167,0.38070694,0.31954494,0.356787,0.39196014,0.05633178,0.34828404,0.753567,0.47065008,0.5688757,0.47517255,0.7596851,0.68849885,0.5605548,0.68728197,0.8421122,0.90443957,0.5892904,0.8977982,0
0.24402933,0.111649565,0.26692158,0.09095934,0.21836306,0.0944218,0.434809,0.07053543,0.3286611,0.08069935,0.6939267,0.1537166,0.46572918,0.15632956,0.7839199,0.3166643,0.5090585,0.30299383,0.65834683,0.43267778,0.33604157,0.38065484,0.70682585,0.47058833,0.5369393,0.46641833,0.7455375,0.7009442,0.5196039,0.6896309,0.819048,0.92235625,0.5920197,0.90328467,0
0.25918338,0.13043454,0.26698148,0.108219035,0.22500822,0.11571312,0.4199877,0.07653742,0.33842567,0.096758895,0.7141913,0.14567924,0.46196434,0.16369267,0.8525711,0.2814569,0.42935356,0.30734807,0.5353242,0.28383794,0.11431338,0.3354818,0.7074555,0.46095464,0.5424851,0.45932215,0.71828645,0.68268645,0.5781694,0.6732061,0.82102686,0.9046572,0.663198,0.88744634,0
0.24185814,0.12536658,0.25402224,0.10250414,0.20131563,0.1099354,0.41200212,0.07392402,0.33528733,0.09160202,0.66396,0.15661484,0.52463174,0.15893875,0.76228964,0.32286108,0.5527864,0.30672064,0.6351901,0.45691735,0.33714977,0.39958552,0.67492986,0.47624323,0.5893637,0.47007772,0.6548778,0.692764,0.62898433,0.67831933,0.7305062,0.90545833,0.7481706,0.88939846,0
0.22697753,0.12620448,0.22878031,0.103139736,0.20061742,0.11147199,0.3717701,0.07626863,0.34344527,0.09593039,0.6521468,0.14845467,0.5014941,0.16551203,0.8336719,0.29502591,0.54112303,0.30211866,0.68931377,0.42683563,0.26870066,0.34328255,0.6930456,0.46972296,0.5862759,0.46970072,0.7232299,0.69604254,0.6020172,0.6889197,0.82085294,0.90939593,0.6584538,0.89704055,0
0.19393134,0.118790776,0.20680661,0.09498225,0.15954448,0.1047572,0.3640505,0.07594948,0.27684283,0.09801917,0.6520884,0.15574259,0.42402545,0.17333823,0.7991641,0.30779034,0.47395405,0.32521993,0.6462551,0.4447535,0.35143232,0.43728855,0.69339466,0.4591944,0.5326268,0.46030486,0.7063545,0.6892196,0.5689325,0.68277293,0.80672836,0.9068472,0.636387,0.8971272,0
0.20193073,0.11800061,0.20859273,0.09603121,0.16460896,0.10446277,0.35124043,0.07285595,0.29072285,0.092152216,0.6325475,0.14712098,0.4458668,0.15832815,0.79571766,0.30015498,0.50176,0.30727386,0.70344275,0.43708864,0.3626612,0.41297895,0.7016202,0.44761175,0.57218015,0.44691843,0.71700275,0.67663157,0.586991,0.6689194,0.79902714,0.8987194,0.6682111,0.8882971,0
0.17779922,0.091961816,0.18839213,0.071136855,0.14574753,0.08057208,0.3047188,0.06571942,0.26352867,0.0836237,0.55217916,0.14726093,0.4540559,0.1570304,0.7700407,0.2932919,0.5119215,0.30030912,0.68124956,0.43510568,0.3705587,0.4042885,0.6418378,0.4539157,0.58129257,0.4535462,0.6363916,0.7002907,0.63453126,0.6952432,0.72791976,0.9070266,0.7132599,0.9008223,0
0.131106,0.13670328,0.12320639,0.1121976,0.098950736,0.12181328,0.2714888,0.081156924,0.27311426,0.102326676,0.5590806,0.15234452,0.46489686,0.16063717,0.7396683,0.30081937,0.52837026,0.30299,0.6207853,0.43599,0.34339103,0.40094766,0.6114568,0.45483264,0.5333196,0.4507299,0.64010453,0.69415456,0.5284022,0.6834778,0.8201725,0.9026548,0.6025481,0.8922954,0
0.12494343,0.107281715,0.13686863,0.08460245,0.09518351,0.09312272,0.30287176,0.06506596,0.26229334,0.08212319,0.5419425,0.13974364,0.46913117,0.14671847,0.69955176,0.29094622,0.5422449,0.29863736,0.47499225,0.43467355,0.37248558,0.42374277,0.61932343,0.44040626,0.57786494,0.43738464,0.6159437,0.6911982,0.65496594,0.67904276,0.6945243,0.9091452,0.7607898,0.8904959,0
0.122488916,0.11321793,0.11854469,0.0904665,0.10192286,0.099496886,0.25536814,0.07023106,0.27918425,0.08734379,0.5090275,0.1392967,0.4977886,0.1462944,0.69336903,0.28178793,0.56533176,0.28852603,0.46899003,0.42612237,0.3255906,0.39302534,0.6021482,0.415251,0.59647095,0.41228694,0.5914196,0.65884435,0.6123128,0.6509286,0.70285094,0.8938227,0.693817,0.88455075,0
0.12499706,0.11265282,0.1265954,0.08867898,0.101888545,0.097881176,0.28392357,0.06833601,0.29350764,0.08590412,0.49718124,0.14571969,0.53108555,0.1497228,0.56484336,0.2961855,0.53239363,0.29834765,0.32442188,0.41123268,0.27322304,0.390499,0.60187554,0.4432413,0.6147083,0.43800488,0.5844214,0.6998398,0.60423523,0.6871608,0.76149046,0.89651114,0.7241961,0.88625246,0
0.122095145,0.114402205,0.12892224,0.089822106,0.09241716,0.09895125,0.29229048,0.06910582,0.27358055,0.086837105,0.50746423,0.14985852,0.50844854,0.15184537,0.57958806,0.31160665,0.50681126,0.30420506,0.380016,0.44419459,0.2830951,0.41013741,0.6042327,0.4498853,0.6036545,0.4442906,0.5727664,0.6972414,0.61751133,0.6826801,0.70651984,0.8974895,0.74334866,0.8811844,0
0.18323243,0.103759736,0.21690302,0.08322369,0.14855166,0.088903494,0.35432625,0.07078161,0.2198106,0.083271645,0.56692225,0.14397019,0.40219644,0.15209295,0.72771424,0.2890732,0.4568619,0.28296143,0.45646158,0.3752422,0.33046687,0.32467487,0.6478946,0.42907506,0.5502765,0.42925757,0.6169332,0.6907623,0.63135576,0.6840821,0.7788144,0.9086676,0.77980196,0.8936042,0
0.14966626,0.09337925,0.15611388,0.07771382,0.13483173,0.083650105,0.27498877,0.06701488,0.28958705,0.07581066,0.50047463,0.14905928,0.4631516,0.15013699,0.6647077,0.3157789,0.5109025,0.31536353,0.52440137,0.45445794,0.34378272,0.43346012,0.6104189,0.4733225,0.6080367,0.46696842,0.59763247,0.7329729,0.6656657,0.7181675,0.6869297,0.9224069,0.84172463,0.88897437,0
0.17219828,0.14146435,0.20790227,0.119556814,0.13029638,0.12702003,0.35089353,0.10944581,0.19740719,0.12640989,0.5405951,0.18184552,0.4022395,0.20061447,0.7024753,0.28362158,0.39552504,0.29881644,0.5897471,0.41260388,0.20668633,0.35005078,0.6285311,0.45800135,0.5433252,0.4614336,0.60999703,0.6956431,0.6026113,0.68529,0.74541503,0.89113617,0.750044,0.8722712,0
0.1817704,0.24922208,0.19028534,0.23299241,0.17897674,0.23543473,0.2964643,0.22462988,0.33270958,0.22858338,0.55072546,0.30334768,0.46785998,0.30259028,0.678625,0.43417302,0.47099122,0.42115155,0.58274615,0.5281176,0.28655073,0.4529849,0.580846,0.54841965,0.53133076,0.54419327,0.60968214,0.73199797,0.59988385,0.72732574,0.7454047,0.9076579,0.74130994,0.89163405,0
0.18126632,0.2707949,0.19657639,0.25218603,0.14023323,0.2597773,0.31682244,0.23851664,0.23316321,0.25618476,0.5528363,0.29830524,0.4722609,0.31742936,0.6862607,0.38949588,0.5294814,0.412128,0.5827183,0.507639,0.33932623,0.45603976,0.62085295,0.54902023,0.5620503,0.5518566,0.63201755,0.7415793,0.6264466,0.73970175,0.8025159,0.919503,0.7335438,0.90855086,0
0.18174043,0.26926997,0.19640398,0.2506849,0.14220177,0.2578766,0.31542775,0.23756053,0.24733652,0.2538856,0.5439442,0.29926002,0.49563208,0.3153889,0.6713882,0.39140007,0.56508696,0.41300088,0.580155,0.5069351,0.3654934,0.47628197,0.6206708,0.55003893,0.5813749,0.55193484,0.6302496,0.7396263,0.63561326,0.73869973,0.7938069,0.9155146,0.7310138,0.90736747,0
0.1678552,0.26127514,0.20243879,0.24451697,0.13993576,0.24989258,0.34687722,0.24033962,0.23545465,0.253931,0.539921,0.2938959,0.46830234,0.32842243,0.6096129,0.2963544,0.4643705,0.42238456,0.45204613,0.20265883,0.2736886,0.43796796,0.61970025,0.5446321,0.56026894,0.5505021,0.6363836,0.7388964,0.6302666,0.73697835,0.7815199,0.91594493,0.7316042,0.9099088,0
0.15293075,0.2945698,0.14322002,0.27810386,0.14057319,0.281992,0.23348148,0.2585629,0.329237,0.26908207,0.52146804,0.2937221,0.52590835,0.32371622,0.6061444,0.28699294,0.5017164,0.42625177,0.54355174,0.2111718,0.2692481,0.4962509,0.6289614,0.52842164,0.62853163,0.53175616,0.6500166,0.71002084,0.66998416,0.71118486,0.769319,0.9148967,0.7521503,0.9035556,0
0.16571529,0.26783457,0.18103938,0.25279677,0.14788917,0.2552615,0.29090244,0.24927576,0.30132097,0.2525125,0.52647704,0.32176715,0.52057356,0.31604633,0.5743519,0.44017786,0.5342489,0.42929944,0.49460617,0.5278431,0.38738787,0.51095456,0.6312984,0.5424871,0.61969465,0.53833854,0.64311737,0.7131031,0.68452525,0.71171737,0.7814177,0.9049591,0.7390295,0.9001045,0
0.11764556,0.27221182,0.12819415,0.2571278,0.115448624,0.25891778,0.25440446,0.25201052,0.31233042,0.25343734,0.49001515,0.3203849,0.49177837,0.3159523,0.56138605,0.43860796,0.5190647,0.43336645,0.3829441,0.53648037,0.37042364,0.529731,0.65011394,0.5357416,0.64321554,0.53223294,0.65244,0.70115954,0.6852881,0.70062506,0.77196497,0.9038915,0.72427976,0.89459074,0
0.16288282,0.26392025,0.19313852,0.24931619,0.14787401,0.25020143,0.32679707,0.24721646,0.28242224,0.24712966,0.5215554,0.3181115,0.47021616,0.3116469,0.590767,0.4282405,0.50679046,0.41733283,0.5179239,0.5260327,0.43487376,0.51140183,0.64551425,0.52329904,0.6057913,0.5197367,0.6332928,0.69168836,0.68052834,0.689535,0.7975229,0.90427715,0.72971773,0.8977034,0
0.12344705,0.23633169,0.1644195,0.2224573,0.107632026,0.22418924,0.31306145,0.22764058,0.22761449,0.22941318,0.5307606,0.30538866,0.3871519,0.30464688,0.5970812,0.4205142,0.4013304,0.41792297,0.4158171,0.52393496,0.31664193,0.5164721,0.64865017,0.5243117,0.55223095,0.5236034,0.6451373,0.6960915,0.6701511,0.69779205,0.78610265,0.9020907,0.74709845,0.9011408,0
0.1498811,0.26612157,0.16919528,0.24938914,0.12214406,0.2534229,0.29471987,0.24177586,0.25451916,0.24957715,0.5239143,0.30754703,0.47280133,0.30917895,0.60621005,0.42590475,0.54411006,0.42777205,0.41032928,0.5230046,0.38008538,0.52616894,0.6507615,0.53119946,0.61126447,0.529463,0.64163744,0.6993258,0.6839984,0.69808215,0.79804164,0.9114222,0.75918525,0.9017327,0
0.14812958,0.27024484,0.18213835,0.25099245,0.10324238,0.25515312,0.35531697,0.23762766,0.2210994,0.24576162,0.5603284,0.31321567,0.5026922,0.29719073,0.6307846,0.42067534,0.5210185,0.32000667,0.4813822,0.5027229,0.35664088,0.28645396,0.6417036,0.52756536,0.5984397,0.5217388,0.62664187,0.69532466,0.66365,0.69357145,0.78366077,0.90661013,0.73933256,0.9030442,0
0.10023225,0.2865077,0.12384893,0.2713364,0.08720401,0.27275738,0.30401227,0.25844997,0.27178687,0.25888115,0.55072784,0.32992792,0.509383,0.28885865,0.60021436,0.4291609,0.50824404,0.23777215,0.47590262,0.53846323,0.47332773,0.16282725,0.62787694,0.5402999,0.60521173,0.5271101,0.6164067,0.7081031,0.6385618,0.70859545,0.77809536,0.9032425,0.77819496,0.8867492,0
0.09872873,0.28808594,0.10157462,0.27396318,0.07986363,0.2756015,0.23833935,0.25214484,0.282167,0.2565232,0.52808017,0.30096897,0.48423722,0.29726222,0.6044592,0.4225768,0.54380876,0.41133848,0.45065415,0.513396,0.33806592,0.45167848,0.6272473,0.5270228,0.59856313,0.52289784,0.6353232,0.70351326,0.6289495,0.701185,0.8018593,0.9050573,0.7409788,0.8891559,0
0.14172195,0.22355422,0.128573,0.20524758,0.119757995,0.20828702,0.25683305,0.17619453,0.33490765,0.18234982,0.5409542,0.23399526,0.53456837,0.22696367,0.6148918,0.36752445,0.5488945,0.34652245,0.44914314,0.46273068,0.29623267,0.38501194,0.6246328,0.48808396,0.62042344,0.48126152,0.63801175,0.67497146,0.6392236,0.66798663,0.7723428,0.8882968,0.7651496,0.86890393,0
0.12794438,0.15121539,0.11088474,0.1308904,0.10062119,0.13576522,0.23299943,0.097430155,0.30923432,0.10931735,0.5234488,0.1542155,0.51152915,0.15600596,0.6399407,0.28999865,0.5684514,0.2952134,0.49034077,0.41131687,0.3683109,0.40863782,0.61013824,0.4283307,0.60361713,0.4244889,0.62501717,0.63598996,0.65142924,0.6357564,0.73377,0.8847637,0.73175734,0.8663093,0
0.11877491,0.22671884,0.12731068,0.2103443,0.10556625,0.21099517,0.27126515,0.19569208,0.30464745,0.19662757,0.5343041,0.25847617,0.5047918,0.25280926,0.6241582,0.3826075,0.52840155,0.3708554,0.50668275,0.49185756,0.33967945,0.41972947,0.6324724,0.49744245,0.6111163,0.49240148,0.60711944,0.6818262,0.6344233,0.6777381,0.76635355,0.90111715,0.7523325,0.88492495,0
0.12955958,0.12413288,0.12523684,0.10445241,0.113662414,0.10783614,0.2556781,0.079801194,0.31341636,0.08743076,0.52107084,0.14496665,0.5187983,0.14433722,0.5992734,0.2909668,0.5520571,0.280478,0.351036,0.40874022,0.32010004,0.33387363,0.6306907,0.41798005,0.62558866,0.41409317,0.61947715,0.6281105,0.6449238,0.62538,0.7415247,0.8782297,0.7329077,0.86368394,0
0.116014905,0.24278857,0.11534783,0.22536407,0.092618294,0.22762492,0.25990686,0.20343094,0.29369798,0.20896007,0.5560655,0.26373094,0.47754484,0.25860122,0.5935417,0.39873463,0.5340198,0.39242357,0.38614878,0.49725628,0.34804806,0.49619526,0.64351803,0.507655,0.5784771,0.5014011,0.59753484,0.6957861,0.5545606,0.6908728,0.7746393,0.90501904,0.7141865,0.88347363,0
0.11873778,0.18552065,0.1352036,0.16859193,0.106099576,0.16847256,0.2899743,0.1543425,0.28906024,0.1538111,0.5437638,0.22125894,0.4509703,0.21283685,0.6099286,0.35576293,0.5207222,0.34940425,0.3858682,0.46371645,0.35325283,0.4588171,0.6375529,0.4718263,0.56736124,0.46584955,0.60701007,0.6719602,0.5864969,0.6671844,0.76279724,0.9012727,0.72813433,0.8863006,0
0.12567972,0.22321145,0.12381788,0.20345795,0.100971244,0.20725954,0.2703083,0.17943335,0.30766973,0.18822066,0.55097085,0.24249555,0.5023701,0.24032983,0.60234153,0.37865722,0.5399551,0.3796449,0.38147545,0.48267177,0.35067776,0.49437067,0.63877934,0.49842405,0.59848034,0.49319318,0.5994141,0.69488466,0.6124248,0.69093055,0.76965916,0.91677576,0.72592694,0.90530396,0
0.12776418,0.15981086,0.1567972,0.14132331,0.08977121,0.14444846,0.3029372,0.12838039,0.19044933,0.13558541,0.5552311,0.19918771,0.38108483,0.19762044,0.61865616,0.33856827,0.47252476,0.3342401,0.36553234,0.44205368,0.31568497,0.44334695,0.63815784,0.4582777,0.51697385,0.4548507,0.5893967,0.66605866,0.59800106,0.6610311,0.76645213,0.9020599,0.72179306,0.8926374,0
0.15109272,0.11082831,0.17167182,0.09101939,0.11957507,0.09439695,0.32569265,0.07537067,0.2649684,0.08194079,0.5412156,0.15661256,0.43979907,0.15335064,0.6584921,0.31241414,0.5155799,0.3069354,0.51177514,0.43464065,0.31579664,0.41906357,0.6286851,0.43291903,0.5634351,0.42891073,0.61901665,0.6401025,0.6236684,0.63211983,0.76971644,0.889212,0.7519963,0.8795235,0
0.15117586,0.10218754,0.16413784,0.08021974,0.13571157,0.085629456,0.31194523,0.06966614,0.3170554,0.07870125,0.55025303,0.15594116,0.5245266,0.15343004,0.61889124,0.31111854,0.5469902,0.2980633,0.38359702,0.42553413,0.33124426,0.38734186,0.62691665,0.42738023,0.602786,0.42268425,0.61063653,0.64114904,0.6601986,0.63997006,0.75254154,0.8875265,0.7392122,0.8844455,0
0.15974541,0.11551629,0.1488083,0.09488893,0.13721165,0.09960812,0.26553777,0.06942082,0.34478703,0.07857004,0.52848876,0.14047265,0.539961,0.13638312,0.6072596,0.29964888,0.5490095,0.29709718,0.38187152,0.4323584,0.36093798,0.42829922,0.6341857,0.4215165,0.6458719,0.41567588,0.6354133,0.6445355,0.6628836,0.6403258,0.77092457,0.8888827,0.75913805,0.8706419,0
0.16528565,0.1286328,0.14662391,0.107252546,0.14996728,0.11431907,0.25825956,0.08103551,0.35189736,0.09455136,0.5209608,0.14906734,0.53898793,0.14891404,0.60898316,0.2988703,0.5543852,0.2912595,0.3319113,0.3908353,0.28312603,0.3345027,0.6079363,0.4190932,0.6195211,0.4142024,0.63289726,0.63521564,0.6580081,0.6266883,0.7675351,0.88840353,0.7512815,0.87467194,0
0.16238475,0.12300941,0.14931515,0.10181574,0.14389192,0.10811023,0.26976463,0.07757106,0.34872162,0.089219846,0.5210259,0.1480097,0.524674,0.14681983,0.6112545,0.29836446,0.55136853,0.30663607,0.3599758,0.41341215,0.361539,0.43524864,0.635257,0.42512137,0.63793045,0.41990352,0.64465076,0.64292884,0.666486,0.6341039,0.77102715,0.88708967,0.7480274,0.8746732,0
0.13647544,0.117607266,0.14801402,0.097630434,0.12861784,0.097114824,0.29549497,0.082148455,0.33894533,0.07980828,0.5450264,0.17580816,0.51374835,0.16690144,0.6090611,0.32792887,0.53005695,0.32349053,0.46015367,0.4642389,0.39384508,0.45444536,0.62610394,0.45016825,0.6064837,0.4430316,0.62172985,0.66151845,0.6214593,0.6579751,0.7542031,0.9009827,0.75263864,0.88371587,0
0.14906062,0.10800187,0.14757766,0.08492612,0.12941794,0.090244815,0.2820564,0.06428918,0.33229324,0.07437553,0.5317403,0.14389624,0.5374841,0.14385885,0.57721007,0.28915453,0.56521946,0.30815428,0.23700851,0.33773583,0.38404498,0.43039528,0.6629736,0.42499524,0.6583312,0.4204663,0.6521696,0.64969784,0.69152814,0.650494,0.77204704,0.8894764,0.7658077,0.87494844,0
0.12079921,0.11687452,0.11783878,0.09676084,0.103508696,0.100007005,0.25364897,0.07671923,0.32326397,0.082629725,0.5297816,0.15198892,0.54426193,0.1456836,0.618242,0.3070746,0.5786096,0.29891062,0.40723982,0.42872044,0.39166707,0.4243666,0.63061124,0.433481,0.6391196,0.4273922,0.62490916,0.6463657,0.66245455,0.64679533,0.7505292,0.8932098,0.7579179,0.8807366,0
0.12705041,0.1060904,0.13661806,0.08667883,0.109287724,0.08847017,0.28074285,0.07456645,0.3208815,0.076305024,0.52498627,0.15711795,0.54514,0.14491525,0.5688944,0.312696,0.5571614,0.29921994,0.41153416,0.448914,0.40081778,0.43953803,0.6305731,0.43797767,0.635958,0.4307935,0.61546516,0.64727396,0.66586566,0.6472592,0.7570032,0.8839443,0.7519035,0.88212276,0
0.13003194,0.09761296,0.15547793,0.0750511,0.11390661,0.072242096,0.3554862,0.05445457,0.3551315,0.046106152,0.5632588,0.16246389,0.6005173,0.13238488,0.6314308,0.3242254,0.579986,0.26076323,0.42673078,0.44323987,0.377963,0.36797413,0.6426823,0.43721512,0.6689413,0.42281368,0.6321939,0.6397281,0.7097023,0.63255733,0.77722186,0.8703051,0.7883405,0.87205315,0
0.13150518,0.09529544,0.15006028,0.072076134,0.115674116,0.07051201,0.33830538,0.049969867,0.36615744,0.044393353,0.5587586,0.15907772,0.6160592,0.13695928,0.6154704,0.32708332,0.61633927,0.29510415,0.47630227,0.45677936,0.44026634,0.43245485,0.63709843,0.44095168,0.6759388,0.4288362,0.64538074,0.65723497,0.7126386,0.65180475,0.78547347,0.8865499,0.7969207,0.88708425,0
0.13288975,0.097366124,0.1449028,0.07419656,0.11682899,0.07338253,0.32784602,0.050558332,0.37614787,0.04692531,0.56266916,0.15623127,0.62739384,0.13709742,0.61899406,0.32822675,0.62806803,0.30416307,0.47860494,0.4573533,0.44450977,0.4398784,0.6498841,0.44184268,0.6929974,0.43038467,0.650501,0.6543584,0.715912,0.6491352,0.7824331,0.8853272,0.79694825,0.8827355,0
0.18929236,0.116819836,0.18227652,0.09747417,0.20419517,0.09446373,0.35634917,0.057460193,0.47952884,0.049335055,0.55715495,0.1401148,0.61044705,0.09520227,0.6097159,0.26579314,0.46305117,0.08993183,0.42954594,0.44253954,0.18901429,0.07225051,0.6223973,0.3538764,0.6843561,0.33733952,0.62040216,0.6309225,0.6755663,0.6275297,0.7454899,0.8804632,0.74473625,0.8696082,0
0.12882966,0.100424916,0.14446938,0.076111324,0.11959888,0.07843857,0.32338652,0.064339116,0.36100918,0.064857915,0.54371727,0.17596367,0.58884174,0.15632516,0.6230944,0.35818303,0.5940576,0.3191789,0.42113683,0.46145585,0.38313767,0.4356907,0.64175147,0.45483127,0.6638275,0.44440866,0.64735997,0.6656838,0.71226335,0.6625406,0.78032124,0.89441764,0.7607108,0.8967154,0
0.1300234,0.11869479,0.13793106,0.09461614,0.11617385,0.09667969,0.31653637,0.07156592,0.3649598,0.073959455,0.5422544,0.16639772,0.5966844,0.15403086,0.5984711,0.32594612,0.621784,0.305397,0.4662915,0.44882414,0.42920676,0.4294217,0.6447737,0.44298673,0.6750992,0.43485826,0.6442564,0.6551566,0.7195672,0.6515992,0.7930435,0.8934994,0.7668739,0.89298946,0
0.16482428,0.121759,0.16463561,0.09938994,0.14730449,0.10317193,0.31871596,0.074407056,0.38000727,0.08139611,0.5388435,0.15484713,0.6040674,0.14719671,0.57799375,0.31811577,0.64603364,0.30720448,0.40926838,0.43979433,0.4390946,0.43493646,0.6511049,0.43446192,0.6877825,0.42842284,0.6547378,0.6500951,0.7336424,0.6480555,0.8062905,0.9068291,0.78282124,0.9031618,0
0.14697637,0.12492752,0.14948574,0.10306839,0.14087422,0.10141758,0.3119533,0.07588838,0.41466883,0.06961291,0.541541,0.17682378,0.6224601,0.14766547,0.58159256,0.3347923,0.56399393,0.26360705,0.41141936,0.43688908,0.322064,0.32711846,0.65476453,0.45717266,0.7152653,0.44381487,0.6911982,0.66864955,0.74060416,0.6628907,0.8284195,0.9115223,0.83504677,0.90321577,0
0.15670441,0.11289187,0.15649362,0.091288336,0.15939888,0.0960394,0.31673267,0.07929602,0.42647293,0.08554235,0.5295888,0.17000237,0.6372073,0.1636429,0.59722865,0.33460248,0.66634744,0.32482427,0.42304513,0.44621405,0.4559736,0.43532938,0.6589918,0.4460777,0.72232926,0.44072595,0.6841425,0.66290116,0.7557867,0.6648828,0.8213306,0.9131081,0.8243927,0.91683495,0
0.16680527,0.09276448,0.1636763,0.07243877,0.17401148,0.075479366,0.29629377,0.064802505,0.4477468,0.066160634,0.54451805,0.16168228,0.6604615,0.14833523,0.620037,0.335255,0.6796028,0.3165891,0.41369587,0.44458488,0.42322877,0.43254054,0.6511359,0.4488724,0.72489905,0.43911496,0.68048614,0.66540396,0.7634833,0.66165066,0.8076036,0.9151111,0.81076664,0.906093,0
0.16748643,0.12201522,0.18189877,0.102514595,0.15952718,0.10374838,0.3560293,0.08948061,0.3878563,0.08933193,0.5649672,0.1779627,0.5929193,0.16514023,0.619328,0.34073344,0.57636464,0.32724455,0.42150036,0.4610249,0.3981882,0.44582692,0.6650792,0.4611314,0.68321234,0.4527931,0.7120966,0.68199486,0.7240098,0.67139685,0.83002204,0.9175039,0.8294858,0.9027825,0
0.19813469,0.1127289,0.20618913,0.09074783,0.191993,0.09373474,0.36572486,0.0737411,0.41934186,0.077983804,0.5590511,0.15886988,0.6444239,0.15007028,0.59903646,0.31749848,0.6318263,0.30632293,0.4061178,0.44109493,0.39161956,0.43215233,0.639318,0.44114605,0.69440603,0.434395,0.66165215,0.64880985,0.74871415,0.64658594,0.7936446,0.89970297,0.80740285,0.8979775,0
0.21075746,0.11937438,0.21638952,0.09814166,0.20569173,0.10220751,0.38299546,0.0831942,0.45155582,0.08831076,0.52176195,0.16966365,0.697911,0.15654017,0.5077339,0.32442996,0.7137988,0.304735,0.3722622,0.44934,0.48358998,0.4303723,0.65061986,0.46259952,0.7497152,0.45277855,0.6668486,0.69267386,0.73836696,0.6797729,0.81888455,0.9049972,0.81628364,0.89324576,0
0.2046113,0.1200952,0.21534795,0.100765854,0.20682952,0.1019063,0.3876464,0.085078955,0.46049705,0.083767794,0.48607716,0.17310531,0.71023256,0.15290804,0.46113706,0.32652053,0.7363272,0.29133877,0.35834253,0.44309136,0.4666835,0.3922267,0.6198522,0.45987383,0.75353557,0.44875175,0.65716755,0.6787119,0.7166629,0.6679584,0.80879194,0.89383775,0.83823913,0.88526994,0
0.19518629,0.1210504,0.20742047,0.10172777,0.19590117,0.10021982,0.3725243,0.08447585,0.45786747,0.078117654,0.4816489,0.17003632,0.72329795,0.14489469,0.4495103,0.32632565,0.7426591,0.28711003,0.35824016,0.44336498,0.47912395,0.38708833,0.6133156,0.45866096,0.76328224,0.44767094,0.63832474,0.6795664,0.7358457,0.6723269,0.8018312,0.90182316,0.8456205,0.8980411,0
0.23358251,0.11967736,0.24148998,0.09923053,0.23044203,0.10234165,0.38480866,0.083740525,0.45401353,0.08863836,0.5080449,0.16423325,0.6582437,0.15821286,0.4739476,0.31234565,0.59716666,0.3107343,0.3613736,0.4441465,0.3440463,0.4364997,0.6309798,0.45818788,0.7270725,0.45131883,0.65581757,0.706963,0.75463057,0.68925744,0.8246219,0.92584693,0.8428335,0.9029136,0
0.24225256,0.120038696,0.23729762,0.10017791,0.2465747,0.10338726,0.3531324,0.08406859,0.4952441,0.08819995,0.4951046,0.1662169,0.71145135,0.15248299,0.48494583,0.32247168,0.6624069,0.29015312,0.3576289,0.4424044,0.3026416,0.37064427,0.6246074,0.4660012,0.76158607,0.4556708,0.6475038,0.7189277,0.75805336,0.69654715,0.8063379,0.9274981,0.82712674,0.901033,0
0.21110281,0.12116004,0.20485929,0.10057037,0.21843213,0.104073234,0.33586207,0.083785534,0.4752726,0.08635407,0.45351845,0.16854452,0.72523344,0.1506882,0.44281575,0.31789023,0.7981525,0.28660816,0.32041007,0.43867123,0.5617412,0.38934314,0.5818807,0.4576843,0.7423175,0.44625986,0.62494934,0.68503094,0.71477234,0.6736242,0.76069504,0.8974068,0.7852098,0.8818506,0
0.23849122,0.119497545,0.23434576,0.10003562,0.24613376,0.103729375,0.34778342,0.08663359,0.4818406,0.08950759,0.44179538,0.1723291,0.7237415,0.15685298,0.42578954,0.32940856,0.77221054,0.30628392,0.29982328,0.44933298,0.502267,0.41513422,0.5549535,0.45928943,0.72692984,0.4478396,0.5892401,0.6884506,0.6909915,0.6749475,0.73400986,0.89523244,0.7772934,0.8737976,0
0.16465715,0.11321041,0.17836039,0.09561124,0.1684852,0.0956615,0.30910966,0.087567896,0.42200205,0.083619975,0.38535646,0.17210509,0.7308074,0.15274039,0.35439637,0.32813856,0.8423393,0.29207316,0.2756056,0.45563352,0.62044436,0.38994247,0.5480002,0.45951682,0.75569093,0.4522905,0.5972343,0.6954075,0.755734,0.68672496,0.75712025,0.8960944,0.80168736,0.88781327,0
0.16123357,0.11578373,0.16851641,0.09825615,0.17025356,0.097930856,0.28993133,0.089029826,0.44045493,0.084375285,0.37290645,0.17417666,0.7376514,0.15355033,0.3492578,0.32968622,0.8596084,0.29229072,0.27349573,0.45855826,0.6640329,0.39300787,0.54183507,0.4612267,0.7621707,0.453361,0.60039175,0.69716984,0.7602563,0.68605185,0.7519207,0.89914554,0.802316,0.8866038,0
0.18305841,0.11303047,0.18534291,0.09367761,0.19592485,0.09473361,0.31008926,0.083871834,0.46353638,0.08125272,0.45335186,0.16842836,0.6981663,0.15009664,0.4422369,0.324604,0.74981415,0.30272081,0.2669971,0.44563758,0.43549716,0.42599884,0.5574671,0.4602659,0.70871973,0.44922417,0.6022982,0.68981767,0.7405958,0.67992586,0.72620887,0.90880185,0.7897741,0.8884857,0
0.25464484,0.10716147,0.2636965,0.08803076,0.2719753,0.08875427,0.38286468,0.084514424,0.5263192,0.08070879,0.46110052,0.17936003,0.77168036,0.16261946,0.39063984,0.33821917,0.8403031,0.32071456,0.28888014,0.4505676,0.6302349,0.44548008,0.5790107,0.4623521,0.76482964,0.4531878,0.60187584,0.6874714,0.7452593,0.6797599,0.7341796,0.90381116,0.778374,0.8895451,0
0.20530298,0.11187219,0.21159102,0.09432108,0.21187887,0.09618156,0.319938,0.087291576,0.43513563,0.086251445,0.46335703,0.17693672,0.6471218,0.16228212,0.43970105,0.32147735,0.6662366,0.30364597,0.239075,0.4379684,0.29309455,0.43185222,0.53664726,0.46205282,0.6521568,0.45252252,0.5814776,0.6785681,0.6619391,0.67618376,0.678435,0.8926324,0.7507123,0.88390005,0
0.121780045,0.104017586,0.13015123,0.08760285,0.14494638,0.08759875,0.26142257,0.08526968,0.43112123,0.079519935,0.30017263,0.1745745,0.7157838,0.15203938,0.29407576,0.31793183,0.8885494,0.27069712,0.17728904,0.43504676,0.6569471,0.35309726,0.45243523,0.44900548,0.7072036,0.43853426,0.50479084,0.6885714,0.7105144,0.67327803,0.6165052,0.90474284,0.6994706,0.879943,0
0.11634103,0.10293094,0.11472487,0.0856889,0.15008341,0.086967364,0.21629879,0.086403556,0.4416715,0.07963581,0.28769457,0.18289885,0.7407122,0.15560398,0.2306631,0.3232856,0.8994545,0.27370596,0.14818466,0.44504982,0.69941944,0.34653875,0.44555435,0.45642465,0.71759504,0.44293025,0.5036076,0.6648349,0.65886843,0.6605182,0.5756466,0.8895007,0.7066362,0.8751038,0
0.1164322,0.10339401,0.11442104,0.086041234,0.14884326,0.08746765,0.21752574,0.08677153,0.44588745,0.08028352,0.28933153,0.18425407,0.7551249,0.15770926,0.22759965,0.32532004,0.90404695,0.2795501,0.15869248,0.44254822,0.70725083,0.35949707,0.46404055,0.45789704,0.7453118,0.44444245,0.50950843,0.66595745,0.67226386,0.6615732,0.57609093,0.888554,0.707313,0.8742278,0
0.13441965,0.1092021,0.13523528,0.09146986,0.16732076,0.09057994,0.23071946,0.08612285,0.45272267,0.07848787,0.28345203,0.17565192,0.72964966,0.15549436,0.2235255,0.3163806,0.91091037,0.28041673,0.15694948,0.441052,0.64794457,0.36161533,0.4281516,0.44443598,0.6940808,0.43489257,0.4329827,0.667747,0.6025643,0.6600101,0.5534929,0.89644074,0.64828396,0.87714946,0
0.12146366,0.107078075,0.11820813,0.08901301,0.16544244,0.088447295,0.21712117,0.08714247,0.49265873,0.080065444,0.27253166,0.18186255,0.7589363,0.16738187,0.19052741,0.32674593,0.8424305,0.3131909,0.14616403,0.433694,0.5657979,0.38678584,0.42381892,0.45047134,0.72712207,0.44250116,0.4261257,0.6687854,0.63160324,0.6638448,0.53797996,0.8984587,0.66951346,0.8812899,0
0.13013014,0.10923641,0.13122,0.090651326,0.17588244,0.09113408,0.23867188,0.089747764,0.47752598,0.082540944,0.24518342,0.18788897,0.73258793,0.16889149,0.15937126,0.32692763,0.86205155,0.29623383,0.16805269,0.43628,0.6385742,0.37148815,0.41317657,0.4521046,0.71934974,0.44276592,0.43163925,0.6504872,0.6406807,0.6502199,0.4960245,0.8914967,0.6518629,0.8760743,0
0.14254986,0.10446799,0.14182626,0.08412104,0.18049866,0.08557306,0.24877916,0.08006716,0.47616047,0.075378135,0.26077172,0.18077636,0.74430984,0.1660666,0.17205784,0.32485163,0.8690748,0.30704537,0.18904333,0.42353135,0.64155185,0.3790448,0.42185313,0.45699424,0.7286293,0.44779673,0.4187252,0.65975976,0.65174997,0.65580225,0.49441263,0.8943984,0.65090674,0.8719257,0
0.13140793,0.107462816,0.1417507,0.08750739,0.16113484,0.08853741,0.2770385,0.08298917,0.43137738,0.07772594,0.27115253,0.17705743,0.7142923,0.15940192,0.1748304,0.3144019,0.89695907,0.28567368,0.18960737,0.41782883,0.6940268,0.35649392,0.42612973,0.45056444,0.6966719,0.44189426,0.4068161,0.66033965,0.6303121,0.65847117,0.47200608,0.89229316,0.6362154,0.8797017,0
0.13301323,0.10643466,0.14473644,0.08635235,0.15999977,0.0876115,0.2825829,0.081236415,0.42313063,0.07676883,0.27707335,0.17498142,0.7087068,0.15866517,0.18313485,0.31279618,0.89263445,0.28662115,0.16942699,0.41831848,0.69504434,0.35807255,0.42981157,0.44798645,0.6929825,0.4395983,0.4068873,0.65850633,0.6296846,0.65573233,0.4738656,0.89114326,0.6351578,0.87813514,0
0.12254647,0.092338756,0.13441224,0.07154875,0.1593384,0.07338567,0.28235608,0.07292481,0.46487007,0.06827288,0.2854177,0.17956933,0.7637515,0.16483195,0.16531438,0.32349238,0.9120611,0.30585453,0.15456581,0.41784093,0.7092517,0.37951273,0.43408823,0.4609876,0.731678,0.4527254,0.41030437,0.66222054,0.64906865,0.6625988,0.45849994,0.88470834,0.64507014,0.87672466,0
0.16785064,0.082349606,0.17751527,0.06548712,0.2097673,0.0650321,0.26625928,0.07082286,0.46937048,0.06024098,0.24177335,0.17584676,0.709815,0.14962797,0.14374685,0.32348767,0.8957248,0.27534246,0.18705292,0.42340487,0.71700203,0.35386845,0.4016084,0.44134608,0.6948418,0.43130472,0.39890617,0.6370503,0.6181504,0.6426049,0.39268807,0.8709358,0.6449976,0.86323625,0
0.21900308,0.08252935,0.22180459,0.065311715,0.26387244,0.06562552,0.29185688,0.07122206,0.5253986,0.0633079,0.25785762,0.17693865,0.7387964,0.15907711,0.16318107,0.32033283,0.9005359,0.29104182,0.19214584,0.42020598,0.7347078,0.35595766,0.40261355,0.44691148,0.71070546,0.43898073,0.39353746,0.6498051,0.63702285,0.652733,0.40550414,0.8673566,0.6363203,0.8628271,0
0.29590282,0.07879195,0.28865206,0.06303034,0.33347565,0.062779,0.27637184,0.071828276,0.52676773,0.06357489,0.22310422,0.18245012,0.7163541,0.16386881,0.13965218,0.32713747,0.89220864,0.29219675,0.16483521,0.4267034,0.7254915,0.36096352,0.38033888,0.44969913,0.7006839,0.44238755,0.3746766,0.65556043,0.6251615,0.6611346,0.3769128,0.88483036,0.62928617,0.8789435,0
0.3149965,0.07800131,0.30967182,0.06288213,0.34857816,0.06334648,0.2980048,0.074445866,0.5259228,0.06793785,0.24302383,0.18288222,0.71345335,0.16685395,0.15276235,0.3274003,0.8857965,0.29493546,0.17095254,0.43632331,0.7426237,0.36507183,0.3868983,0.45233703,0.6922168,0.44575748,0.38473755,0.65794,0.6297343,0.6626273,0.3894484,0.89234704,0.6227833,0.8845906,0
0.26919368,0.078279495,0.26591432,0.062758155,0.31017488,0.062855154,0.27757284,0.07414598,0.5203877,0.06576938,0.23498788,0.18581533,0.71364385,0.16680798,0.1438456,0.3361884,0.8899718,0.2997192,0.17325327,0.4350561,0.7337411,0.365469,0.38233885,0.45571816,0.69070935,0.44770145,0.3711028,0.6591916,0.62465966,0.66403,0.3774826,0.89070475,0.61987334,0.88308805,0
0.32816932,0.080114126,0.31971532,0.06458726,0.3640392,0.06522107,0.3008368,0.075715974,0.54917586,0.06988888,0.24112336,0.1864264,0.7374069,0.17195514,0.14549124,0.33819723,0.9004436,0.30990082,0.17671473,0.4454658,0.74198085,0.38189268,0.3798021,0.4619006,0.70450443,0.4559332,0.3775013,0.6694491,0.63532984,0.67628735,0.3712318,0.8986397,0.6310931,0.89224815,0
0.3606207,0.08603757,0.34888825,0.07007651,0.3822539,0.07061622,0.30066702,0.07831436,0.5188821,0.073478974,0.23458588,0.18846716,0.7013023,0.17424445,0.13524087,0.33598307,0.89059335,0.31025323,0.15964618,0.43984082,0.7156975,0.38736007,0.37710497,0.46109533,0.67603755,0.45555696,0.3887349,0.6675925,0.609973,0.6750596,0.38272908,0.903687,0.62496096,0.89740145,0
0.284655,0.086556435,0.27974698,0.07141452,0.31539586,0.07335988,0.301669,0.07747403,0.5228238,0.07483726,0.23660572,0.19082318,0.73942775,0.18029982,0.1298592,0.3440804,0.8968612,0.32114062,0.16069221,0.43947658,0.75660473,0.39176437,0.36320612,0.47146162,0.6902059,0.4634581,0.36149004,0.6894396,0.63228613,0.6780267,0.40666613,0.92178404,0.6169155,0.899518,0
0.30223358,0.08718119,0.29844052,0.072725825,0.33322638,0.0739543,0.3196392,0.07982121,0.535438,0.075598486,0.2502821,0.1911985,0.74870884,0.17871661,0.13636135,0.33803886,0.93942666,0.3129171,0.19330952,0.43306983,0.7867289,0.38853586,0.37907106,0.4683519,0.692427,0.46092233,0.4003059,0.6906418,0.62635547,0.68337756,0.4372342,0.91891694,0.60543716,0.9060053,0
0.3080453,0.081516266,0.30091593,0.067837715,0.33472255,0.06911312,0.30913198,0.073607735,0.5233779,0.06967802,0.25955367,0.18080284,0.7254351,0.16781455,0.15934947,0.33181486,0.92221177,0.30573788,0.18704696,0.42870775,0.76290613,0.38430485,0.39009735,0.45712334,0.6774274,0.44932565,0.423518,0.669919,0.60354996,0.6616917,0.45199782,0.9015691,0.5714338,0.88807034,0
0.34251836,0.08139821,0.3393366,0.06547208,0.379012,0.06616717,0.34348103,0.07240606,0.55658954,0.06881876,0.27012566,0.17921156,0.7248277,0.16975175,0.15655221,0.32203832,0.9202337,0.3000107,0.20392014,0.43384466,0.72650874,0.38656583,0.37487733,0.44963688,0.6561797,0.4464506,0.42506245,0.65561986,0.59691566,0.66108364,0.43028554,0.8993967,0.6144385,0.89320284,0
0.32965097,0.08930305,0.32663876,0.07406192,0.36432928,0.07550364,0.34833118,0.077700116,0.5488569,0.07304528,0.28503862,0.17917606,0.7283558,0.16205533,0.14859965,0.31600615,0.9057336,0.2848502,0.17888421,0.4262818,0.7510676,0.37780675,0.40831974,0.44626278,0.67711914,0.43797958,0.45668927,0.65152556,0.60473263,0.65556914,0.43940333,0.88710314,0.6009286,0.87637705,0
0.338124,0.08489695,0.33813277,0.06950999,0.3748643,0.069628246,0.34989297,0.078123674,0.5562906,0.07341386,0.27114245,0.18283115,0.72647965,0.17308217,0.13733976,0.32074654,0.9127829,0.30113572,0.1657867,0.43429714,0.7471786,0.39013967,0.38542435,0.45563975,0.6608278,0.45201665,0.44114742,0.6626346,0.59386057,0.6652309,0.47538078,0.8893356,0.5979224,0.8796525,0
0.3459531,0.07924447,0.3452208,0.06374584,0.380513,0.0636725,0.35621217,0.07133784,0.55312425,0.06644578,0.2904983,0.17686121,0.71926993,0.16636878,0.1615861,0.31314456,0.9193229,0.29243717,0.17885877,0.42072096,0.7814938,0.38146937,0.40589812,0.4415994,0.6549348,0.43777937,0.47263515,0.6487854,0.57196784,0.6509292,0.52793956,0.8888572,0.5791211,0.8804857,0
0.3370844,0.088337526,0.34001598,0.071889594,0.37222892,0.07218171,0.36396176,0.07522159,0.542426,0.07163959,0.28267613,0.17527618,0.70837396,0.1666622,0.15030268,0.31123617,0.8844867,0.29009295,0.17249286,0.42575482,0.76903147,0.381053,0.3925488,0.4436507,0.6439808,0.44042554,0.46659112,0.65234244,0.58783615,0.6525136,0.5389512,0.8905856,0.5856116,0.87587297,0
0.3260387,0.09161059,0.33701932,0.074009374,0.35361558,0.0752492,0.39457107,0.075621374,0.5302513,0.07291032,0.30254608,0.17476244,0.7287828,0.16582051,0.15045427,0.30319107,0.8900768,0.28818268,0.15769988,0.4158882,0.78832865,0.38072336,0.4027174,0.43593624,0.6580191,0.43114075,0.45293623,0.64655674,0.59893906,0.6435985,0.5307429,0.88960296,0.58445543,0.8828326,0
0.35291675,0.08811188,0.3527236,0.07204629,0.3866902,0.072338395,0.36457294,0.0761045,0.551491,0.072532564,0.2860566,0.17502622,0.71492755,0.16686295,0.15106845,0.3069537,0.88748866,0.2878381,0.17628494,0.4149879,0.77087325,0.37286687,0.39850396,0.43552795,0.65434086,0.43277824,0.460952,0.6399225,0.5878472,0.6422311,0.53360283,0.888609,0.5805231,0.878275,0
0.36807793,0.086028725,0.36697727,0.07029505,0.3993932,0.070580915,0.3664455,0.07558575,0.5520021,0.07217579,0.28840107,0.17659877,0.7167917,0.1693317,0.14935336,0.30931243,0.9015142,0.2908593,0.16907656,0.4191407,0.7943948,0.38120276,0.40557504,0.44089517,0.65843767,0.4386656,0.47392654,0.65208524,0.5875039,0.6555674,0.54570633,0.89382905,0.5802745,0.8820051,0
0.34651795,0.08520437,0.34716144,0.06942554,0.37801844,0.069822796,0.35912898,0.07470112,0.5412737,0.07117525,0.28652617,0.17451659,0.71109915,0.16675419,0.14172335,0.30557373,0.8849401,0.28856516,0.15950859,0.42022702,0.7987752,0.38548857,0.40480584,0.4403669,0.6558622,0.4369032,0.46808818,0.65097225,0.590585,0.6500355,0.5436045,0.88991183,0.58278614,0.8713059,0
0.4000936,0.078868724,0.39560118,0.064716294,0.42485762,0.064390086,0.36463737,0.074846365,0.5476033,0.070799544,0.27927354,0.17914978,0.7107981,0.17086293,0.14513488,0.3107635,0.91452366,0.2946546,0.16700126,0.40734854,0.8096641,0.38756418,0.3975173,0.44220132,0.65358543,0.43914458,0.46991643,0.6484395,0.591198,0.6483817,0.5525572,0.8917351,0.5968678,0.8756268,0
0.40265563,0.08024011,0.40572128,0.06555553,0.4228225,0.06481185,0.3908986,0.073016785,0.534279,0.06868529,0.29005593,0.17676815,0.7012907,0.16834031,0.14722382,0.30644664,0.91516596,0.28569338,0.17175849,0.4082206,0.84005153,0.37903038,0.40614745,0.44137353,0.64907354,0.4392438,0.4795231,0.649415,0.6076709,0.6504464,0.56294364,0.88874847,0.6148802,0.87532336,0
0.4109691,0.07746419,0.41645482,0.06309142,0.4275055,0.062121056,0.41252476,0.071089886,0.5420658,0.06624612,0.3187365,0.17529811,0.7043153,0.16491868,0.15153825,0.31006292,0.9178877,0.28459007,0.22753261,0.4167226,0.87300307,0.38059077,0.44376966,0.44380918,0.666429,0.44074064,0.4938869,0.65936244,0.62074006,0.6568219,0.5740678,0.89358556,0.65065706,0.8742945,0
0.3795779,0.071205474,0.3772756,0.057077408,0.41099268,0.0565382,0.36182657,0.06656327,0.5576457,0.061557624,0.28535402,0.17219579,0.7047269,0.161487,0.14151776,0.30722246,0.8890159,0.27991164,0.21616586,0.41435105,0.8530367,0.3759613,0.41643783,0.44380176,0.6657461,0.43992946,0.48583257,0.66151863,0.61236304,0.657861,0.5676202,0.89803964,0.63034606,0.87479216,0
0.43298903,0.08312818,0.46316147,0.06609841,0.40182686,0.0683848,0.5001759,0.06799121,0.37225112,0.07459012,0.6126381,0.16154344,0.3329536,0.18016505,0.86884344,0.2534014,0.13402048,0.30067506,0.9115334,0.34609577,0.16094008,0.41059348,0.6033102,0.43787593,0.47162485,0.44372028,0.57744545,0.66561794,0.5740051,0.66649294,0.5706177,0.90420794,0.6041205,0.8806628,0
0.35131177,0.08238978,0.3549801,0.06675549,0.38829857,0.06645794,0.37994862,0.07070045,0.5648827,0.066096686,0.30464992,0.16837473,0.7221178,0.16143179,0.16655102,0.29523677,0.9123805,0.27756527,0.18493262,0.41736114,0.8769024,0.37887526,0.42110708,0.44446,0.68038905,0.44185203,0.4746252,0.66047704,0.6835785,0.6575817,0.5381664,0.8962663,0.6766923,0.8727236,0
0.41826576,0.084411144,0.4514816,0.069203466,0.38378045,0.07142858,0.5168048,0.07202611,0.3642968,0.07687225,0.64409465,0.17385149,0.33841655,0.18369246,0.8032227,0.29294932,0.14359693,0.31801808,0.81191623,0.36744428,0.14918669,0.41855717,0.64160603,0.4530626,0.48956335,0.4553477,0.63051605,0.6744812,0.5838301,0.6756344,0.61743593,0.9080174,0.6335617,0.89907247,0
0.40776956,0.0917467,0.40339556,0.07830552,0.42856535,0.07794704,0.3815063,0.08427653,0.57176775,0.079433866,0.28847948,0.19369991,0.74422055,0.18596777,0.14323288,0.3411119,0.90723616,0.32499248,0.20506689,0.43218747,0.8736043,0.41370162,0.43568105,0.47000188,0.724443,0.46670812,0.49105552,0.6863501,0.70881784,0.6843669,0.54358184,0.90418327,0.686075,0.89502007,0
0.37504336,0.07783308,0.37024593,0.06536914,0.40452668,0.065507226,0.3554469,0.07291246,0.570287,0.068104036,0.27900818,0.18139587,0.74892807,0.17594682,0.1520508,0.33395278,0.86818385,0.3210476,0.1919124,0.432245,0.88496333,0.40913817,0.42259946,0.46836293,0.7313338,0.46258447,0.4640495,0.68801475,0.7356404,0.67501545,0.53068656,0.91762275,0.69569445,0.8752347,0
0.37402385,0.08462525,0.3691866,0.07191773,0.40281874,0.07191754,0.3598866,0.077032946,0.5706641,0.072195776,0.28590733,0.1812079,0.74283856,0.17506833,0.15599422,0.33063278,0.86588216,0.3181557,0.1844444,0.43255913,0.88413864,0.41078743,0.43163913,0.46537554,0.729561,0.46043497,0.47023657,0.6851388,0.71985334,0.67649174,0.52682,0.91382635,0.69254446,0.8843524,0
0.37586978,0.07395735,0.36978713,0.061341193,0.40916777,0.061283495,0.34747824,0.0669128,0.57570463,0.06182819,0.28165126,0.17480332,0.7481184,0.16881576,0.17331772,0.33116898,0.8594234,0.31979263,0.16469772,0.4286701,0.89783216,0.4192282,0.41740707,0.46935093,0.73151684,0.46355507,0.4573325,0.69081455,0.75431615,0.6793008,0.51052177,0.91951126,0.71011305,0.88613254,0
0.25156352,0.08430805,0.25843588,0.06896243,0.2879629,0.069419764,0.32948238,0.07478895,0.5218736,0.06809435,0.28342158,0.18592893,0.7404239,0.1756341,0.16108704,0.33697554,0.85090363,0.33026367,0.14443703,0.43507642,0.8773721,0.42875215,0.41838923,0.4748496,0.7321163,0.46716815,0.42527157,0.6976006,0.7616286,0.68705773,0.48839036,0.9251111,0.75987726,0.90248394,0
0.3063907,0.076751806,0.30103996,0.06314363,0.34385255,0.0647729,0.30816773,0.071818404,0.54769146,0.06893159,0.25248373,0.18467814,0.73756695,0.18176089,0.13205315,0.3331639,0.8591401,0.3403814,0.14068493,0.41701528,0.87219673,0.4345075,0.39069402,0.47168687,0.7254628,0.4674758,0.38967082,0.68473333,0.74644756,0.6809638,0.42438924,0.909937,0.75306636,0.90120167,0
0.29695842,0.07475052,0.29076022,0.060258728,0.33986562,0.061210588,0.28265557,0.07324495,0.5369772,0.07064686,0.20252922,0.18654294,0.6987683,0.18342319,0.074289836,0.33621824,0.79580593,0.34224772,0.08210932,0.42305055,0.83275646,0.4470939,0.32339346,0.47268146,0.6747104,0.46998763,0.3450959,0.6904236,0.72039235,0.68741566,0.37627035,0.9113877,0.7945018,0.89569706,0
0.33784288,0.074755244,0.33273306,0.06302085,0.3587933,0.062438488,0.2855406,0.070003465,0.48260155,0.06629958,0.1877764,0.17766048,0.6047518,0.17697392,0.06105221,0.3300484,0.68751556,0.34538117,0.06943666,0.42415893,0.7064964,0.4659699,0.29406682,0.4771989,0.59996474,0.47478086,0.29487002,0.6963774,0.67522013,0.69081897,0.3137136,0.9086238,0.76656175,0.88913673,0
0.33751678,0.073306225,0.33038756,0.061452866,0.36009538,0.061123755,0.27934945,0.06910067,0.48937362,0.065783985,0.18105668,0.17943779,0.6169854,0.17865898,0.053254884,0.3319943,0.69734013,0.3501415,0.058892477,0.42152902,0.6851681,0.4795899,0.28425,0.48089874,0.6041478,0.47776884,0.28830352,0.70043164,0.68257403,0.69325393,0.32061788,0.9104531,0.7759892,0.8893856,0
