nose_x,nose_y,left_eye_x,left_eye_y,right_eye_x,right_eye_y,left_ear_x,left_ear_y,right_ear_x,right_ear_y,left_shoulder_x,left_shoulder_y,right_shoulder_x,right_shoulder_y,left_elbow_x,left_elbow_y,right_elbow_x,right_elbow_y,left_wrist_x,left_wrist_y,right_wrist_x,right_wrist_y,left_hip_x,left_hip_y,right_hip_x,right_hip_y,left_knee_x,left_knee_y,right_knee_x,right_knee_y,left_ankle_x,left_ankle_y,right_ankle_x,right_ankle_y,label
0.9173389,0.13313377,0.9087245,0.114620484,0.90691465,0.1163109,0.74460495,0.10023279,0.7856573,0.106694594,0.60095286,0.16233826,0.6139023,0.18185157,0.7051088,0.15106885,0.5783418,0.20098299,0.81935436,0.09448347,0.8054626,0.17093052,0.50688404,0.45143297,0.49185884,0.46312416,0.4915164,0.6595667,0.4075067,0.6815822,0.35339183,0.85774976,0.17261559,0.8978435,1
0.91269296,0.13430175,0.9007308,0.11541238,0.9049714,0.117424175,0.7283514,0.0997715,0.7884908,0.10774011,0.59449875,0.16023299,0.61581624,0.18685696,0.707687,0.14606202,0.5799998,0.22753325,0.8288463,0.08693023,0.78577745,0.22769728,0.50037706,0.45167348,0.49398828,0.46470612,0.48124158,0.66173893,0.4089907,0.68193346,0.34304893,0.8591418,0.17638703,0.8980461,1
0.9102914,0.121987395,0.91259784,0.10631495,0.9081326,0.10517401,0.73238486,0.09762182,0.8012076,0.097691916,0.5988731,0.17533144,0.62572795,0.18113028,0.5947175,0.33900347,0.56595093,0.34137902,0.7335327,0.46056125,0.7381136,0.46906337,0.47385263,0.4538969,0.48343587,0.45927268,0.45849362,0.6466311,0.43138286,0.66470003,0.31537074,0.86309034,0.1905243,0.8890978,1
0.9383501,0.115975305,0.9201548,0.10109231,0.9195641,0.10289369,0.73998755,0.100328125,0.8041615,0.10878062,0.6245393,0.1533105,0.65617216,0.19483566,0.72160167,0.09530277,0.6393421,0.27574405,0.7525105,0.067511365,0.75977314,0.40841293,0.5366521,0.44075346,0.5449085,0.45123237,0.5002086,0.65604,0.47890335,0.65704685,0.35109836,0.895506,0.2188161,0.90350914,1
0.92794883,0.12774782,0.92254514,0.11359152,0.91501474,0.112990804,0.72901464,0.111945815,0.7730005,0.114029646,0.6169385,0.19197601,0.6175002,0.20054807,0.6514188,0.3355865,0.6114068,0.34758842,0.79911745,0.44329497,0.78669655,0.45807132,0.5324136,0.4398288,0.5133783,0.44516695,0.5702399,0.624149,0.46589166,0.63464344,0.48190525,0.856113,0.22720474,0.8900793,1
0.9574257,0.10456177,0.933653,0.08996134,0.9507923,0.08991289,0.6955494,0.08552694,0.8557856,0.090955205,0.5892653,0.15568542,0.6021032,0.17109397,0.6699397,0.3108331,0.5669253,0.3316063,0.8150919,0.42324314,0.7783581,0.4446661,0.50437015,0.4414084,0.5046972,0.4508142,0.47775617,0.65666556,0.48251,0.66535383,0.3401802,0.80440956,0.3198305,0.80749226,1
0.9880033,0.14299802,0.96424496,0.12725182,0.9909476,0.12543789,0.7121475,0.12793612,0.8664497,0.13047901,0.5500693,0.23255229,0.6226881,0.2488215,0.5957762,0.43020958,0.56178546,0.4560246,0.7770882,0.5963457,0.7674826,0.60507035,0.39006016,0.60279423,0.42686212,0.61245185,0.40508512,0.8752993,0.36899737,0.88793904,0.31146896,0.9982622,0.20811246,1.0,1
0.9222024,0.14216284,0.9020982,0.12532644,0.9253627,0.12481165,0.61796623,0.12410865,0.8123397,0.12846433,0.44205102,0.22758453,0.6122106,0.24739906,0.520936,0.42526466,0.5781932,0.4545867,0.8156511,0.5967619,0.8151332,0.6054116,0.31489855,0.60401744,0.43916315,0.6166043,0.274556,0.8752532,0.42013842,0.89078546,0.14363918,1.0,0.2740408,1.0,1
0.93123174,0.14235815,0.91316205,0.1254671,0.9319753,0.12431884,0.6358114,0.12502165,0.81230134,0.12792544,0.459429,0.23000385,0.60194373,0.24805537,0.5485657,0.43027812,0.5783156,0.45732737,0.81934655,0.5988962,0.81702465,0.6077533,0.3244836,0.60899657,0.4318683,0.62111384,0.27811542,0.88012516,0.42018306,0.89559376,0.14265998,1.0,0.27819285,1.0,1
0.8708898,0.14627467,0.8481986,0.13015266,0.8594607,0.12728763,0.57452726,0.12767716,0.74510133,0.12929435,0.40945563,0.22894987,0.6021436,0.2461291,0.4739089,0.4308713,0.623976,0.45957115,0.72107476,0.5920921,0.7749514,0.6006309,0.32764018,0.60251683,0.48553312,0.61352473,0.2482621,0.8715153,0.5005963,0.8889317,0.14989388,1.0,0.39099404,1.0,1
0.89625406,0.134903,0.87928426,0.11818305,0.8993002,0.11643262,0.62459075,0.118297055,0.7913835,0.119043835,0.4741834,0.22747903,0.60259384,0.24470395,0.6155767,0.42242587,0.5986653,0.44775447,0.8395193,0.5782993,0.8451691,0.5868189,0.38334137,0.61427367,0.5046285,0.6262282,0.2652046,0.8817892,0.48957446,0.8938346,0.1309934,1.0,0.36771765,1.0,1
0.8681148,0.1272242,0.8503346,0.11113963,0.8759917,0.10921436,0.59476113,0.11018071,0.78660935,0.11090746,0.4264318,0.22267869,0.63332635,0.23860589,0.54022896,0.424984,0.6461779,0.44670504,0.8282653,0.5681903,0.8434586,0.5845677,0.36716983,0.6123789,0.533953,0.62386227,0.28789586,0.8817421,0.50179,0.8935062,0.17682804,0.99587363,0.3895135,1.0,1
0.8788102,0.13362852,0.8494793,0.11402349,0.88861775,0.116747476,0.55635613,0.10606566,0.8197999,0.11914425,0.34858987,0.21343274,0.7459494,0.24581791,0.31225616,0.41127276,0.76196176,0.44854528,0.6845424,0.58098567,0.8863594,0.5899553,0.34093595,0.59718114,0.6300863,0.61429864,0.26317632,0.86245006,0.60370994,0.87788445,0.14082088,0.9930434,0.4672156,1.0,1
0.87921834,0.1337464,0.84988225,0.114103176,0.88901764,0.116807364,0.5559692,0.106152445,0.81991506,0.1192194,0.34663126,0.21365324,0.74705124,0.24611178,0.30660188,0.41169587,0.7633408,0.44901136,0.67131406,0.58220035,0.88611245,0.59007156,0.3391205,0.59859353,0.6300291,0.61570626,0.2617651,0.8629134,0.6036495,0.8783894,0.14000256,0.9930655,0.46717408,1.0,1
0.931061,0.07340207,0.9163343,0.05846419,0.93364155,0.057706546,0.6637515,0.06645198,0.84552795,0.070493214,0.47180265,0.19975238,0.6964563,0.22029479,0.50475353,0.426456,0.727076,0.45421258,0.8211279,0.584438,0.84972864,0.60342157,0.40579095,0.60251176,0.5612882,0.61428106,0.38049668,0.8723267,0.49373907,0.8849343,0.29777342,0.9853208,0.3670023,1.0,1
0.8236972,0.10720658,0.8156775,0.09187908,0.83462834,0.09187536,0.6074477,0.09638748,0.81909406,0.104462765,0.397449,0.20560455,0.797423,0.23508264,0.2696655,0.378466,0.82710403,0.42480287,0.40007463,0.55049276,0.8008797,0.58871174,0.32570013,0.59882843,0.6193329,0.60902613,0.23171595,0.8512224,0.63584584,0.86249024,0.16456008,0.9952914,0.54337597,1.0,1
0.6447633,0.07206039,0.6591998,0.058366727,0.6482906,0.057366896,0.589813,0.07594165,0.6728372,0.07593965,0.45543662,0.20912589,0.7306866,0.22440055,0.35512245,0.39468342,0.7980202,0.4286176,0.6026502,0.5467279,0.81542194,0.59610295,0.4196727,0.58448267,0.6141696,0.5868779,0.34005877,0.8328735,0.57047576,0.8430141,0.2927403,0.98288876,0.4948981,0.9979202,1
0.7858988,0.11758242,0.8053526,0.1025319,0.76566964,0.10033406,0.7126156,0.111669384,0.70972776,0.11170882,0.5095846,0.22608908,0.6809844,0.24085373,0.45459768,0.372069,0.6574237,0.42062756,0.7101612,0.45052308,0.7865422,0.6030956,0.41661268,0.5799698,0.5862311,0.5888818,0.24927478,0.8298939,0.6492457,0.8406376,0.11240263,0.98308253,0.599445,0.99999994,1
0.62174904,0.03298216,0.66502887,0.017907763,0.6194021,0.016400147,0.6812018,0.042201377,0.66192114,0.038637828,0.48276743,0.19439931,0.7191172,0.21280171,0.33966917,0.36457512,0.70513576,0.43884537,0.5702806,0.4311037,0.83433074,0.62751156,0.4213516,0.58764786,0.6320106,0.5951593,0.23586045,0.83502,0.6513283,0.84620005,0.10461229,0.98650426,0.61716235,1.0,1
0.6208933,0.03267598,0.664602,0.017641783,0.6183755,0.016212035,0.68178844,0.042076062,0.6608527,0.038665343,0.48356873,0.19401394,0.7187885,0.2129653,0.33932197,0.36403316,0.70353353,0.43957922,0.5666131,0.43113205,0.8344058,0.6282389,0.42133647,0.5880341,0.6314064,0.59568226,0.23559117,0.8354029,0.6509159,0.84670675,0.10484348,0.98655766,0.61708736,1.0,1
0.52252567,0.07077913,0.564867,0.05324969,0.54124635,0.053880926,0.6523177,0.07394605,0.674701,0.070045665,0.5260877,0.22036642,0.8015175,0.22973204,0.37660843,0.3714294,0.82468325,0.43727434,0.53425974,0.4148035,0.77876174,0.61221546,0.44289288,0.5853183,0.6661844,0.58218396,0.22296694,0.844493,0.63834125,0.8481186,0.12049948,0.9942961,0.6106162,1.0,1
0.5126917,0.059919883,0.5337147,0.043275688,0.55732816,0.04516439,0.60947776,0.068038605,0.7669387,0.06721272,0.47387752,0.22156851,0.85069954,0.24110393,0.34240448,0.37549996,0.8540236,0.45731315,0.53626204,0.43784752,0.8048732,0.62797076,0.41426843,0.6003144,0.7006929,0.6048281,0.21276973,0.8523942,0.6280677,0.8619417,0.08232394,0.98482674,0.58883184,1.0,1
0.56305015,0.08787604,0.5839473,0.0709435,0.578151,0.07438951,0.5946672,0.09091072,0.662099,0.099066496,0.4597275,0.2285904,0.7569612,0.2607819,0.37649035,0.38320917,0.81048596,0.44427547,0.58325326,0.4803578,0.85365665,0.55818194,0.448503,0.57546717,0.67975765,0.58867425,0.23225969,0.8289434,0.62422466,0.84543604,0.09428239,0.9926852,0.5750724,1.0,1
0.5826084,0.12924013,0.62161475,0.1133911,0.58440536,0.11397443,0.75498945,0.094947904,0.6904681,0.09693965,0.7142553,0.13409095,0.7045141,0.13737516,0.6195816,0.15491346,0.6323626,0.15587272,0.6664841,0.15263157,0.62058824,0.12685822,0.6115462,0.51952904,0.57649064,0.5100886,0.5188135,0.81876475,0.35558316,0.8155178,0.46794727,0.991613,0.2035649,0.9970655,1
0.5355513,0.022997523,0.56091416,0.012114143,0.5253104,0.016837263,0.5948546,0.03761549,0.58411384,0.049611665,0.50283796,0.14801231,0.75486207,0.20020963,0.55267674,0.19074336,0.8643839,0.335775,0.69623065,0.10189467,0.85416967,0.31639454,0.4792357,0.53093535,0.6812234,0.54457206,0.3069614,0.79016674,0.62020755,0.8094923,0.1461429,0.9697757,0.5733686,0.9817994,1
0.454489,0.025977088,0.496018,0.014780426,0.45926085,0.017818071,0.6017808,0.018972397,0.58041555,0.023837615,0.53798336,0.09253626,0.7529412,0.12731643,0.5710772,0.11200558,0.84448296,0.20663024,0.6852454,0.06126499,0.8189623,0.17987023,0.5022311,0.513768,0.6783176,0.5192488,0.32421267,0.7881258,0.61135936,0.80241853,0.16757002,0.9724379,0.5639984,0.98241174,1
0.3839531,0.05207572,0.44303757,0.034855653,0.3971943,0.037377596,0.6188109,0.0512393,0.56533146,0.04781623,0.53351283,0.16762099,0.7756293,0.16270003,0.4627717,0.2725338,0.80572665,0.2180298,0.6044202,0.28888378,0.784715,0.16229153,0.50597656,0.53959244,0.70117164,0.5359383,0.29496545,0.80448264,0.64805734,0.8168144,0.14516161,0.97986543,0.57130957,0.99566966,1
0.14102256,0.1402128,0.12630022,0.122453496,0.16271867,0.12051439,0.19045739,0.10450265,0.43922943,0.094263405,0.32934952,0.18865961,0.65102524,0.16321363,0.3477533,0.3420407,0.6518744,0.31193563,0.20232907,0.4389788,0.28473347,0.4258824,0.56814945,0.48942128,0.78714794,0.47657204,0.61909115,0.7054187,0.7947657,0.6949305,0.7577481,0.9208212,0.8412963,0.89178526,1
0.119811565,0.141363,0.10409827,0.12316,0.14750366,0.12239747,0.17857479,0.106084816,0.4328263,0.0983098,0.31247228,0.190492,0.6521416,0.17014436,0.3183476,0.35351014,0.81495875,0.33840206,0.16194437,0.4513806,0.83833104,0.48356083,0.5615073,0.49199075,0.77731574,0.48201725,0.625047,0.70636195,0.7848451,0.6995087,0.7560792,0.92397535,0.83410335,0.8905143,1
0.12141845,0.13580845,0.10594873,0.117716834,0.1402794,0.11678529,0.16966279,0.099406384,0.4098441,0.091235735,0.3104705,0.18302847,0.6263028,0.15925826,0.348688,0.33801615,0.72796863,0.31436664,0.21875058,0.44056618,0.6331111,0.45487118,0.56576675,0.48517072,0.7749086,0.47430614,0.6245668,0.70239764,0.7912649,0.69541585,0.7496583,0.9210051,0.8438931,0.89228994,1
0.120682806,0.12973821,0.10651836,0.111542866,0.14053908,0.11175482,0.17771316,0.09509211,0.40988287,0.089367,0.31221685,0.17927927,0.63560295,0.15896446,0.33402184,0.3396295,0.79021424,0.3207674,0.21031488,0.45233274,0.8209558,0.4755778,0.5620402,0.48392674,0.772077,0.4742337,0.6184513,0.6983649,0.7995068,0.6922299,0.74446285,0.91920453,0.85149425,0.89038426,1
0.10942613,0.11886792,0.10465035,0.101277925,0.122383066,0.100968935,0.20963512,0.088697,0.39803454,0.08169065,0.30445653,0.17888416,0.6473571,0.15551157,0.29023826,0.35698104,0.7905331,0.33518246,0.20525667,0.4795908,0.74541503,0.47556716,0.5656271,0.49418852,0.78906995,0.4837441,0.6163521,0.7224821,0.8102083,0.7000422,0.7299393,0.92809814,0.8532867,0.90125054,1
0.12975089,0.12703384,0.12567437,0.10973394,0.14689909,0.10615094,0.21401544,0.09625759,0.42610595,0.08333769,0.32125366,0.18161277,0.62477773,0.15533817,0.3224812,0.3480859,0.75377643,0.32697716,0.22064954,0.47646332,0.7605953,0.47909904,0.58135533,0.49017063,0.7746941,0.48030347,0.64771086,0.7176198,0.7923658,0.7008466,0.7724575,0.91997194,0.8414166,0.89975196,1
0.12332507,0.12266545,0.1190791,0.104984954,0.13809681,0.10442466,0.22667676,0.09027714,0.42002493,0.08319407,0.30860996,0.17927389,0.6680536,0.1558683,0.28319147,0.3549151,0.79796696,0.33275804,0.25744864,0.48505837,0.75537413,0.47985733,0.5602182,0.4945201,0.7963358,0.48365963,0.60999876,0.7230154,0.8229385,0.6980443,0.72122365,0.9319435,0.8594113,0.9031406,1
0.12484055,0.12945771,0.120404445,0.111285396,0.1337112,0.111962505,0.22379269,0.09439239,0.39647225,0.09075903,0.32220262,0.17867115,0.6399587,0.16086338,0.2994909,0.35069776,0.79254603,0.334403,0.3024215,0.4985884,0.7989338,0.48595387,0.55881363,0.49053118,0.76436603,0.48104408,0.61597,0.71494836,0.7991304,0.6904441,0.73681414,0.92768073,0.8526306,0.8919008,1
0.1139875,0.120691724,0.10236229,0.10256777,0.14064237,0.10279865,0.18787253,0.093008175,0.42281875,0.08668823,0.3213075,0.18522066,0.63759536,0.16372642,0.308013,0.35989225,0.78908455,0.33638045,0.28335762,0.4855686,0.7932747,0.4864809,0.5505338,0.4938323,0.74977875,0.48219055,0.612797,0.70326096,0.77606326,0.6897641,0.7289368,0.9185637,0.866119,0.8757303,1
0.13144603,0.12035097,0.11025348,0.10465412,0.15559748,0.106204934,0.18347785,0.09390168,0.4160899,0.08985247,0.3366668,0.18267913,0.6193258,0.16029668,0.3592605,0.34513417,0.76289874,0.3237489,0.3019256,0.47251433,0.8212949,0.46843433,0.55902374,0.4824331,0.73601234,0.4698183,0.6298969,0.69969255,0.76810706,0.6793088,0.7195854,0.9037414,0.8558643,0.86174285,1
0.111209586,0.119744055,0.10133914,0.10266182,0.14153837,0.102096364,0.17947647,0.09671359,0.41548017,0.087912746,0.31348562,0.18635716,0.62158227,0.1620408,0.31076115,0.35121357,0.7717755,0.3221987,0.28146434,0.47173306,0.8319042,0.46930248,0.55116284,0.48409292,0.745656,0.47190255,0.62074494,0.69922423,0.78542894,0.68501157,0.7375104,0.91788876,0.8682347,0.87145287,1
0.112808935,0.12803052,0.09981024,0.11065237,0.13916346,0.109693624,0.16898206,0.09963378,0.41413173,0.09048004,0.2939398,0.18708028,0.61783445,0.15866399,0.27199474,0.35390157,0.75017464,0.31664264,0.25718182,0.4691833,0.8093709,0.47593117,0.5477993,0.49376875,0.756217,0.48033923,0.6070239,0.70519143,0.7900128,0.68952674,0.72679186,0.9200216,0.8509493,0.87585837,1
0.09885483,0.12279558,0.08510583,0.10397711,0.12805061,0.106766656,0.19267079,0.09523835,0.41627306,0.093352936,0.28207114,0.20105037,0.69644266,0.18478002,0.2583831,0.37654787,0.8960883,0.3643801,0.29022908,0.48005876,0.8522934,0.48071343,0.53705513,0.51109946,0.78649414,0.49918222,0.6214214,0.72130716,0.8093001,0.69729525,0.72864497,0.9262204,0.8711491,0.87911874,1
0.10838384,0.12816744,0.099874385,0.11041589,0.12239396,0.11186691,0.17822143,0.09454736,0.37465253,0.091547064,0.25439367,0.18955927,0.6469951,0.17352323,0.21673445,0.3669246,0.80899554,0.3461366,0.26626587,0.49082518,0.81070036,0.4783485,0.518662,0.5043708,0.7720367,0.49509752,0.59641147,0.73103774,0.8108398,0.7062905,0.72753763,0.94049585,0.85667616,0.89199495,1
0.10155482,0.12170877,0.08568931,0.10301113,0.12997271,0.105127044,0.15345432,0.09519076,0.3961638,0.092842154,0.24595614,0.19919045,0.6467444,0.18361312,0.23213856,0.3799876,0.83780485,0.35913387,0.26343167,0.48475805,0.84856796,0.4766693,0.5156212,0.50872153,0.76727873,0.49902964,0.58845866,0.72150654,0.7888758,0.7035929,0.7219657,0.9282161,0.858986,0.8830222,1
0.1085367,0.11918326,0.09744898,0.101965144,0.1255808,0.10339136,0.17598774,0.08961668,0.3945553,0.086025186,0.23756003,0.19231614,0.68027186,0.1745731,0.18963864,0.3725322,0.8258466,0.35495844,0.23661578,0.47548068,0.77592015,0.4830175,0.5018762,0.4996034,0.7880065,0.48717293,0.5853326,0.72699475,0.8133872,0.69048023,0.71779263,0.93880385,0.83944863,0.8741623,1
0.10774942,0.11811471,0.09738193,0.101792574,0.12616229,0.10299249,0.17552005,0.090857744,0.39474756,0.08661241,0.23369487,0.19002533,0.679359,0.17182522,0.19266552,0.36278495,0.8257499,0.34606695,0.21384424,0.47034055,0.7836988,0.4816162,0.49038053,0.49493763,0.7798957,0.48233822,0.57808775,0.72490484,0.8115263,0.68857855,0.7146062,0.9383585,0.83912045,0.8752385,1
0.11864405,0.11439267,0.109394945,0.09889202,0.14190638,0.09772062,0.16776733,0.09438515,0.39580703,0.08532777,0.24493226,0.19026732,0.62342906,0.16773143,0.23386706,0.35349607,0.7733702,0.32956356,0.24096654,0.48028475,0.8199347,0.47622216,0.51383245,0.48817083,0.7562643,0.47806334,0.6006112,0.7204601,0.782609,0.6976729,0.7231966,0.93024963,0.8466963,0.8946831,1
0.08357536,0.09155936,0.06784757,0.07398595,0.11666614,0.07629003,0.12859973,0.0760558,0.37971142,0.07324371,0.21657687,0.18494615,0.6388433,0.1714693,0.22114392,0.35074183,0.85576767,0.33767298,0.22965816,0.45726642,0.8630275,0.46505725,0.48383808,0.48924822,0.7451614,0.480826,0.5739751,0.7093104,0.7677844,0.6959223,0.71438193,0.924567,0.8589005,0.88616526,1
0.09136063,0.08937372,0.07946864,0.07247533,0.12314935,0.07460055,0.14095414,0.07599244,0.37279642,0.07343897,0.21511678,0.18344766,0.6213241,0.17353067,0.22104098,0.34188756,0.81865025,0.33688086,0.28676212,0.44269735,0.87558365,0.4640343,0.48513314,0.4858309,0.7386951,0.47821176,0.57493603,0.7040909,0.7729485,0.6877716,0.7195223,0.9244266,0.85510933,0.87612605,1
0.38001788,0.084354155,0.36774403,0.07523526,0.39239594,0.0725409,0.3293909,0.07750882,0.5239823,0.0684555,0.28485197,0.17399482,0.6503095,0.15863284,0.1919775,0.33616406,0.75781196,0.3215094,0.21684694,0.45015913,0.844322,0.46401733,0.4771643,0.48095343,0.71945214,0.47372502,0.56895614,0.7153893,0.77802217,0.69238144,0.70826423,0.9263938,0.8491121,0.8732648,1
0.34916997,0.09656629,0.34156066,0.088392586,0.361288,0.08659057,0.31795818,0.09338403,0.48146343,0.08575687,0.29684493,0.1863637,0.6121034,0.17096671,0.14849511,0.3250847,0.5496656,0.30361825,0.10477344,0.40416604,0.3694635,0.40358514,0.49379632,0.4989397,0.7118907,0.4905439,0.58457595,0.72801447,0.7810056,0.7016252,0.7053559,0.9277858,0.84502834,0.8735384,1
0.338578,0.11848149,0.3258618,0.10954966,0.35866556,0.10777516,0.30498463,0.11199054,0.50963223,0.10444478,0.2794996,0.20074528,0.669665,0.1860328,0.11192039,0.32731023,0.7366076,0.31492534,0.059937544,0.40338877,0.684945,0.42646298,0.47362792,0.49818677,0.7271106,0.489624,0.56528145,0.7238281,0.7855692,0.69888055,0.6967742,0.92756253,0.84847206,0.87659717,1
0.38723713,0.11942853,0.40274912,0.10763592,0.3639003,0.10812711,0.4175557,0.10219287,0.37567717,0.101513565,0.47634757,0.18850756,0.4132809,0.18283558,0.6709987,0.3309389,0.290303,0.3100994,0.8650965,0.45896924,0.18899053,0.40394208,0.56556004,0.5079377,0.57536024,0.5044551,0.61666083,0.7242988,0.7285727,0.70382607,0.7252123,0.92567736,0.83276737,0.87469,1
0.3882484,0.1142795,0.3832151,0.103814885,0.38856184,0.10207772,0.3324725,0.10767111,0.45582655,0.102000475,0.3040125,0.20726627,0.5935871,0.20111866,0.38679707,0.3524511,0.79594296,0.3545568,0.66859215,0.4672366,0.9076726,0.48585194,0.47140422,0.5057935,0.67202044,0.5032904,0.5749732,0.7241593,0.78151065,0.70463103,0.704939,0.9259292,0.8489745,0.88224655,1
0.48464492,0.15042262,0.46219712,0.13823241,0.49427715,0.13575505,0.3447406,0.11501322,0.5455931,0.110179566,0.31132624,0.17058147,0.6382813,0.16775931,0.44419533,0.26216772,0.83545274,0.30071586,0.71085805,0.34188533,0.9364661,0.44585875,0.4249088,0.4772658,0.65250427,0.4751023,0.55149627,0.71444094,0.7624113,0.6898501,0.7001621,0.92164934,0.8379747,0.8881686,1
0.13221876,0.10331183,0.114881806,0.08808251,0.16102141,0.0900682,0.14589381,0.088439085,0.38197866,0.08638339,0.1943912,0.1864349,0.6206427,0.17529769,0.1587763,0.33797127,0.816343,0.33186147,0.12440306,0.45211908,0.8641337,0.48160806,0.47310442,0.4743519,0.7427125,0.46620974,0.54638225,0.6980619,0.77755415,0.6794308,0.695527,0.9223772,0.8503582,0.87459034,1
0.13350862,0.10323191,0.11799245,0.08798961,0.16320705,0.09009009,0.15470228,0.08963471,0.3868388,0.0878614,0.19940111,0.1877618,0.6273946,0.17860821,0.14846794,0.333727,0.823743,0.33253026,0.110835455,0.4456441,0.8758565,0.4811139,0.47710624,0.4792163,0.74577874,0.47202995,0.55149597,0.69852847,0.77699107,0.6820283,0.69388896,0.92040473,0.8502836,0.87552387,1
0.20930107,0.09602752,0.20107508,0.083244994,0.22145095,0.083590224,0.21011622,0.086798914,0.39958516,0.08189535,0.22756588,0.19259492,0.63880587,0.18113288,0.14165911,0.34430942,0.8492914,0.3395023,0.095632836,0.4417938,0.89918363,0.47918516,0.47903654,0.49243656,0.7398655,0.4840581,0.5661946,0.71343106,0.7848549,0.68609947,0.7136779,0.9224019,0.8541666,0.86467797,1
0.21115236,0.09844375,0.19305697,0.0839293,0.24008489,0.08429652,0.18304738,0.0922606,0.43279234,0.08639508,0.19601111,0.20286655,0.6569559,0.18797535,0.16662148,0.36076406,0.8666442,0.34653056,0.26067945,0.48034418,0.88627684,0.48540926,0.46072862,0.4915828,0.7511364,0.4830464,0.559422,0.70780426,0.7800837,0.68784696,0.7015284,0.91605204,0.84111655,0.8715767,1
0.50519556,0.1424192,0.47759718,0.13031946,0.52236694,0.12965252,0.35268837,0.13743381,0.619395,0.13276048,0.27991214,0.24132574,0.7485982,0.23144653,0.1463382,0.39447224,0.9277961,0.38601777,0.18608811,0.48529905,0.9010176,0.49888188,0.4921854,0.5219655,0.7888952,0.5157764,0.5768873,0.71827114,0.83105534,0.6978471,0.7374524,0.9155893,0.8539209,0.86584103,1
0.33948952,0.1140739,0.35113338,0.101396754,0.3245292,0.10294433,0.36171702,0.10515356,0.33338538,0.10667501,0.47250715,0.2118908,0.3209846,0.21446276,0.6518099,0.3685007,0.19025026,0.37094095,0.8294967,0.4814073,0.21741647,0.4897049,0.6245319,0.5184064,0.5629936,0.521227,0.68680453,0.72098905,0.70311564,0.710514,0.76535875,0.9186659,0.805934,0.8791654,1
0.250313,0.11125068,0.24083476,0.09827628,0.25919333,0.09799728,0.22626786,0.09969091,0.40282238,0.09473648,0.22313431,0.2070122,0.59712636,0.19572467,0.20751162,0.38053823,0.79476434,0.36111432,0.39062303,0.5180932,0.88422817,0.5019598,0.47633266,0.5133441,0.7212351,0.5088762,0.56622964,0.72309816,0.77820283,0.70249605,0.69945407,0.92004734,0.8268908,0.87459886,1
0.3143362,0.11763191,0.3270762,0.1042078,0.29506755,0.10617017,0.35002136,0.10682883,0.30405354,0.10880937,0.5080928,0.21659073,0.30250794,0.21686856,0.7529016,0.38459614,0.20556422,0.3827306,0.9198483,0.51787597,0.2510523,0.52324045,0.6338524,0.5201662,0.54584706,0.5201958,0.6618226,0.72043467,0.689262,0.7089832,0.73837584,0.9202118,0.79989284,0.87799084,1
0.30805135,0.113674305,0.29664874,0.10053773,0.31832573,0.09980144,0.26834336,0.10165429,0.45721868,0.09655595,0.24069917,0.21067494,0.66214216,0.20216136,0.14670405,0.37421858,0.856262,0.3692557,0.19519068,0.49717546,0.83925396,0.50510806,0.4526197,0.51590097,0.7241878,0.5110307,0.54989433,0.7230777,0.776585,0.70452774,0.6828415,0.9234028,0.8441843,0.8808243,1
0.22485411,0.084132574,0.2103171,0.06941838,0.25708637,0.0694508,0.20165405,0.078905486,0.4571191,0.07375054,0.20279111,0.19187893,0.66243654,0.18268237,0.14866981,0.35293043,0.85026693,0.35004452,0.17723675,0.4879505,0.8992635,0.5006392,0.43410125,0.4947824,0.725532,0.48977572,0.5562817,0.71202296,0.7678255,0.69311035,0.6785693,0.92025036,0.8399461,0.8849655,1
0.26220137,0.10961886,0.2464949,0.09592676,0.29102448,0.094860926,0.23402657,0.09711904,0.48546848,0.09034633,0.21411093,0.20701602,0.6859916,0.19675064,0.111380324,0.3585113,0.83373255,0.3639498,0.11508623,0.4399163,0.88948,0.49758834,0.43496546,0.50764537,0.7407894,0.49941683,0.54657555,0.72417617,0.78871894,0.6961925,0.67507994,0.92991024,0.8568502,0.8707602,1
0.25087628,0.08984823,0.23821115,0.07731943,0.27946785,0.07639913,0.22724882,0.08379903,0.46953902,0.07683024,0.20807274,0.19570999,0.671508,0.18615244,0.104340725,0.3473736,0.8286865,0.3518884,0.09787468,0.4388789,0.8587754,0.49235076,0.43067575,0.4921428,0.73221314,0.4848079,0.5302814,0.71082264,0.776497,0.6884911,0.673017,0.922855,0.8582216,0.8719052,1
0.22970176,0.09699903,0.2192048,0.0839428,0.25906464,0.083387904,0.22928615,0.09070883,0.46697292,0.08411303,0.21939884,0.20163241,0.6845134,0.1922533,0.09629502,0.34414825,0.8463188,0.35848543,0.064378075,0.42730933,0.8714091,0.5222553,0.44420937,0.5073586,0.74056154,0.4994606,0.55197316,0.7277878,0.7838337,0.70354635,0.6795982,0.9355533,0.8455217,0.8849441,1
0.26042932,0.1006341,0.2440289,0.08569198,0.29174867,0.085606486,0.22339621,0.094447285,0.48209155,0.08992596,0.20982336,0.20461085,0.6753626,0.19864239,0.09531569,0.34695485,0.8595433,0.36656064,0.055045694,0.42592716,0.9003477,0.52925974,0.4302144,0.5110143,0.7204722,0.5078289,0.5687019,0.72204506,0.7781533,0.7090495,0.6835227,0.92473537,0.83220094,0.8993679,1
0.21863362,0.0992847,0.2057073,0.08606839,0.24500096,0.08559008,0.2188289,0.09041319,0.45603392,0.08384152,0.22353593,0.20108315,0.6891082,0.19120999,0.13613151,0.3581407,0.85706055,0.36811247,0.1767241,0.46025622,0.8662346,0.5270013,0.45867705,0.51097834,0.75859654,0.503296,0.55928046,0.73213506,0.7929369,0.70727646,0.68953955,0.93593585,0.8591219,0.8884242,1
0.27578798,0.090173,0.26643184,0.07813835,0.29909617,0.07716684,0.26512066,0.087441966,0.473496,0.08063874,0.25102335,0.20236854,0.65866804,0.19336285,0.15129256,0.36302033,0.8141964,0.36613128,0.18315555,0.48527822,0.8517367,0.5191185,0.46505493,0.5121329,0.7286023,0.5056327,0.5622612,0.7332586,0.77550757,0.70877653,0.6852043,0.93335664,0.8502001,0.8854431,1
0.2706827,0.08388486,0.25369066,0.07006082,0.304046,0.0703547,0.2374449,0.08346014,0.49909243,0.07937607,0.2384077,0.19433726,0.6733434,0.18720601,0.13188888,0.34297234,0.8390085,0.35215095,0.09797451,0.44760683,0.88363,0.5107183,0.45691255,0.5061858,0.72816074,0.50104105,0.57018393,0.72182006,0.76465225,0.70099616,0.67942894,0.9259901,0.83957106,0.88458407,1
0.25452325,0.096386276,0.24691737,0.08490294,0.27825361,0.083441295,0.26787528,0.09297387,0.47181082,0.08396127,0.25912276,0.20155485,0.64216,0.18291348,0.11515872,0.34557116,0.7603929,0.33501878,0.101917714,0.43958357,0.8023955,0.48980027,0.48402786,0.51134795,0.72828746,0.50065684,0.5762103,0.7360483,0.7800903,0.70570564,0.6785753,0.93128467,0.8537772,0.8787273,1
0.32924888,0.091630936,0.30860278,0.078532554,0.36329955,0.07762809,0.30780396,0.089986034,0.56292707,0.08514337,0.28349087,0.20326446,0.68299097,0.19754271,0.16331825,0.36103347,0.81722355,0.37872759,0.124890245,0.46493772,0.90987456,0.5462731,0.46508086,0.518502,0.7234041,0.5148209,0.5842052,0.7257534,0.79252446,0.7036884,0.6602697,0.91224223,0.84256166,0.8707538,1
0.24373005,0.085190915,0.22993946,0.07089128,0.28226414,0.07075376,0.25499514,0.08321256,0.5093195,0.0780405,0.25582665,0.19856021,0.67193604,0.19241735,0.14583102,0.35756794,0.8197821,0.37372118,0.12789004,0.47151235,0.9006422,0.5420945,0.4645504,0.51512957,0.72979987,0.5100599,0.58002216,0.72599745,0.788495,0.702146,0.66648996,0.91671723,0.84294885,0.87246186,1
0.3801204,0.10983091,0.35868692,0.0984683,0.39830992,0.09725576,0.28547236,0.110262446,0.5155763,0.104029894,0.2525576,0.21312776,0.6496742,0.20082498,0.12785272,0.35220948,0.820518,0.3619226,0.111446075,0.43742943,0.90715045,0.5314083,0.46714872,0.5133594,0.7172629,0.5058465,0.5630974,0.73045975,0.7749533,0.70427763,0.6754445,0.9153907,0.8623958,0.87391645,1
0.26972508,0.104407735,0.25392187,0.092523046,0.29246515,0.09144544,0.2453512,0.10033931,0.47118893,0.09197397,0.23869893,0.20906809,0.6580054,0.19029444,0.11669711,0.3488547,0.78864074,0.34025398,0.08712837,0.41668448,0.8067452,0.47938442,0.4857234,0.5044272,0.7513472,0.49360055,0.5729179,0.7255214,0.7953684,0.6987995,0.6796188,0.923526,0.87316114,0.8742765,1
0.27397862,0.10530725,0.26752815,0.09174242,0.29921955,0.090719074,0.27284223,0.10131994,0.46947762,0.09382787,0.26786977,0.214285,0.6069795,0.18965113,0.16297017,0.37129968,0.6089143,0.30161917,0.2090877,0.46807426,0.73873794,0.33412105,0.48115185,0.51090175,0.7111257,0.501783,0.55625695,0.72068185,0.7897957,0.6993466,0.64229065,0.9166849,0.8588997,0.88218594,1
0.21478361,0.09647017,0.20367618,0.08276682,0.25267044,0.08254942,0.21923086,0.095696025,0.46540272,0.08870554,0.22481176,0.20818202,0.64045143,0.1946038,0.15439251,0.36070076,0.7873546,0.3582597,0.21114093,0.4868976,0.8269616,0.52145505,0.44386807,0.5060132,0.7124776,0.4972583,0.553256,0.72031623,0.77954894,0.69751215,0.6363362,0.9218424,0.8759896,0.8786085,1
0.22761722,0.097586825,0.2167929,0.0845817,0.26596108,0.08432179,0.23069671,0.09865723,0.47553772,0.09177145,0.23187698,0.2095236,0.64769214,0.19700621,0.1489038,0.35744956,0.79032594,0.3582221,0.19092794,0.4811921,0.8333385,0.52203965,0.44827107,0.50640386,0.7161757,0.49787483,0.555554,0.72156566,0.78139085,0.6979971,0.6378731,0.92232984,0.87401086,0.8785799,1
0.23120017,0.090445474,0.21809334,0.077412695,0.26985922,0.07759709,0.21989286,0.091475196,0.48108986,0.084970996,0.22290169,0.19987984,0.6683987,0.18848109,0.14263885,0.3433892,0.8397386,0.35316303,0.12295172,0.44795132,0.88046104,0.51914895,0.45297635,0.49918538,0.737468,0.49105948,0.5554195,0.71550906,0.79582816,0.6972084,0.6516741,0.91694087,0.901312,0.88132155,1
0.3726022,0.14145905,0.3542475,0.1320569,0.39910987,0.12962551,0.29780245,0.13968101,0.5489965,0.12940302,0.24632132,0.228101,0.68412125,0.20561972,0.11077851,0.35672063,0.81023127,0.34564862,0.10799014,0.45029566,0.84936374,0.5027534,0.4513101,0.50193906,0.7316992,0.48954383,0.5402739,0.7182077,0.774978,0.6887525,0.6551868,0.9244635,0.88493997,0.8748232,1
0.3403679,0.08584986,0.31828606,0.07546587,0.36347649,0.07502151,0.2512217,0.09225479,0.4979453,0.08686199,0.22981866,0.19968861,0.6442521,0.18729645,0.17037368,0.34871206,0.8050992,0.35172525,0.14611371,0.4749317,0.8948338,0.5356719,0.43829378,0.50278354,0.7112258,0.49496207,0.5349902,0.72335577,0.7827604,0.70021284,0.62700784,0.9223042,0.8984325,0.8820999,1
0.20330589,0.07789393,0.18788137,0.06307793,0.24309675,0.06365824,0.18358845,0.078325994,0.45863205,0.071733326,0.19728644,0.19920023,0.64715666,0.18393666,0.15143979,0.36817166,0.82294255,0.36042038,0.18132402,0.49723402,0.8643447,0.53861463,0.42462206,0.50761825,0.71804047,0.49820605,0.5226779,0.71728253,0.775503,0.70102006,0.6182999,0.9224799,0.88696015,0.8844933,1
0.37095875,0.14210768,0.34306026,0.13203454,0.3969183,0.13247643,0.26291212,0.13870354,0.5254378,0.13595882,0.21678273,0.2242496,0.66570276,0.21559875,0.1694671,0.3542026,0.8136607,0.36689687,0.12682737,0.4597244,0.8523132,0.53495187,0.39276466,0.50458616,0.6890433,0.49780455,0.4998506,0.7117564,0.72570425,0.69463295,0.58576417,0.91504663,0.8165062,0.8773012,1
0.35110435,0.12834224,0.3635598,0.11982879,0.34515628,0.117486,0.37019092,0.1221623,0.40577182,0.11431222,0.33246484,0.20514917,0.47788918,0.19062877,0.18499392,0.34359002,0.26646885,0.32436037,0.09658144,0.44568205,0.09152616,0.43230453,0.47450283,0.49778962,0.60179394,0.49112695,0.5217242,0.71407455,0.7095094,0.6962479,0.6043163,0.9240204,0.80618215,0.882945,1
0.24172768,0.079166844,0.22401157,0.06598039,0.2791311,0.064740226,0.17919862,0.08419023,0.46432057,0.07533365,0.18552421,0.20629054,0.62134254,0.18671139,0.16227841,0.36236054,0.76966995,0.3449095,0.13408557,0.47676873,0.7803772,0.5039102,0.3838278,0.49893978,0.67627966,0.48809156,0.48808232,0.7131936,0.7325188,0.68911844,0.55248386,0.9276971,0.8498751,0.88350296,1
0.27447298,0.08516178,0.25584298,0.072949596,0.30245242,0.07234115,0.21352765,0.08396783,0.47001237,0.078056954,0.20310622,0.19993986,0.64434123,0.19074278,0.14434381,0.355254,0.7972713,0.3579085,0.1395344,0.46354377,0.85192364,0.50166994,0.40320146,0.5056122,0.6989484,0.49865076,0.48486313,0.71837854,0.7399806,0.6992993,0.5779599,0.92788833,0.8599208,0.88456637,1
0.19286898,0.08478851,0.18463422,0.0712902,0.2341141,0.07010903,0.20235544,0.08395948,0.4702864,0.07434983,0.2321181,0.19123937,0.63780576,0.16756329,0.19844215,0.3326341,0.7250684,0.30451292,0.11735353,0.4473123,0.62525576,0.45000845,0.42272636,0.47293666,0.69249564,0.46083105,0.48751763,0.69865125,0.7345191,0.68021333,0.55944735,0.92190045,0.84220016,0.89000833,1
0.26382998,0.07670412,0.24950847,0.06275039,0.29912847,0.06211739,0.22294769,0.08177629,0.50373596,0.073767,0.22633664,0.20744501,0.6699485,0.18704349,0.14901407,0.37159726,0.80901045,0.35617056,0.11716716,0.42737895,0.8172624,0.50495136,0.42954725,0.50545156,0.71971065,0.49513486,0.52266896,0.7111538,0.7636998,0.6939282,0.5659734,0.92163795,0.85210973,0.88171226,1
0.3026162,0.07580691,0.2863495,0.063194275,0.335829,0.061911777,0.21925224,0.08192764,0.49577627,0.074046046,0.21352527,0.19638537,0.6353791,0.18008004,0.15030599,0.353198,0.7843076,0.33901334,0.13253799,0.44396546,0.9070381,0.51735896,0.40535364,0.49244523,0.68620366,0.48655465,0.51938593,0.6966144,0.7528064,0.6879707,0.5756115,0.9125325,0.8667939,0.8776953,1
0.3052428,0.075905524,0.28600797,0.06170426,0.34007326,0.061830956,0.21904352,0.07897511,0.48832715,0.07238617,0.21733055,0.19869162,0.64060634,0.18176737,0.17983799,0.35515592,0.79554623,0.34253266,0.13885939,0.4491939,0.89556223,0.51935464,0.41584113,0.495554,0.6978838,0.4866649,0.5258786,0.69550353,0.73521805,0.68476903,0.58095574,0.9076079,0.8410835,0.8696465,1
0.3035677,0.07222767,0.2895151,0.05963617,0.3233289,0.058625273,0.23814562,0.06761322,0.4618679,0.062181097,0.23153047,0.17351763,0.5772543,0.16277124,0.17605187,0.3359054,0.7255424,0.33899087,0.13091104,0.43454084,0.8262736,0.5078145,0.42761728,0.4896568,0.66346306,0.48434582,0.5074372,0.70549726,0.74597317,0.69131553,0.54713595,0.91456664,0.8612109,0.8771315,1
0.49744993,0.07874942,0.471468,0.06696648,0.49338916,0.06456203,0.28304145,0.08128747,0.4855089,0.07350077,0.19465153,0.19369917,0.5849484,0.16856463,0.16789472,0.3557186,0.75749105,0.29236463,0.1615139,0.4472458,0.8640991,0.3810891,0.40011612,0.48193267,0.66771525,0.47512406,0.5026846,0.7008412,0.7712428,0.68214625,0.5389693,0.92048424,0.8485629,0.87656343,1
0.33679417,0.085643955,0.304936,0.073753305,0.3588109,0.07319836,0.20474845,0.08518352,0.5117859,0.08147383,0.15854695,0.19353479,0.6597815,0.18293236,0.13368861,0.34786278,0.8108932,0.3441487,0.17544165,0.4434836,0.8356376,0.5066885,0.37600356,0.4819023,0.7135658,0.4775554,0.48915976,0.69822365,0.76623315,0.68223584,0.509173,0.90369153,0.8060844,0.86369073,1
0.11535063,0.1159532,0.10908931,0.098724216,0.13442577,0.09983372,0.17434937,0.09840478,0.36592257,0.09422607,0.3454592,0.20522012,0.5614849,0.18567188,0.41095737,0.3959039,0.5047973,0.3572102,0.10947534,0.44582775,0.1230171,0.35695493,0.49318275,0.506919,0.6564502,0.49137238,0.50570166,0.70998716,0.7005594,0.67971617,0.59339786,0.9208252,0.8174057,0.8679796,1
0.12687714,0.12541927,0.11857106,0.11059184,0.1274365,0.11278886,0.17326204,0.10624866,0.32003057,0.10489111,0.32547954,0.20385952,0.5384131,0.18675967,0.42231467,0.3830637,0.5713369,0.3548426,0.13158058,0.44622305,0.18939182,0.40791693,0.49955177,0.48908833,0.65915287,0.47532788,0.505818,0.70281297,0.71110255,0.67792517,0.61381257,0.9247425,0.8264258,0.8764291,1
0.10799032,0.1278533,0.092902474,0.109913826,0.113369904,0.11383071,0.16304003,0.09710321,0.3454852,0.099802494,0.35250142,0.19405565,0.5768857,0.1807569,0.4558944,0.3804101,0.59052014,0.35504997,0.12971137,0.42956042,0.1684568,0.3848751,0.5013034,0.4940997,0.66850376,0.47967023,0.49627602,0.7066843,0.699403,0.68101674,0.62606454,0.92944777,0.81644356,0.87715626,1
0.11019201,0.11303138,0.09299377,0.09659028,0.1138342,0.1005198,0.14057095,0.09182024,0.32281128,0.094041154,0.3251188,0.19364695,0.5445229,0.1810429,0.4601665,0.37362722,0.5946441,0.3455249,0.16134919,0.44201496,0.1892533,0.38243252,0.49780336,0.49084932,0.6588872,0.47773758,0.51025885,0.70616037,0.70226735,0.68216234,0.6292951,0.9243048,0.83267874,0.8719626,1
0.10861501,0.11132617,0.09215529,0.094932936,0.112478346,0.09871311,0.14135352,0.091050096,0.3230121,0.09266253,0.32629636,0.1950779,0.5530503,0.18118934,0.45626003,0.3758096,0.60434794,0.34559202,0.14429463,0.44428205,0.19410983,0.38574347,0.5060748,0.4930758,0.67189986,0.4791438,0.51339436,0.7100029,0.70816576,0.68356377,0.6258697,0.9263405,0.83187616,0.87150943,1
0.09987716,0.11573681,0.09077905,0.09944577,0.09179383,0.103523776,0.12983188,0.096711345,0.24103823,0.10020322,0.3192574,0.20042485,0.42017725,0.19219264,0.47101334,0.3767793,0.47222066,0.35993615,0.13218279,0.44880626,0.14903678,0.4178322,0.4900589,0.50216454,0.579322,0.49130788,0.5106467,0.7120361,0.6852407,0.6874681,0.6368943,0.9269468,0.8271777,0.8702808,1
0.13416837,0.124546,0.122210175,0.10935725,0.13334623,0.112334535,0.15681365,0.10781026,0.30106568,0.10843234,0.3327334,0.20622624,0.5098984,0.19365886,0.49579534,0.36749613,0.5838267,0.34598035,0.1667868,0.4359515,0.21919215,0.4061912,0.51167834,0.4932308,0.645993,0.47960132,0.52068037,0.7092285,0.7085133,0.6795499,0.6442456,0.9266753,0.8306958,0.8667648,1
0.119633414,0.1276888,0.12368467,0.11077632,0.120394416,0.11230326,0.19399148,0.10816507,0.29586363,0.10602336,0.3627735,0.20683116,0.46585238,0.18946919,0.50228953,0.374365,0.5197475,0.3434696,0.21789481,0.43738654,0.20881581,0.39489332,0.50394183,0.4995236,0.59053236,0.4868267,0.5147598,0.703867,0.69983786,0.6827325,0.6120292,0.91679263,0.8178258,0.8770198,1
0.120034,0.12707728,0.11359297,0.110927776,0.11685897,0.11427974,0.1830139,0.104408495,0.30313045,0.10589614,0.36275443,0.20189151,0.510725,0.18695521,0.49790448,0.37785667,0.5896126,0.3451896,0.20115545,0.43235826,0.3005879,0.38868713,0.5095431,0.48901337,0.6267384,0.4759591,0.5006986,0.6969839,0.68274045,0.6763973,0.6193271,0.9200789,0.8164216,0.872314,1
0.15090053,0.12838353,0.1462648,0.113368176,0.14703229,0.11561217,0.20926651,0.1097289,0.32234707,0.10900292,0.3667137,0.2090722,0.5225098,0.19266099,0.49648026,0.38452932,0.6799282,0.36025625,0.18426573,0.43129233,0.5679088,0.4353835,0.5066549,0.4954129,0.6280865,0.48245636,0.49592525,0.69939053,0.69102186,0.6808961,0.5975942,0.910697,0.81918263,0.8677801,1
0.13821755,0.12674789,0.13238399,0.109654136,0.13696082,0.11312265,0.18684977,0.108789586,0.30840436,0.10995478,0.3683672,0.21319155,0.49633136,0.19509338,0.5190756,0.39394304,0.5745504,0.35537657,0.21007487,0.42851335,0.30968305,0.4014512,0.5239675,0.49937683,0.6262937,0.48696175,0.5244771,0.69693375,0.6984872,0.68037015,0.62833613,0.9178977,0.7959293,0.8743921,1
0.14976959,0.12866855,0.14580445,0.11172962,0.14856319,0.11569209,0.21914867,0.10862602,0.33666608,0.11175341,0.3745546,0.20176268,0.54214936,0.18978481,0.5231901,0.36132,0.6939049,0.3453111,0.2698548,0.43739662,0.69519645,0.44768456,0.5315333,0.48674527,0.6524251,0.47682282,0.5299387,0.68858576,0.6990896,0.6749629,0.63006216,0.9154951,0.79510134,0.8736865,1
0.14453016,0.14221863,0.14177427,0.12390904,0.1308832,0.12838106,0.2116105,0.11464691,0.2922748,0.119943716,0.37312186,0.20552078,0.49572405,0.19356684,0.5281687,0.36963376,0.6370125,0.34840778,0.24226812,0.41794786,0.57576704,0.422813,0.54394186,0.48556122,0.63849044,0.47634792,0.5369135,0.6896233,0.71213603,0.6760488,0.6474915,0.9160361,0.7986394,0.87453777,1
0.14031456,0.15650058,0.13776466,0.13828039,0.1352671,0.14228873,0.2385474,0.12392715,0.33811253,0.12872995,0.41869187,0.20927687,0.5303724,0.19613001,0.49611682,0.3738674,0.48167503,0.3385932,0.20888561,0.4275137,0.16858794,0.38225353,0.54978126,0.49478546,0.6463901,0.4834806,0.5360563,0.69963723,0.7083174,0.6828033,0.6432355,0.9161945,0.79591495,0.87464786,1
0.13732858,0.16126369,0.13709533,0.14400177,0.14129502,0.14371963,0.24740283,0.12248708,0.36033052,0.118656725,0.41851377,0.2059718,0.56553316,0.1875842,0.49523988,0.36064678,0.5333078,0.32430792,0.2557056,0.42517394,0.2236585,0.36924842,0.5687256,0.49323338,0.6866464,0.48189095,0.5612627,0.6971226,0.7005095,0.6884122,0.66777706,0.9117956,0.79011226,0.8858888,1
0.121580526,0.15118098,0.11443219,0.13435878,0.117683776,0.13708821,0.20183875,0.117354386,0.33533132,0.11794032,0.3695991,0.19796218,0.57256633,0.1807631,0.46434084,0.35465118,0.65227336,0.33100757,0.27148548,0.40823233,0.37507325,0.40377855,0.5446184,0.49018028,0.68977094,0.47631684,0.5310142,0.7060904,0.7278595,0.68258834,0.63565296,0.9227096,0.81862277,0.87444663,1
0.118052945,0.15949722,0.111249335,0.14215173,0.112069584,0.14477973,0.19663343,0.12257108,0.3223563,0.12336711,0.36130992,0.2010826,0.5476545,0.18404207,0.45375672,0.35493696,0.5868041,0.32703277,0.26592293,0.40675098,0.29058248,0.38963977,0.5537913,0.48795584,0.69138795,0.47511512,0.5375205,0.7051603,0.732721,0.68456465,0.64068645,0.9249241,0.82316875,0.8780222,1
0.11889231,0.16311015,0.117117666,0.14607467,0.11124984,0.14836234,0.21161574,0.12616567,0.3124955,0.12645707,0.37478516,0.1993822,0.5411669,0.18245281,0.47243756,0.3426925,0.54203385,0.30821928,0.24249724,0.39916596,0.2156645,0.35400075,0.558567,0.48101577,0.68880135,0.4680139,0.5247727,0.69872266,0.718721,0.67852014,0.63884974,0.92117316,0.81891274,0.87414044,1
0.11584527,0.16549453,0.111633234,0.14782214,0.10900766,0.14980225,0.21015193,0.123272136,0.3266268,0.12292723,0.36821312,0.19396015,0.5541698,0.17559041,0.46810222,0.3388499,0.5677299,0.3105382,0.27735376,0.40302214,0.26585394,0.37934583,0.54304695,0.47618836,0.687898,0.46206015,0.5132344,0.69470257,0.7227542,0.6722163,0.6292097,0.92160666,0.82024425,0.8709592,1
0.14406107,0.17008652,0.13910234,0.15218425,0.13695545,0.15463828,0.22113942,0.12846155,0.32728112,0.12977323,0.3823632,0.20219144,0.52883446,0.18495055,0.47417098,0.3484364,0.52647394,0.31942135,0.30616018,0.3907167,0.2504425,0.36717302,0.53127027,0.4807951,0.64704305,0.4662689,0.5168172,0.6988727,0.700777,0.6707244,0.6387406,0.9244311,0.7992848,0.8659649,1
0.12213746,0.14815521,0.11898164,0.12961654,0.1059468,0.13604788,0.20490433,0.111744404,0.2613852,0.12303419,0.41440153,0.19677004,0.44768214,0.19387192,0.49387842,0.3653329,0.45952538,0.34463134,0.24916326,0.39067197,0.21641666,0.3582185,0.5589982,0.5040001,0.5973792,0.49686316,0.5574773,0.712019,0.68922454,0.69646966,0.65505654,0.92113245,0.79222894,0.87475014,1
0.43693587,0.27970502,0.48196214,0.26126787,0.36033878,0.26917204,0.56637657,0.25521562,0.28931108,0.2758606,0.597968,0.31999987,0.4071007,0.33692902,0.5611281,0.38065797,0.37043104,0.39572924,0.31099877,0.3789204,0.2636208,0.38926393,0.63184506,0.53968585,0.5216206,0.54064316,0.62178963,0.72996974,0.64579725,0.70342547,0.6884893,0.92765075,0.7583096,0.8681368,1
0.2587264,0.10365191,0.26064157,0.09170285,0.23092104,0.09508172,0.2920997,0.09378529,0.2785025,0.09927307,0.42069227,0.189487,0.39691317,0.18825059,0.4783808,0.34695128,0.40575442,0.33279228,0.25479886,0.37727723,0.21083167,0.3358521,0.5583418,0.5022603,0.56558955,0.49733046,0.56469345,0.7169309,0.6716521,0.69845253,0.6312447,0.9149767,0.7951604,0.8669644,1
0.15046209,0.10883464,0.16051517,0.09444709,0.13057876,0.09821858,0.24570946,0.091204785,0.2446403,0.09587283,0.40010244,0.18619375,0.41114908,0.18205947,0.46900505,0.3507537,0.43419048,0.34407684,0.28568962,0.3899528,0.22672847,0.3865809,0.5516039,0.49833053,0.5819808,0.49063188,0.5432068,0.71465176,0.68942386,0.6936905,0.62153584,0.9165297,0.8186703,0.86969966,1
0.14602958,0.12082252,0.14881802,0.10460586,0.14296149,0.10891108,0.21958399,0.10709882,0.29115134,0.11182904,0.39849928,0.20794544,0.43584582,0.20185837,0.46435222,0.36791474,0.4438409,0.3517355,0.23677708,0.40383977,0.22809775,0.3864548,0.5613427,0.5100174,0.59794533,0.5016138,0.5514748,0.7189042,0.69009274,0.6952777,0.64433867,0.9239162,0.78344357,0.8744289,1
0.14944042,0.122035496,0.15149741,0.10885334,0.14331438,0.111789554,0.22666545,0.10377569,0.29727527,0.10531339,0.37271518,0.19504355,0.49742216,0.1841455,0.5634918,0.3482059,0.65576035,0.3302552,0.69462216,0.46890166,0.58486754,0.42961696,0.513579,0.48672655,0.615719,0.47585505,0.5279793,0.7107093,0.6821812,0.676944,0.62447166,0.92371374,0.808447,0.8666131,1
0.13333449,0.13431315,0.13526979,0.11947145,0.12722039,0.12210254,0.22907393,0.10932063,0.30829862,0.11046729,0.3632899,0.19283308,0.5350903,0.18071079,0.37919775,0.32623148,0.5692869,0.30540198,0.22618537,0.37384674,0.3514684,0.34304616,0.54357684,0.4699008,0.6705084,0.45775446,0.53402716,0.7043143,0.71219957,0.6713849,0.64336354,0.92219585,0.8189886,0.8647978,1
0.14468619,0.120920174,0.14694962,0.10724449,0.13946833,0.109963655,0.2332021,0.10223431,0.31411,0.10316772,0.37184048,0.19037247,0.53561574,0.17903213,0.4339921,0.33041605,0.5858247,0.3087933,0.3471912,0.39766213,0.36445343,0.35394225,0.5391014,0.47407913,0.66401285,0.46222594,0.5332416,0.7052897,0.7120258,0.6726666,0.64307326,0.92204565,0.82033306,0.8636983,1
0.14137945,0.12652373,0.13698249,0.11198339,0.13442156,0.11481246,0.19724289,0.105314866,0.2976077,0.10682339,0.352666,0.1940959,0.49329975,0.1827443,0.43078178,0.35251433,0.5814015,0.3337284,0.19768526,0.42035908,0.37140304,0.40423056,0.5264566,0.48559618,0.63255566,0.47478798,0.53516334,0.70389456,0.709799,0.67982924,0.64137226,0.9239386,0.82502425,0.8699845,1
0.14455464,0.12616043,0.14503762,0.11283164,0.13801675,0.11545806,0.21959393,0.10300827,0.30252624,0.103953645,0.3573409,0.1828144,0.503265,0.17056808,0.41954198,0.33461848,0.5463714,0.3181715,0.2385785,0.4058385,0.28686187,0.39823487,0.52101237,0.48236397,0.63488996,0.47095498,0.526393,0.7026488,0.70566964,0.678514,0.63098717,0.9224796,0.83301735,0.86790955,1
0.23792256,0.09827914,0.2442676,0.08858347,0.22249764,0.09047256,0.28257957,0.08736496,0.2846492,0.088652514,0.38579708,0.16908436,0.3762793,0.16709681,0.4299802,0.32260168,0.4336638,0.32186258,0.2297765,0.3980541,0.25696355,0.40219194,0.5355138,0.49725282,0.5469401,0.49452093,0.5790477,0.7093947,0.67703754,0.7001839,0.6600367,0.9168585,0.79946345,0.8784574,1
0.18057257,0.090142004,0.18125781,0.07895484,0.17063072,0.08173437,0.2257149,0.07902374,0.26605245,0.08119497,0.37589914,0.16983819,0.38133067,0.16853532,0.42169824,0.3320258,0.41974396,0.33289936,0.19297597,0.39987534,0.19130282,0.3984064,0.55153096,0.494466,0.5708408,0.48995647,0.5770201,0.709307,0.6830532,0.6956818,0.6596953,0.9230027,0.8200531,0.8759027,1
0.1432833,0.09445691,0.14326875,0.08064847,0.13974209,0.08411965,0.1867309,0.08436523,0.2684386,0.087662786,0.33690393,0.1802174,0.43725434,0.17579657,0.43842968,0.3269334,0.47473565,0.32598937,0.20700453,0.39803335,0.2214846,0.4032329,0.5030385,0.4903903,0.5865608,0.4828655,0.53018236,0.703939,0.71223736,0.6836239,0.6189937,0.91977596,0.8388551,0.8778027,1
0.12292197,0.0953701,0.12505393,0.081083484,0.11946724,0.084665395,0.1827186,0.08380828,0.26119795,0.08722362,0.34201583,0.17937829,0.44136193,0.17501532,0.44164062,0.32814103,0.4850037,0.32782856,0.21387675,0.39707348,0.2299738,0.40067646,0.5079582,0.49051902,0.5898713,0.48268434,0.53247964,0.7040298,0.713719,0.6834108,0.61579406,0.91846,0.8415618,0.87627465,1
0.12735687,0.105171435,0.1326859,0.09337158,0.113083065,0.096713156,0.18734989,0.09300041,0.19774145,0.09655728,0.34400105,0.17936869,0.3252831,0.18163456,0.42186746,0.32643446,0.4119191,0.33226848,0.1920408,0.40075308,0.21707721,0.40565115,0.53728473,0.49705127,0.53771245,0.49526265,0.5744292,0.7031645,0.6710609,0.6939054,0.6685117,0.9220041,0.7947276,0.87820375,1
0.10947241,0.11867156,0.11719849,0.10383491,0.093022116,0.10852289,0.19827785,0.09860105,0.2103419,0.10522222,0.36865708,0.18335876,0.363854,0.18435927,0.4481276,0.3302718,0.43839964,0.33298492,0.2143759,0.39469463,0.22393149,0.39979428,0.5332397,0.50289047,0.54210067,0.49881628,0.5630222,0.70408005,0.67173916,0.692491,0.65813726,0.9235669,0.79509884,0.881359,1
0.10239497,0.10446996,0.10370635,0.09140739,0.08928287,0.094831176,0.1562918,0.08854937,0.19859932,0.09135689,0.32358587,0.17795134,0.35447076,0.17429261,0.45448142,0.3357084,0.43423405,0.33413208,0.19711852,0.40765175,0.18126899,0.41388395,0.5094964,0.49707907,0.5517839,0.49074686,0.54223526,0.70472485,0.6955443,0.6882739,0.6289114,0.9252695,0.8305801,0.87521964,1
0.09936138,0.10476913,0.09626485,0.09048767,0.085231364,0.09531956,0.14730085,0.08966331,0.20236853,0.095785186,0.31884032,0.18262362,0.37139317,0.18189105,0.4285352,0.33329582,0.43633467,0.33291772,0.22075175,0.39691773,0.20828801,0.39831537,0.5062834,0.4995429,0.55656487,0.4942522,0.53700924,0.70535433,0.6712817,0.6903743,0.6286976,0.9204639,0.80010206,0.8738434,1
0.13218784,0.10600433,0.13395984,0.09353151,0.12040298,0.09683947,0.18741168,0.09385423,0.22432528,0.096939184,0.35501668,0.18411617,0.36593306,0.18273965,0.45603058,0.33671322,0.4378234,0.33696058,0.23701282,0.40455055,0.20517321,0.4055755,0.5401613,0.5025056,0.55984646,0.4977187,0.5760063,0.70917624,0.669748,0.6945704,0.66178423,0.9233068,0.80205405,0.8763376,1
0.3501205,0.08128781,0.34588987,0.07114334,0.33089647,0.07268676,0.3178828,0.073233746,0.34459522,0.07370348,0.39161393,0.16769275,0.39587522,0.16418651,0.4557911,0.33578277,0.44097963,0.33323243,0.21409976,0.40826282,0.20044318,0.409482,0.5360277,0.5020083,0.55927044,0.49814036,0.569926,0.70993793,0.67837757,0.6939099,0.64556074,0.9229982,0.80356544,0.8742364,1
0.17840667,0.109762,0.17045842,0.09981909,0.17884766,0.101802394,0.21435556,0.09976707,0.33549765,0.09876365,0.34072912,0.18342218,0.5302031,0.17218837,0.40871048,0.33901986,0.55033565,0.3252677,0.22220485,0.41598833,0.22771253,0.4027652,0.5077581,0.47577018,0.6546575,0.46524513,0.508048,0.69762284,0.70855486,0.6773519,0.62320507,0.9205614,0.8203712,0.8731075,1
0.15000561,0.11320305,0.14183456,0.099027865,0.13984334,0.10360064,0.18133816,0.09831133,0.2664716,0.10401859,0.33192268,0.1899793,0.44976276,0.18601899,0.48756936,0.346831,0.49341577,0.34192064,0.2617156,0.43414286,0.23745513,0.42839575,0.52275735,0.49466583,0.6221542,0.4878437,0.5430732,0.7075205,0.7214306,0.68528646,0.64059556,0.92036605,0.8147643,0.87438434,1
0.12717739,0.12555493,0.12171347,0.11297364,0.11697448,0.1153613,0.16036272,0.10752897,0.24346422,0.10799236,0.31433284,0.19046259,0.42325294,0.1806107,0.45685348,0.34452465,0.49521816,0.33195502,0.2166674,0.44266713,0.2151151,0.43231657,0.4991539,0.49205694,0.5932894,0.48230508,0.5230043,0.7051691,0.69029266,0.6819419,0.6291996,0.92402816,0.8224994,0.86829776,1
0.101125434,0.11613984,0.08684754,0.10429096,0.08765841,0.10729881,0.08754006,0.100483224,0.17163949,0.10233426,0.23459964,0.18456563,0.34683865,0.17854431,0.43947053,0.33993396,0.48881826,0.33261308,0.18469617,0.4411255,0.224068,0.43873116,0.4646204,0.48960242,0.5594938,0.48404863,0.5261902,0.70326114,0.69978684,0.68500787,0.6378518,0.92343307,0.8281695,0.87372875,1
0.088069245,0.11345973,0.07425423,0.101293415,0.075761616,0.10417757,0.07811881,0.0984971,0.16582993,0.09995565,0.22810797,0.18499398,0.34238502,0.17905435,0.44241714,0.3398034,0.48741066,0.33338472,0.18669628,0.4417283,0.22363554,0.4392127,0.46262163,0.4899073,0.5583915,0.48413378,0.52525514,0.7034118,0.69696814,0.684555,0.64096296,0.9232973,0.8285714,0.8727087,1
0.20504178,0.11312547,0.18400691,0.10099693,0.19397059,0.10312062,0.13304576,0.1017006,0.24559733,0.10287628,0.24306597,0.19758406,0.40176973,0.18903331,0.38963616,0.35267717,0.48004246,0.33381295,0.1293488,0.4435536,0.19235584,0.427633,0.4406184,0.49768165,0.5717317,0.49079853,0.5201681,0.7079952,0.7067631,0.68505836,0.63034225,0.9188913,0.8273111,0.8679976,1
0.17431709,0.114509396,0.15307362,0.101647474,0.15918094,0.10421987,0.09463182,0.10000582,0.20044959,0.10122547,0.21790548,0.19462776,0.33476835,0.18640004,0.39774582,0.3535772,0.43074435,0.33885467,0.09871948,0.45461997,0.1369373,0.43996808,0.4427108,0.5009597,0.5430494,0.49377158,0.53182167,0.7135564,0.69674367,0.6869133,0.6497951,0.9250237,0.8254516,0.86509985,1
0.17078106,0.122696266,0.15636574,0.11006861,0.15816677,0.112722114,0.13968393,0.10600725,0.23178962,0.10792456,0.25482142,0.19547601,0.3959051,0.18823558,0.37848118,0.35345635,0.46279714,0.34190133,0.11692068,0.44614717,0.16699618,0.43655002,0.45377174,0.49645662,0.57212085,0.48963365,0.5216046,0.7101867,0.7079072,0.6871053,0.6305471,0.92206573,0.83072245,0.8688858,1
0.091542654,0.12358989,0.08018641,0.10939893,0.079818465,0.112474106,0.101146124,0.102279894,0.19615118,0.10419497,0.25785902,0.19193462,0.36482245,0.18315262,0.38333544,0.3539903,0.44290665,0.34199923,0.08531786,0.44434333,0.16373609,0.44317025,0.47100773,0.49223375,0.5625829,0.4849721,0.5222121,0.7048081,0.69439477,0.68736494,0.62792003,0.92500854,0.8294489,0.8761926,1
0.12525566,0.11208067,0.11282519,0.098182105,0.12113786,0.1005229,0.13173041,0.099074654,0.2616878,0.098995455,0.27085283,0.20076089,0.43205366,0.19107571,0.3618257,0.36438438,0.4745664,0.3533168,0.08926351,0.4534732,0.19533196,0.45007196,0.48889017,0.4949001,0.6164743,0.48656225,0.5218148,0.7037859,0.71136147,0.6843401,0.6182131,0.9228253,0.8373317,0.87318057,1
0.21278553,0.10402694,0.19419347,0.09110456,0.20393337,0.093108945,0.16935718,0.09401555,0.2970635,0.094361156,0.2758216,0.19781075,0.4415777,0.18931168,0.36061507,0.36249268,0.4710819,0.34985465,0.09926625,0.45769355,0.19051774,0.44934043,0.47894907,0.49238205,0.61398,0.4852189,0.5207384,0.70262253,0.7151245,0.684106,0.61457527,0.9217982,0.8365791,0.87369317,1
0.21098398,0.10969997,0.19447263,0.0971435,0.20520647,0.09899631,0.16693637,0.09904018,0.299328,0.09886059,0.2592294,0.19885308,0.45157993,0.1899981,0.34299985,0.3623808,0.46986467,0.34865496,0.121851705,0.4544751,0.17982112,0.44316363,0.46097335,0.4922451,0.6146638,0.48548627,0.5192073,0.70058256,0.71872705,0.68262184,0.6110771,0.92135584,0.83889943,0.87297744,1
0.25130558,0.10125389,0.22955309,0.088767774,0.24545205,0.09055872,0.19185041,0.09368429,0.35015237,0.0931715,0.27319872,0.19937955,0.51606894,0.18797675,0.33893725,0.3621548,0.5395076,0.3432293,0.10614172,0.463473,0.20959836,0.44818002,0.4643462,0.49297783,0.6486148,0.48430654,0.513254,0.7025121,0.7294984,0.6841724,0.5998021,0.91915494,0.8385805,0.8718924,1
0.14472748,0.104458004,0.14155193,0.089274935,0.16860573,0.08960056,0.20400028,0.09407955,0.38546026,0.089336164,0.2976375,0.20105167,0.5545734,0.18864612,0.3564285,0.36607468,0.6696259,0.3612371,0.12537894,0.46970865,0.5811689,0.4892819,0.4567513,0.49133402,0.6424498,0.48366427,0.48889074,0.69432926,0.72652566,0.68590015,0.5769612,0.9070747,0.8238312,0.8911183,1
0.25144446,0.117958546,0.23964885,0.105596595,0.24862236,0.10659104,0.27743986,0.10908247,0.40645984,0.108329676,0.3468812,0.20544305,0.58751494,0.194287,0.33691844,0.36520007,0.6700731,0.3614491,0.11472559,0.45070395,0.4892826,0.4823848,0.4812517,0.49674484,0.6580902,0.4886653,0.48976374,0.702455,0.74131334,0.6907976,0.57566327,0.899298,0.8009828,0.8790677,1
0.12608795,0.14640075,0.13581401,0.12679362,0.13138665,0.12791252,0.2560484,0.11137147,0.35570803,0.11082039,0.35250464,0.20069996,0.5606362,0.19039284,0.34625602,0.3615915,0.6290806,0.35732847,0.11461743,0.45423847,0.5389615,0.4796888,0.47925192,0.49574187,0.63328075,0.48822463,0.47477987,0.6969456,0.7007085,0.68922687,0.5738061,0.9062225,0.7867764,0.8902704,1
0.12366061,0.15185547,0.13698018,0.13128272,0.12610911,0.13283825,0.2746898,0.113917306,0.35215494,0.11462656,0.36757997,0.20107627,0.566315,0.19217575,0.34570026,0.36234075,0.6162205,0.35961887,0.11319499,0.45293665,0.52872026,0.47805712,0.4846172,0.49438727,0.63376147,0.48730528,0.46846125,0.6956093,0.70106745,0.6883932,0.5719311,0.9047241,0.7855753,0.8906497,1
0.10316083,0.15212244,0.10468201,0.13354215,0.1058642,0.13359226,0.22584838,0.11605272,0.35792208,0.11367554,0.32186478,0.19821474,0.57446057,0.18731837,0.340209,0.35020897,0.61020267,0.3500177,0.13815951,0.45083275,0.4722137,0.47007686,0.49601245,0.49144682,0.67504126,0.48382437,0.49750966,0.7011005,0.72556514,0.68577385,0.6166661,0.90980875,0.7672068,0.88742745,1
0.10616922,0.14252758,0.10907919,0.12468962,0.10105847,0.1270892,0.2072712,0.11352706,0.31558856,0.113878824,0.30412954,0.20347251,0.56079715,0.19089517,0.31307477,0.35698348,0.69163436,0.35209244,0.15616429,0.46327958,0.59941125,0.4916539,0.48730868,0.489659,0.66504997,0.47923896,0.4838765,0.69756335,0.7069856,0.67730504,0.5952768,0.9183072,0.8214057,0.8719609,1
0.098343804,0.14898482,0.10850429,0.13088536,0.08710911,0.13257746,0.20968264,0.11828622,0.2837927,0.11761674,0.29375684,0.20664872,0.53398657,0.19390377,0.29514816,0.36116496,0.6573496,0.3542037,0.092896804,0.46486092,0.46381328,0.4811506,0.47732118,0.49229366,0.64622295,0.48241222,0.48488063,0.695964,0.72235054,0.679498,0.6081683,0.91882193,0.8330583,0.8789039,1
0.102874406,0.15239649,0.111518204,0.13319206,0.09133322,0.1348578,0.22730507,0.11614623,0.3149716,0.11513644,0.30857483,0.20247401,0.57730865,0.18561278,0.2923964,0.3589272,0.6617654,0.34472203,0.081171446,0.47508702,0.42460093,0.48063496,0.48844922,0.49240106,0.6754805,0.48027083,0.48696584,0.696286,0.7197956,0.67718077,0.61421746,0.91892433,0.8284466,0.8798891,1
0.10213731,0.15367493,0.10634222,0.13467512,0.09949062,0.13578905,0.22785205,0.116971344,0.35598242,0.11414452,0.3224284,0.20246096,0.61717534,0.18216962,0.3074147,0.3599879,0.67600965,0.34061107,0.07966079,0.47383413,0.3647474,0.47276232,0.49142486,0.49047688,0.6953882,0.47612607,0.48108768,0.69341445,0.7166259,0.67321336,0.6130935,0.9172971,0.82311803,0.8781648,1
0.101372674,0.15197162,0.10838358,0.13327618,0.09392096,0.13456011,0.22424178,0.1165637,0.32458898,0.114628695,0.3186658,0.20220113,0.5670021,0.18325815,0.29910177,0.3581251,0.56798315,0.3373445,0.08789935,0.46537375,0.22589082,0.46370742,0.48621348,0.49478388,0.6653893,0.48146257,0.48444754,0.6967666,0.71122915,0.6767812,0.6154091,0.9196624,0.81896436,0.8772055,1
0.103946246,0.15460381,0.11118525,0.13491715,0.10588247,0.13606896,0.25082654,0.11552596,0.36524585,0.1136157,0.34277225,0.19940604,0.6161874,0.1834074,0.3000336,0.3523627,0.69703674,0.34438047,0.10127538,0.47394133,0.6196695,0.4928931,0.48868006,0.49027932,0.6775794,0.47697046,0.4752867,0.6952532,0.70552665,0.6720645,0.6173681,0.9228853,0.81919104,0.8728363,1
0.1001253,0.15551682,0.100150235,0.13597016,0.109175935,0.13699031,0.22796601,0.11691632,0.38514856,0.11423139,0.34591064,0.20294757,0.6295968,0.1840397,0.32842147,0.35805944,0.6796655,0.3412093,0.08804611,0.46887428,0.51422465,0.4765214,0.4956693,0.49305233,0.6935997,0.4781,0.47048664,0.6972616,0.7065932,0.6734745,0.61485934,0.92265356,0.8127358,0.8745388,1
0.09990881,0.15363637,0.10747389,0.13626222,0.11139276,0.1360455,0.24060705,0.12189936,0.37842667,0.115976475,0.34179932,0.20756148,0.6276077,0.18209714,0.27183956,0.36292866,0.62856495,0.3177311,0.070904225,0.47137707,0.3493882,0.42152938,0.49848783,0.5002267,0.69695944,0.4840367,0.47606695,0.70391095,0.7060834,0.6797837,0.6030311,0.9211795,0.8216446,0.87572724,1
0.14290507,0.11636295,0.13129705,0.100900844,0.15701786,0.1015431,0.17685041,0.09782734,0.39068225,0.09264369,0.26975065,0.20181228,0.6177729,0.1820356,0.2735894,0.37270278,0.73905486,0.3542543,0.11020268,0.47939894,0.60643476,0.4951993,0.47735405,0.49873087,0.71291506,0.4852383,0.487936,0.702384,0.7243894,0.6802342,0.6116589,0.9199444,0.8415851,0.8701645,1
0.095443815,0.13357054,0.09023973,0.116816044,0.11011176,0.11738077,0.18151623,0.106210046,0.3762011,0.100963496,0.28908458,0.20144969,0.61256707,0.17965412,0.2818802,0.37060338,0.7185959,0.35054514,0.09918605,0.48011178,0.58697194,0.4944771,0.480969,0.49921155,0.70018697,0.48423567,0.48781314,0.6999181,0.71924084,0.675512,0.6151266,0.9207749,0.83643025,0.86912435,1
0.10268592,0.14097509,0.09387266,0.12342,0.1233045,0.1246386,0.19582851,0.109696716,0.41198438,0.106272124,0.30873284,0.19903421,0.64817643,0.1812354,0.28565538,0.36037478,0.73439187,0.34933504,0.13761722,0.4714155,0.61857074,0.48773468,0.4807803,0.48748338,0.71017426,0.47409746,0.48398447,0.69751805,0.7128225,0.676924,0.6092267,0.92023665,0.82971424,0.8762431,1
0.09267145,0.14393525,0.091525726,0.12631863,0.11197414,0.12681994,0.22292283,0.11196437,0.41525537,0.10663232,0.3331411,0.20278244,0.6760514,0.1806684,0.28864715,0.37266797,0.73829275,0.34672534,0.102098554,0.4629163,0.49149492,0.45736885,0.5068112,0.49706095,0.74034846,0.48182514,0.47877324,0.7048955,0.72982764,0.6836297,0.60096765,0.92112046,0.82964694,0.87934625,1
0.092363626,0.14205876,0.08995052,0.124694064,0.10959223,0.12539448,0.20698544,0.111305475,0.39316824,0.10672264,0.32820666,0.20341863,0.6472791,0.18012246,0.3186134,0.38107932,0.67400116,0.33461267,0.08398887,0.47881034,0.36516273,0.40491685,0.50077224,0.5006356,0.72463775,0.48524705,0.48061362,0.7086315,0.7273043,0.6854768,0.599167,0.9259303,0.8397289,0.8786152,1
0.074646056,0.1473063,0.07413997,0.1287353,0.0854171,0.12946968,0.19049788,0.11545529,0.35736763,0.11104145,0.30754858,0.20792808,0.60687155,0.19008017,0.2985595,0.3723901,0.7191899,0.36175087,0.1237084,0.47101694,0.63374925,0.49181604,0.52228177,0.4934226,0.7258308,0.48104367,0.49364877,0.7026231,0.719322,0.6830919,0.59845394,0.9222149,0.83599716,0.8770505,1
0.09262854,0.15540738,0.09426787,0.13754,0.1052382,0.13715172,0.21055093,0.12201815,0.36494392,0.115659,0.3394834,0.21003437,0.59108835,0.18203668,0.3162004,0.3695804,0.52518994,0.30969325,0.12583944,0.43599424,0.19701232,0.36245665,0.5253439,0.4935626,0.7081396,0.47761658,0.49899292,0.70594513,0.7143713,0.68400246,0.6045389,0.9221891,0.8283945,0.87381965,1
0.09411544,0.15409933,0.09540748,0.13626374,0.10734704,0.13602634,0.21158293,0.12129698,0.36950752,0.11519928,0.33814436,0.20960541,0.60291016,0.18295278,0.3124889,0.36939877,0.5620392,0.3147585,0.12179278,0.4323614,0.24085946,0.36744595,0.5253103,0.4943816,0.71441174,0.47878742,0.49881414,0.70639676,0.71603614,0.6845613,0.602665,0.9219032,0.8304094,0.8735127,1
0.09023421,0.15032233,0.08729765,0.13271137,0.10563112,0.13348174,0.20393941,0.11759663,0.38174927,0.11344566,0.33521795,0.20536956,0.6306837,0.18283668,0.32773858,0.36734402,0.6362689,0.32809976,0.17252807,0.43899608,0.2883392,0.39252403,0.50965613,0.4980161,0.7162475,0.48286226,0.49268454,0.71088636,0.72211033,0.68754554,0.6026514,0.92502826,0.8344901,0.8793879,1
0.09628249,0.15826645,0.09887945,0.13895416,0.1017189,0.13972248,0.22848468,0.11767454,0.3647979,0.11483059,0.3395415,0.20143595,0.61275494,0.18479805,0.3030844,0.36448243,0.69083357,0.3533941,0.103820994,0.45350608,0.56609017,0.46777803,0.51403886,0.4975746,0.7057085,0.48469815,0.48862326,0.70555925,0.7187155,0.68374366,0.6065862,0.92347807,0.8360798,0.87715894,1
0.09862825,0.15705681,0.10352267,0.13862796,0.10871892,0.13914861,0.24503411,0.12058549,0.3876064,0.11636724,0.35966343,0.20694542,0.6438513,0.1881309,0.33075556,0.3742679,0.7356547,0.3621049,0.12753782,0.45411015,0.5691345,0.47765583,0.52397925,0.49973115,0.71998054,0.48482633,0.48626822,0.70858175,0.71939343,0.68321836,0.60891384,0.9249565,0.8289826,0.8738737,1
0.10840673,0.14551245,0.11304646,0.1307301,0.12722145,0.1308557,0.23761262,0.12180324,0.38341454,0.115999214,0.36202782,0.20883285,0.59908056,0.1850348,0.28574854,0.36322844,0.46882108,0.31577632,0.12836377,0.3980761,0.14724867,0.33728877,0.52326137,0.49943438,0.6985246,0.4834794,0.49964488,0.7124784,0.71309835,0.68602204,0.61013323,0.9259535,0.82875407,0.8726911,1
0.10384826,0.14929496,0.10232014,0.13162532,0.11561472,0.1321116,0.22087087,0.115676075,0.383665,0.11112871,0.34691966,0.20270301,0.62037414,0.17804784,0.30490294,0.3615632,0.60290426,0.3136265,0.17372787,0.41984683,0.29054022,0.3560391,0.5277681,0.4915909,0.7189908,0.47604018,0.49736723,0.70736367,0.71784604,0.68223625,0.61242425,0.92322886,0.8429543,0.87420976,1
0.6794652,0.06873145,0.69257414,0.05774088,0.6551211,0.05437865,0.61798257,0.06452541,0.61908853,0.058097646,0.47419327,0.17622848,0.63296854,0.16397128,0.28301606,0.35808727,0.49298805,0.32027197,0.20417438,0.4156967,0.2595736,0.33818236,0.5204723,0.49015048,0.6542404,0.4847993,0.5088693,0.70646304,0.71200097,0.68994594,0.5978957,0.9206068,0.82241553,0.87597466,1
0.11998904,0.14080754,0.1194686,0.12589073,0.13611497,0.1265564,0.22099443,0.11922474,0.39185053,0.11436987,0.32346368,0.20771919,0.6322157,0.19072562,0.28046373,0.35885984,0.73050356,0.3555653,0.16460486,0.4245758,0.5745986,0.47343224,0.5075366,0.49630317,0.7144778,0.48339167,0.49773696,0.70408094,0.725139,0.6826735,0.6083167,0.9213824,0.84248936,0.8761244,1
0.094377205,0.14959873,0.097486004,0.13255101,0.099497035,0.13349186,0.21633418,0.11867224,0.3502078,0.11471786,0.34025216,0.20690437,0.6251179,0.18701015,0.3230457,0.36699754,0.6930802,0.34055746,0.15280598,0.41605094,0.37864077,0.40567046,0.5355294,0.48668566,0.7311626,0.47286582,0.5003831,0.701851,0.73293275,0.68016225,0.6087195,0.9206889,0.8327514,0.8755974,1
0.12521344,0.1269834,0.12363563,0.11254459,0.14107776,0.11265498,0.20474719,0.10853376,0.37720934,0.10231204,0.29048577,0.20567417,0.6127018,0.1892551,0.27362946,0.37054676,0.73807573,0.36353865,0.16813341,0.45869285,0.68204707,0.49004936,0.5100795,0.4991838,0.7310949,0.48731,0.49990234,0.70793515,0.7357167,0.6839555,0.601228,0.9264683,0.84980696,0.8720037,1
0.124897115,0.14344788,0.11978159,0.12922801,0.13695896,0.13072649,0.20503333,0.12186656,0.37203258,0.11934214,0.31644434,0.20885997,0.609519,0.19540928,0.29095468,0.360335,0.6882602,0.35223636,0.15719117,0.42817605,0.55625653,0.44871053,0.51356536,0.4936633,0.71684545,0.4826773,0.49421525,0.7047492,0.73485595,0.68467987,0.6017971,0.91896045,0.843355,0.8737083,1
0.13204363,0.14540729,0.12702878,0.13097063,0.14179556,0.13245921,0.20692636,0.121963836,0.36813825,0.11971044,0.31269547,0.20895824,0.60981715,0.19613294,0.28533015,0.36222374,0.69794726,0.35615495,0.16341764,0.42849883,0.56890935,0.4542262,0.5113751,0.49597278,0.7176591,0.48519307,0.4958135,0.70540994,0.73762095,0.6847041,0.6043595,0.9191495,0.8447395,0.872682,1
0.21329829,0.10883675,0.20415641,0.097093865,0.21983695,0.096514605,0.21740314,0.10082226,0.37991443,0.09454221,0.2723882,0.20275669,0.5627624,0.18863949,0.2665817,0.3630705,0.7058105,0.35663703,0.15045884,0.43922448,0.7454406,0.4692823,0.48659265,0.49578518,0.6911365,0.48662522,0.49673462,0.7070869,0.7312369,0.68623096,0.59333634,0.92025536,0.84908897,0.869895,1
0.16536352,0.12650748,0.16291858,0.11490669,0.18528014,0.11409283,0.22778513,0.114440784,0.40900674,0.10642119,0.28167233,0.20468922,0.6361147,0.18769313,0.24676678,0.35208145,0.77464265,0.34291288,0.15622497,0.44578502,0.7509544,0.4706967,0.4858991,0.49521562,0.72640973,0.48386732,0.49318892,0.70914364,0.7417435,0.6864042,0.6010818,0.9238662,0.8512832,0.8729639,1
0.29675415,0.10858302,0.27924046,0.09811682,0.3045258,0.097495176,0.24117376,0.096894026,0.42294472,0.092659086,0.27612886,0.18550627,0.5982826,0.17669785,0.31019446,0.35517153,0.731288,0.35830584,0.23524435,0.45503113,0.59934944,0.47522068,0.45320994,0.4869214,0.68862075,0.4824228,0.48198506,0.6987412,0.7527384,0.68749464,0.5944009,0.9070094,0.8650726,0.8852692,1
0.14290011,0.13357134,0.1388255,0.12089243,0.15373494,0.120344736,0.2038144,0.117026806,0.36802903,0.10983853,0.286971,0.21065255,0.57740265,0.18924241,0.25396422,0.36964414,0.6115989,0.34469464,0.1620912,0.41801462,0.36256585,0.42001122,0.49959692,0.49788946,0.70100516,0.4847273,0.4917151,0.70726895,0.7205234,0.6831213,0.5996427,0.91616726,0.8388876,0.8671915,1
0.34362146,0.110596135,0.3393056,0.09913444,0.3321765,0.09851923,0.3085371,0.106245846,0.40190175,0.102857925,0.29723945,0.20742965,0.57559496,0.19511193,0.2868759,0.37425303,0.7015895,0.36429554,0.17895569,0.4765249,0.47978967,0.48758286,0.46623468,0.4927889,0.6653082,0.48669806,0.4882515,0.70303583,0.7339487,0.6873339,0.5622647,0.90758556,0.8453195,0.8823792,1
0.28789914,0.12528086,0.2818037,0.11438384,0.28742045,0.11287455,0.28599644,0.11309633,0.41136414,0.10714393,0.292716,0.20544633,0.5756124,0.1921781,0.24990486,0.3697362,0.6663578,0.36111858,0.18471384,0.47837052,0.5008601,0.48922583,0.46570033,0.49736145,0.6716063,0.48954818,0.47509152,0.70574224,0.7303334,0.68769336,0.5682704,0.9136361,0.83864725,0.8726183,1
0.11821841,0.12840323,0.11158769,0.11532941,0.13246405,0.11517162,0.17298625,0.112865634,0.35227233,0.10636267,0.2690929,0.20836538,0.54991746,0.19091459,0.2672914,0.37419552,0.6430411,0.36483306,0.12707709,0.45217904,0.5032892,0.4832469,0.48840982,0.4950933,0.684646,0.48337588,0.49254912,0.7021604,0.72221535,0.679947,0.5900103,0.91676897,0.84867394,0.86373395,1
0.09347186,0.13415547,0.089872494,0.11959,0.11554841,0.119297124,0.18549688,0.11556912,0.38457543,0.107949264,0.28802028,0.21306673,0.61073273,0.19310455,0.27334332,0.38501033,0.71349853,0.3707483,0.12968227,0.4734751,0.5298224,0.49070293,0.5047703,0.499509,0.72529894,0.48605558,0.48755354,0.70303476,0.7276821,0.67980456,0.5954682,0.91674227,0.84748334,0.867203,1
0.14148583,0.12790127,0.14537947,0.11328459,0.1620194,0.11289301,0.2560277,0.10835628,0.42527956,0.10100856,0.33295608,0.20501113,0.64853674,0.18500547,0.26920095,0.36999917,0.7127796,0.3514836,0.1504219,0.4627292,0.5277889,0.4709193,0.5042795,0.49721912,0.72169423,0.48337758,0.4860326,0.70461625,0.72556823,0.6813206,0.5894678,0.9124543,0.82252306,0.8668148,1
0.07162576,0.103990175,0.078559,0.08832264,0.09962131,0.087661654,0.18623346,0.09461575,0.37225735,0.08560424,0.30012974,0.1999938,0.5832999,0.17698114,0.296822,0.3716204,0.6306582,0.34367663,0.13375835,0.4857212,0.44614452,0.46654615,0.50135696,0.49529308,0.6929578,0.4822294,0.5083806,0.7015585,0.7259309,0.6809133,0.59310204,0.90788555,0.8142135,0.8755965,1
0.24872716,0.11339583,0.23772252,0.10255899,0.25402987,0.10152855,0.23241816,0.10525493,0.3872607,0.098706625,0.28141478,0.20380668,0.5390194,0.19025508,0.26065725,0.36751342,0.63366634,0.36136535,0.15740238,0.4651137,0.5902629,0.48823425,0.49244618,0.4880018,0.67666036,0.4798779,0.5080727,0.695687,0.7270794,0.6751764,0.61071384,0.9158631,0.8530046,0.86361027,1
0.22795017,0.11363439,0.2165975,0.102315046,0.23338418,0.10148525,0.21542735,0.104279,0.37372375,0.09809661,0.27089956,0.20278463,0.5330239,0.19022207,0.27052045,0.36976,0.64408416,0.36403406,0.15350005,0.47830877,0.61424404,0.49145028,0.48906708,0.48919958,0.6776596,0.481421,0.5028993,0.69530034,0.7259518,0.6751892,0.61054105,0.91718805,0.8531621,0.8653366,1
0.2551887,0.107495114,0.24699245,0.09658422,0.2633368,0.095811084,0.25234812,0.10062532,0.41089538,0.09444613,0.29279327,0.20226702,0.5824737,0.19055824,0.2452534,0.36569583,0.6886432,0.36516762,0.16311286,0.46329513,0.6245198,0.4964389,0.48609284,0.490095,0.68955904,0.4818202,0.5028159,0.6955803,0.7314406,0.67658734,0.6041848,0.91550064,0.85792315,0.8646095,1
0.3587598,0.11913242,0.35048515,0.10969223,0.36460444,0.108512305,0.33484125,0.11168832,0.48039088,0.10600118,0.32922435,0.20339437,0.6129379,0.19388227,0.22578457,0.3598946,0.6830402,0.36779293,0.17307164,0.45711413,0.58801484,0.50297767,0.47566378,0.490386,0.6719879,0.48321757,0.5025623,0.6958254,0.7215562,0.6776113,0.5909048,0.9146838,0.8335929,0.86655307,1
0.16992508,0.11657067,0.1613083,0.10604376,0.18366203,0.10555262,0.19080345,0.1108881,0.36906174,0.10437637,0.24699514,0.20554031,0.55755,0.19275054,0.22030608,0.36325634,0.67840946,0.36589885,0.09911621,0.45305127,0.60217834,0.4893282,0.46450356,0.4883706,0.6783691,0.47912836,0.48099592,0.6955467,0.7196784,0.6746355,0.5916035,0.9135453,0.8401195,0.8648342,1
0.48084718,0.12710142,0.47582158,0.116617106,0.47801012,0.11423492,0.43639824,0.114417985,0.5380376,0.10926909,0.39276263,0.20557842,0.62794495,0.19745493,0.37299296,0.3790879,0.71286386,0.38223696,0.47428513,0.5079435,0.610211,0.51753664,0.46409824,0.50147665,0.64507896,0.49656436,0.4937398,0.6961681,0.7235102,0.6801733,0.57676136,0.90687454,0.8322447,0.8641129,1
0.5435164,0.12856561,0.5337998,0.12084313,0.55309206,0.12060805,0.46500733,0.117775254,0.59902745,0.11611929,0.42155075,0.1921093,0.6690828,0.19180432,0.46079078,0.36139187,0.760257,0.362655,0.53818196,0.5034219,0.65818,0.5033202,0.50352764,0.49160814,0.67321235,0.48774233,0.5459028,0.701695,0.7206381,0.683565,0.64762616,0.9194488,0.8297219,0.86215204,1
0.558412,0.10745598,0.5481685,0.09650341,0.54560447,0.09461174,0.44642484,0.0989357,0.5490194,0.09452606,0.34586513,0.20246454,0.6094435,0.19525132,0.25203875,0.38042384,0.6757581,0.38318896,0.37606162,0.5125387,0.61542577,0.5240246,0.4706825,0.50921565,0.6593366,0.50575066,0.51757264,0.7076807,0.7335752,0.6848615,0.59516495,0.91827697,0.84419006,0.8631967,1
0.47633147,0.10844393,0.45568383,0.0984819,0.47100163,0.09781752,0.3382309,0.10523458,0.4868345,0.102058224,0.3234815,0.20465142,0.59317875,0.19604754,0.39243665,0.37800586,0.7217471,0.37641037,0.5082326,0.52548367,0.6127127,0.52367663,0.45490515,0.50598204,0.6485548,0.50297564,0.5232323,0.7099474,0.7407576,0.6912196,0.6202403,0.9054579,0.84223336,0.8785235,1
0.39366114,0.12225551,0.3869496,0.11232266,0.4030481,0.11059789,0.392043,0.113108635,0.546612,0.10625276,0.35596585,0.20538968,0.67258596,0.19411343,0.22924955,0.35976967,0.73722595,0.37273157,0.27716026,0.44438943,0.59244365,0.5108442,0.4832725,0.50178444,0.69789064,0.49328384,0.5024185,0.70368373,0.7303968,0.6829587,0.5973474,0.91530967,0.8360078,0.86722004,1
0.5061745,0.10093293,0.5052332,0.09085436,0.50529474,0.08821315,0.46210912,0.08995662,0.56648856,0.08275547,0.3794844,0.18751563,0.6289085,0.17768659,0.2971571,0.3716251,0.6903043,0.37057558,0.47718054,0.5191984,0.62533456,0.5162884,0.47281137,0.5049247,0.65356857,0.49950382,0.51107424,0.7056383,0.7190376,0.6842249,0.601599,0.91378284,0.831273,0.8621802,1
0.13454506,0.11488495,0.13418478,0.10006189,0.14970818,0.10203209,0.21841307,0.106493525,0.36067584,0.10358463,0.3296263,0.22097006,0.5650019,0.20514683,0.3678915,0.40682855,0.65335655,0.3891703,0.45737392,0.53110296,0.5461824,0.52395576,0.5013344,0.52117115,0.66058326,0.51037186,0.54016733,0.716743,0.7184552,0.69839835,0.64209574,0.91322994,0.8135587,0.88074267,1
0.35083476,0.11339403,0.3548654,0.10274992,0.3534297,0.10217062,0.37697247,0.10959988,0.46860814,0.10415421,0.3923832,0.21730925,0.57875484,0.20236617,0.4166081,0.39628974,0.5708546,0.37904766,0.47616038,0.5292412,0.4930263,0.5198615,0.50294083,0.52166593,0.6496688,0.51303446,0.5436001,0.71688634,0.72052866,0.697679,0.64085466,0.9109627,0.8105871,0.87794185,1
0.5478335,0.18660127,0.543714,0.17889252,0.5531987,0.17796963,0.5025844,0.17575985,0.6117068,0.1731195,0.47498128,0.24455124,0.68582493,0.24317133,0.59654677,0.40034053,0.79554486,0.40509215,0.5218695,0.5245795,0.6110984,0.5242668,0.52332735,0.52278805,0.68100184,0.516887,0.5563743,0.7201701,0.73872405,0.69725543,0.65379024,0.92465794,0.8408071,0.86888397,1
0.64309347,0.10199471,0.6373745,0.09035454,0.62594414,0.08923197,0.5387405,0.098097175,0.61071074,0.09615951,0.4080142,0.20507109,0.6174693,0.19603844,0.27310342,0.37578648,0.5350657,0.37032005,0.24220568,0.4936865,0.5336502,0.500811,0.50385195,0.50237185,0.6624073,0.50106275,0.5407289,0.7087121,0.7419291,0.69162303,0.63927513,0.91313446,0.8450049,0.88837636,1
0.57422864,0.08650423,0.5611341,0.07515726,0.57479167,0.074186996,0.49162838,0.0818295,0.6431139,0.07916112,0.39538044,0.19023147,0.6693711,0.18047653,0.26007915,0.36606956,0.63962966,0.36127216,0.23872828,0.47881556,0.62393063,0.49266225,0.5018571,0.49468994,0.69636995,0.49181786,0.524339,0.7048234,0.7433344,0.69116914,0.6243523,0.91465056,0.84715116,0.8923169,1
0.24330303,0.09633942,0.24582882,0.085605145,0.24106252,0.08405514,0.27278033,0.08898386,0.34749755,0.08187294,0.2981559,0.19226876,0.45331094,0.18203555,0.27352917,0.36303833,0.45590508,0.3612271,0.3689878,0.5057294,0.48423183,0.5029376,0.497191,0.4996455,0.6227615,0.4952775,0.5182719,0.7053293,0.7041504,0.68797326,0.62048024,0.9122106,0.8362599,0.8735644,1
0.35272637,0.114322856,0.34330732,0.10376763,0.3605901,0.102085024,0.33650798,0.10280004,0.48804992,0.09571123,0.33896407,0.20092663,0.5977801,0.18673563,0.25062224,0.38077688,0.6629689,0.36878133,0.14016576,0.50484365,0.73238933,0.5035234,0.5092553,0.51085705,0.69328403,0.5032723,0.5236363,0.7139064,0.7365461,0.6937477,0.6204401,0.92142206,0.85271233,0.8735442,1
0.2988876,0.11297421,0.28941047,0.10186839,0.31824943,0.10124416,0.29919764,0.10713816,0.4855094,0.1013731,0.32967743,0.20869723,0.6110796,0.19435404,0.27769908,0.38429615,0.6630683,0.37121665,0.15204918,0.50183064,0.71156955,0.50469255,0.5039633,0.5109495,0.69774556,0.5039549,0.5322167,0.71442586,0.73779136,0.6973456,0.6404219,0.9143087,0.8453001,0.8852612,1
0.14374004,0.121951774,0.14315994,0.10806102,0.15924622,0.10817857,0.22176152,0.10761404,0.38302398,0.10168109,0.30190912,0.20662145,0.5948795,0.18936753,0.24239916,0.37027976,0.67641646,0.35738617,0.1203263,0.46888262,0.56671953,0.4853257,0.5048248,0.49705648,0.70327467,0.485799,0.51627374,0.7053215,0.73704565,0.68463546,0.6271861,0.9180502,0.8526577,0.8762476,1
0.19027592,0.107134916,0.18404531,0.09478216,0.19113281,0.09533477,0.20900565,0.09766188,0.33577976,0.09390622,0.28421953,0.20347014,0.50899583,0.19048712,0.25340596,0.37206018,0.4998263,0.35715362,0.15419921,0.4656756,0.33742473,0.46225673,0.4940077,0.5003294,0.66217774,0.4917926,0.5211268,0.7079148,0.7245238,0.68714106,0.6177043,0.91707575,0.83939964,0.8701193,1
0.15051937,0.09286055,0.1406769,0.07883745,0.16439544,0.079912044,0.18743172,0.08484907,0.37478116,0.08083077,0.2609965,0.19752492,0.58260924,0.18547754,0.19887218,0.3630185,0.66275305,0.36407042,0.12243445,0.46442834,0.62417024,0.5036079,0.48569947,0.49527654,0.70250404,0.48581266,0.5099823,0.70512,0.7298343,0.68452597,0.6189693,0.91822165,0.838374,0.8704532,1
0.1893842,0.08744048,0.18220842,0.07390237,0.1978757,0.07436099,0.21386044,0.075558424,0.37408477,0.070992425,0.26790568,0.19038181,0.5551384,0.17708005,0.20513679,0.3793313,0.6136215,0.3702123,0.17356193,0.49292788,0.5734042,0.50819945,0.4758328,0.5017638,0.6785749,0.49298286,0.50658923,0.70624894,0.71824896,0.68600136,0.614386,0.9201936,0.83858526,0.8718605,1
0.479433,0.11341043,0.4580138,0.102257825,0.47264615,0.10156079,0.34702373,0.10278597,0.49500644,0.09938469,0.2962644,0.20203348,0.58939254,0.1899147,0.22129412,0.37289214,0.64664716,0.358961,0.24213924,0.50781,0.5961387,0.49034968,0.44781542,0.5015757,0.6527109,0.49875957,0.4933112,0.7051003,0.7173876,0.6929588,0.5971723,0.90590143,0.8240333,0.8873976,1
0.15571854,0.09130716,0.14059989,0.0758872,0.16785829,0.0773851,0.14156634,0.084082454,0.3446481,0.08065267,0.23609106,0.19915982,0.5593177,0.18078202,0.2813068,0.3658737,0.6832813,0.32949862,0.2141129,0.4859033,0.5008119,0.43055183,0.44631428,0.49798536,0.6653738,0.4885814,0.49916986,0.70527864,0.7253566,0.6921134,0.61891305,0.9101404,0.833073,0.88548815,1
0.09930223,0.10976878,0.08476003,0.0942625,0.13039887,0.09514323,0.12500457,0.10142527,0.38297147,0.09525933,0.20902987,0.20987259,0.60144824,0.18945499,0.23249473,0.3764871,0.71559143,0.35318798,0.2398564,0.50521195,0.5495449,0.4923102,0.43470863,0.5010573,0.6944353,0.49070245,0.47980678,0.70617545,0.7113121,0.6941018,0.5892688,0.9134669,0.817245,0.8935082,1
0.08998321,0.10069222,0.08204984,0.08537078,0.12869026,0.08544321,0.14276999,0.09646802,0.40605968,0.0876945,0.23633668,0.20653896,0.634213,0.1849643,0.21592203,0.3762648,0.7895495,0.35718223,0.14273556,0.49187204,0.7472884,0.5091192,0.4398117,0.49592692,0.6970065,0.48461285,0.49138704,0.69818914,0.7098449,0.6859774,0.59101444,0.9148508,0.82021743,0.88903606,1
0.07453392,0.10902214,0.07064783,0.09153963,0.09669708,0.09240183,0.16856329,0.088039644,0.36898753,0.08251777,0.24493352,0.19480029,0.5989104,0.17680283,0.17566516,0.36488754,0.6533147,0.3528436,0.2208631,0.50709665,0.5111428,0.50253296,0.47390735,0.4969412,0.70828944,0.48472703,0.50275105,0.70300347,0.7220309,0.677474,0.6116445,0.91732043,0.8344209,0.8685697,1
0.09326129,0.107072406,0.088256404,0.09003172,0.106060304,0.09187126,0.15175967,0.08548889,0.30920157,0.083818436,0.23873694,0.19010025,0.46369666,0.1829988,0.18974714,0.35497975,0.32543546,0.3608859,0.30734676,0.50819165,0.32413182,0.51680684,0.48603058,0.49048874,0.65775883,0.48415223,0.52784264,0.6973744,0.72234553,0.672779,0.6187552,0.9168877,0.82609373,0.85709125,1
0.09483337,0.10920034,0.08989252,0.09215861,0.10859705,0.09379841,0.15336323,0.08742357,0.31197223,0.085339695,0.23944756,0.19208004,0.4659983,0.18451625,0.18665321,0.35604933,0.3285955,0.36161458,0.29196778,0.50095075,0.31481275,0.51224166,0.487182,0.48867378,0.659425,0.48215282,0.530023,0.6951232,0.72367954,0.6701859,0.6203883,0.91667175,0.82376575,0.8569046,1
0.09417463,0.12226406,0.08547941,0.10494352,0.11563785,0.105501845,0.16258548,0.098165035,0.3784514,0.092261985,0.23497923,0.20227508,0.61930966,0.1831812,0.16891654,0.37072766,0.69316626,0.355436,0.18505602,0.5013442,0.5971885,0.50205004,0.47688496,0.4879241,0.7318365,0.47496864,0.4959985,0.6969004,0.7362507,0.66807437,0.61082363,0.9151553,0.82112783,0.85933864,1
0.099715725,0.11905193,0.09081727,0.10269346,0.13165933,0.10151796,0.15325303,0.10181336,0.40855545,0.091776796,0.21562578,0.20574646,0.6223227,0.17880124,0.14372133,0.371261,0.69459224,0.34284362,0.14054343,0.493051,0.6070819,0.4942799,0.4522286,0.48707458,0.7193998,0.47361597,0.47792956,0.6915726,0.72100604,0.67192566,0.5847782,0.90277106,0.81695,0.87478805,1
0.5547755,0.1027092,0.56136775,0.09372072,0.5336455,0.0904602,0.48962247,0.09494399,0.5165329,0.08786097,0.38233486,0.1883399,0.53743607,0.17608328,0.30461833,0.36289322,0.4895675,0.34957722,0.41637063,0.5022973,0.46242368,0.49426425,0.45655477,0.4846257,0.5901624,0.47975156,0.48571348,0.6897087,0.6851019,0.66925484,0.5705563,0.90355706,0.8003336,0.853295,1
0.08541363,0.06299076,0.08697843,0.050555944,0.0806153,0.05210371,0.13499692,0.05043411,0.22457331,0.047939822,0.24467295,0.15675683,0.42248672,0.14777088,0.30209288,0.33528993,0.51606953,0.32808125,0.3099964,0.48062837,0.4064635,0.45860526,0.42629936,0.4672286,0.5648715,0.45801276,0.44962162,0.6784709,0.6502734,0.65329474,0.56469804,0.9111245,0.79364634,0.8511413,1
0.33946377,0.037868023,0.38899925,0.027151635,0.29353204,0.027623322,0.4517024,0.026925137,0.21139757,0.025344564,0.55291116,0.12687726,0.15022226,0.12998296,0.6767766,0.32961848,0.09912632,0.33457565,0.60215217,0.4815762,0.19565453,0.48223147,0.57150155,0.4723524,0.34938836,0.4754406,0.58219564,0.6685526,0.50182164,0.66608524,0.6399571,0.9020461,0.6449166,0.8623368,1
0.25818947,0.037503865,0.30215204,0.02637439,0.2171899,0.027455522,0.3703218,0.027301218,0.16458651,0.02635975,0.49669567,0.12924863,0.13775116,0.13212691,0.62092423,0.33010364,0.09107911,0.33300805,0.50993454,0.48662665,0.19283786,0.4847914,0.5615147,0.47207895,0.36490598,0.47462323,0.57310784,0.6687871,0.50910044,0.66472983,0.6379385,0.9040576,0.6571499,0.8614571,1
0.56068695,0.12877926,0.5928104,0.11749787,0.5196438,0.115641974,0.57322574,0.112645954,0.40858606,0.108492896,0.5503083,0.19719014,0.29007772,0.19732738,0.60669225,0.35277253,0.15378754,0.36399832,0.58265084,0.47103515,0.24000992,0.49682263,0.54140705,0.49957874,0.41654912,0.50241494,0.52453893,0.6932091,0.5622327,0.68602026,0.5851414,0.9089015,0.6694247,0.86768854,1
0.07277051,0.094191454,0.06770166,0.07837797,0.09640412,0.07894154,0.12984942,0.07926536,0.324551,0.07325535,0.18253046,0.19362794,0.5305748,0.17782703,0.17441891,0.36981905,0.63707876,0.35816085,0.28928015,0.51745117,0.68049264,0.5129388,0.37096384,0.49142504,0.61217,0.48039445,0.39935777,0.6972642,0.62862206,0.6725965,0.48371875,0.92033607,0.7570062,0.86725867,1
0.38247123,0.13572231,0.36545047,0.123977974,0.39450783,0.123435065,0.2815501,0.106911875,0.4390381,0.10606077,0.25511968,0.16790111,0.5010896,0.16230746,0.24708143,0.2705044,0.46683225,0.27034035,0.2763061,0.36629656,0.43831068,0.4095222,0.3521492,0.4150353,0.53400433,0.4144815,0.45487157,0.6692375,0.61192435,0.6659136,0.5412869,0.884045,0.6632021,0.8762971,1
0.22532828,0.084961034,0.20973046,0.073632054,0.24066027,0.07266412,0.17800179,0.07729564,0.37178242,0.070465565,0.1640229,0.18948585,0.5071764,0.17505307,0.15636885,0.38296765,0.60382646,0.3740047,0.29508793,0.5278857,0.57690376,0.52662444,0.32927138,0.49247077,0.5719828,0.4852297,0.40387878,0.69392943,0.6567736,0.6748221,0.46189228,0.9139866,0.7620135,0.8793879,1
0.10108271,0.104793645,0.08448548,0.08923044,0.13255201,0.09030037,0.12364459,0.09458843,0.37620637,0.08789954,0.16908494,0.1987892,0.5668055,0.17311876,0.1324599,0.36135313,0.673279,0.33370012,0.2799595,0.51575726,0.5243441,0.50675035,0.3886649,0.48685807,0.64313084,0.47259572,0.44471306,0.6986831,0.6654377,0.6808891,0.518995,0.9172455,0.781144,0.8806464,1
0.10431009,0.11042161,0.09322093,0.09650888,0.14367265,0.09233596,0.12180203,0.102139495,0.38854888,0.082927585,0.18489057,0.212085,0.5737298,0.17788629,0.09095121,0.36548582,0.6714573,0.33807522,0.13708746,0.48193187,0.5263653,0.5046618,0.40306252,0.49696437,0.6564508,0.48328796,0.45434138,0.69086033,0.6778121,0.69179595,0.5289417,0.89738923,0.7988266,0.8870173,1
0.12723275,0.05659785,0.1335099,0.041967534,0.1457531,0.04122357,0.21941891,0.036213063,0.3447204,0.029642057,0.23617972,0.13304971,0.4828131,0.11560254,0.14460453,0.2982677,0.4669897,0.28498498,0.26484287,0.47472054,0.41136882,0.4604259,0.3937882,0.4378466,0.5749649,0.4275047,0.42740917,0.66704565,0.65683925,0.64206165,0.48465472,0.901033,0.7707065,0.8616969,1
0.4806718,0.03155427,0.4766431,0.021076348,0.47264904,0.018369675,0.3646783,0.014242316,0.4692217,0.007347822,0.24980684,0.10079975,0.47655165,0.08582063,0.19258565,0.30190125,0.4682959,0.28846553,0.29315934,0.48323745,0.4013119,0.47310218,0.360247,0.43382382,0.53617555,0.4302938,0.42214552,0.67209804,0.6511932,0.65474004,0.4556986,0.89618844,0.74192643,0.86832225,1
0.21174881,0.07414584,0.20155048,0.0600584,0.23678003,0.061167236,0.21494168,0.07346058,0.42302164,0.07068749,0.24893631,0.18952079,0.5516626,0.1772781,0.14258905,0.3462755,0.54276353,0.34484366,0.10939442,0.45749813,0.37709275,0.4939211,0.41442284,0.48852342,0.6160981,0.47976193,0.48057306,0.7038293,0.6789019,0.68251896,0.545505,0.92003894,0.77505773,0.8860324,1
0.20281899,0.10510378,0.19110921,0.09192576,0.22826299,0.092204675,0.22093421,0.098236375,0.45063654,0.09169769,0.22367372,0.20638396,0.65210044,0.18411066,0.10328703,0.3546688,0.7154714,0.33329743,0.10694149,0.44350198,0.55248874,0.4537142,0.42361832,0.48768413,0.70448023,0.4727794,0.46961045,0.70595574,0.7219805,0.67102385,0.5341978,0.9258923,0.78953063,0.8709765,1
0.18525138,0.1032619,0.17175747,0.088276535,0.21850093,0.08944068,0.19477013,0.09789267,0.44870642,0.09196086,0.21288651,0.206248,0.63654405,0.18089055,0.12029034,0.35601696,0.7320703,0.32968813,0.09349397,0.4487513,0.56413543,0.45846817,0.42580247,0.48088276,0.69286186,0.46477368,0.48012573,0.692026,0.70414,0.66223216,0.563505,0.9185026,0.7962498,0.87662333,1
0.17085394,0.065552905,0.22040391,0.050658606,0.1482078,0.051917933,0.31978342,0.06425471,0.19799747,0.06386208,0.39850238,0.17339872,0.292385,0.16566767,0.39203748,0.33205053,0.15234913,0.31055468,0.22166286,0.48834932,0.12685813,0.4459026,0.47911012,0.46595427,0.44492182,0.46027255,0.48944712,0.68880826,0.6458663,0.672326,0.51586354,0.91090775,0.73668844,0.8766731,1
0.17063276,0.08565788,0.16307333,0.07206245,0.2037273,0.07200985,0.20515364,0.08158827,0.4522099,0.07363996,0.23984078,0.19544151,0.6441208,0.17155236,0.21830896,0.34825686,0.66892874,0.3147427,0.1899791,0.49276906,0.4128648,0.46489683,0.4111848,0.47942233,0.69075316,0.46318704,0.4371646,0.6956987,0.70260495,0.66481143,0.48915172,0.919076,0.7996104,0.86765,1
0.2629292,0.088932745,0.25012875,0.07498336,0.30118072,0.07600598,0.25939876,0.0889749,0.5287945,0.083527654,0.2523079,0.19880909,0.71850634,0.18005478,0.15033226,0.3431858,0.82673156,0.32606152,0.08574664,0.43665293,0.68749267,0.4444449,0.43284577,0.4731105,0.7357576,0.46205345,0.48209566,0.6884261,0.76193553,0.67652553,0.55276877,0.91316736,0.8404172,0.891801,1
0.61842394,0.07039471,0.5889372,0.058087163,0.6082172,0.057765868,0.41846034,0.07100673,0.6102621,0.07002383,0.29681316,0.18320192,0.72655255,0.17005378,0.14157999,0.33990538,0.8172505,0.33281976,0.14999159,0.40710104,0.69627833,0.47715244,0.4658682,0.4673958,0.7462071,0.4617319,0.51574403,0.68734723,0.7793304,0.6731088,0.57768875,0.91304994,0.79492646,0.8849887,1
0.50425255,0.060628366,0.48296115,0.049732253,0.52452934,0.049642134,0.38833392,0.06357493,0.6438576,0.06016531,0.28373197,0.17015149,0.7690261,0.16062917,0.12338975,0.3201277,0.8647911,0.32680035,0.11590011,0.41480732,0.79904336,0.48197126,0.43879667,0.45503712,0.75466585,0.449177,0.49542418,0.67355824,0.769512,0.6604603,0.5532442,0.90658814,0.7834448,0.88299596,1
0.43867618,0.06534323,0.42010063,0.055427123,0.47073185,0.0538105,0.36170387,0.07145719,0.63835996,0.0622787,0.28727025,0.17915273,0.7609238,0.16029443,0.1173749,0.3363729,0.84828234,0.3292752,0.11907432,0.3918493,0.8129346,0.45722365,0.4630738,0.4533812,0.7696661,0.44396368,0.49925765,0.6624562,0.7676854,0.6498183,0.5562748,0.9064214,0.78186756,0.8781296,1
0.16006342,0.13017622,0.16558634,0.115530595,0.14224741,0.1166708,0.20453255,0.10712605,0.2302519,0.104877666,0.32753098,0.20568325,0.34495983,0.18730603,0.39263284,0.38156047,0.3910044,0.35834765,0.12327772,0.43919557,0.17236495,0.43535697,0.5046431,0.5189075,0.5277158,0.50342053,0.5370614,0.72220016,0.6616381,0.6660532,0.7440962,0.9162393,0.8046291,0.83248216,1
0.19245787,0.14024803,0.194823,0.12591587,0.17238507,0.12763472,0.22184677,0.11388551,0.2435428,0.113056764,0.3402671,0.20632663,0.35260934,0.18946734,0.39291787,0.37971687,0.38567844,0.35915667,0.13581039,0.43581545,0.17596442,0.4293676,0.5143211,0.5217397,0.53505677,0.5065527,0.54118973,0.7259645,0.66059047,0.66695,0.74484634,0.91723925,0.8060358,0.8297556,1
0.17037913,0.12848812,0.18627709,0.11412802,0.1570603,0.11430593,0.25430116,0.109272,0.2584611,0.10569763,0.36172715,0.21089974,0.3733887,0.19441415,0.36737272,0.37958634,0.3651014,0.36153695,0.13695149,0.4288214,0.15002601,0.43502218,0.50984764,0.516966,0.53099287,0.5013599,0.52842164,0.72663504,0.6562267,0.67150223,0.74522364,0.9192349,0.8094034,0.8322576,1
0.22145045,0.14872934,0.23991762,0.13465963,0.188392,0.13676134,0.28631285,0.12923546,0.21849962,0.13034025,0.37406403,0.22248852,0.3327564,0.20888901,0.36595467,0.37965676,0.32475367,0.36619243,0.1252038,0.45325196,0.12575157,0.45693427,0.52952504,0.5289742,0.51600456,0.51368505,0.5444922,0.73500216,0.6621849,0.66714895,0.72859675,0.92011356,0.79925877,0.82781106,1
0.20851521,0.14500308,0.24784619,0.13064685,0.1571319,0.1322808,0.34243986,0.11628166,0.17976865,0.117071636,0.38887343,0.19722335,0.33083075,0.18004514,0.35759518,0.36359042,0.33567628,0.3396398,0.16717824,0.43354207,0.19395253,0.4202578,0.51204103,0.50576264,0.49771,0.49026754,0.52580816,0.7245164,0.67070496,0.66236794,0.73511654,0.9154699,0.810672,0.8246964,1
0.27042225,0.13849592,0.28123328,0.12728195,0.25476834,0.12768815,0.29808116,0.12745532,0.29114416,0.12482633,0.37434664,0.2202148,0.354626,0.20704092,0.3579397,0.3678365,0.37180912,0.34272924,0.18659967,0.2837888,0.2699306,0.23300159,0.53186405,0.5292579,0.5260095,0.5182995,0.5693319,0.7176928,0.65963095,0.66482836,0.7300563,0.91390383,0.8067587,0.82464236,1
0.26808926,0.13867062,0.2758455,0.12746476,0.2608768,0.1270421,0.29375193,0.12633413,0.325966,0.1218172,0.38047042,0.22001114,0.37372062,0.20641908,0.3543894,0.37740633,0.35761622,0.36412358,0.110258155,0.4222754,0.14773326,0.41833505,0.53081363,0.52488774,0.53892845,0.51164186,0.5563484,0.7183973,0.66518044,0.6634686,0.7390814,0.9126258,0.81519586,0.82314163,1
0.30126265,0.15340494,0.3090783,0.14167565,0.2772008,0.14278312,0.30214667,0.13691053,0.2802911,0.13596483,0.37169054,0.22580703,0.34340206,0.20954068,0.34381336,0.37014472,0.36781365,0.3382282,0.14287716,0.3305552,0.24311455,0.2628045,0.543035,0.54135936,0.5296448,0.5270327,0.58500224,0.7446427,0.66939163,0.67018074,0.74843436,0.92094684,0.82192886,0.8185711,1
0.21639553,0.13835959,0.23401475,0.12509565,0.20706975,0.12394047,0.28987083,0.123738185,0.2929034,0.11758584,0.37683138,0.22567195,0.36789978,0.20873569,0.34165442,0.38069746,0.32769725,0.3686365,0.10594328,0.45736635,0.119099475,0.4694399,0.518749,0.52727646,0.5232131,0.5114225,0.5762869,0.7221475,0.6714634,0.6599055,0.7557293,0.9119778,0.8153415,0.82318395,1
0.2622305,0.11414632,0.27403945,0.10200828,0.26310498,0.100806236,0.325356,0.104450315,0.37684456,0.09771061,0.4101337,0.21024965,0.44153664,0.19349436,0.34465733,0.38333675,0.3385596,0.36860967,0.090806745,0.46249175,0.102179594,0.47800145,0.526646,0.50269926,0.5636746,0.48813674,0.55838746,0.7034573,0.6683161,0.6584246,0.7472099,0.90759957,0.8172655,0.8300991,1
0.2443896,0.108588025,0.25416744,0.09693389,0.2490489,0.09578137,0.31592304,0.10094909,0.39526355,0.093864486,0.39993507,0.20456436,0.5021795,0.18534517,0.3532514,0.37514165,0.4484024,0.35443527,0.15712841,0.44442353,0.20540982,0.43791947,0.51980805,0.49816048,0.59805846,0.48157987,0.53324753,0.71195817,0.668852,0.6630854,0.7612088,0.9080327,0.8154401,0.8303186,1
0.2404499,0.0720265,0.25166652,0.059534315,0.24067481,0.057958987,0.29662025,0.068372875,0.36233342,0.05983987,0.372902,0.19379511,0.432751,0.17474023,0.31014764,0.39250326,0.3333414,0.37978995,0.096238256,0.45705646,0.10237516,0.48826894,0.5120398,0.5185482,0.5695439,0.5032018,0.565266,0.7204869,0.67910165,0.6727104,0.7498773,0.9105687,0.8190664,0.8327644,1
0.25022385,0.106066234,0.26156408,0.09339419,0.24546014,0.09250441,0.29625112,0.097885706,0.33592686,0.09208021,0.36957005,0.21196413,0.3900711,0.19753438,0.3025344,0.3966592,0.29290876,0.3850992,0.0805306,0.48092958,0.09042571,0.4983245,0.5119116,0.52426046,0.5431321,0.51190305,0.569871,0.7237185,0.6854921,0.6772368,0.7573713,0.91188556,0.8205654,0.8344613,1
0.18549839,0.123499215,0.19535635,0.109668545,0.18977167,0.10910516,0.26639497,0.11074534,0.33945292,0.105119,0.3658376,0.21471196,0.42400312,0.1982042,0.2866417,0.38366735,0.29676786,0.3723174,0.097514704,0.47124848,0.09847893,0.4847512,0.52176577,0.5133159,0.57251316,0.4984639,0.5619665,0.7181551,0.682186,0.666227,0.7482785,0.9127423,0.81781834,0.830529,1
0.15623467,0.11841965,0.16528536,0.10292149,0.16458772,0.10222945,0.23927665,0.106871806,0.33074844,0.10021801,0.36280194,0.22179346,0.41983643,0.20043945,0.33715498,0.3929238,0.3184313,0.37673467,0.116052434,0.45213607,0.096245006,0.4898272,0.52593595,0.5247077,0.57093614,0.50695544,0.5999112,0.73296183,0.69551724,0.6742441,0.76190174,0.91859347,0.8270041,0.83310163,1
0.21424592,0.097164586,0.2203921,0.08495131,0.21877074,0.0842021,0.27507192,0.08911963,0.35937604,0.082568936,0.37268707,0.19751106,0.4359426,0.17957841,0.31316468,0.37825242,0.3507066,0.36124495,0.22162251,0.41843274,0.23739773,0.41865572,0.5340654,0.4984775,0.58812314,0.4845388,0.57263815,0.7017585,0.67952234,0.65628976,0.73342216,0.90836644,0.82063353,0.8268084,1
0.16114965,0.109840386,0.17364587,0.09514331,0.16855884,0.09497128,0.256866,0.09870367,0.32696852,0.09361886,0.3657523,0.21095002,0.42372936,0.19416417,0.29826915,0.3771124,0.34653512,0.3612885,0.21572633,0.41721085,0.21255496,0.419272,0.52777517,0.51499295,0.5705347,0.50030327,0.591566,0.71719867,0.6914617,0.663819,0.7600714,0.9131677,0.8206072,0.8308424,1
0.13432877,0.11227235,0.14174613,0.09605035,0.1462667,0.09549321,0.23830171,0.09640913,0.36073333,0.089059055,0.35692438,0.21108454,0.51407105,0.18418416,0.3340635,0.38387436,0.4997573,0.35091516,0.1632498,0.43546468,0.26186162,0.43584615,0.5277617,0.509409,0.6276231,0.48897406,0.58099663,0.71976995,0.6994151,0.66019917,0.7699669,0.91293824,0.8148318,0.83053505,1
0.12321304,0.096481845,0.13511549,0.079807565,0.13380335,0.07920875,0.2444931,0.080978334,0.3494418,0.0733695,0.3675646,0.20027451,0.5028259,0.17486204,0.34476915,0.38294417,0.4767835,0.34652188,0.16474943,0.4360258,0.23334219,0.42623314,0.5228063,0.5002,0.6149077,0.4823844,0.56754494,0.7020519,0.6893912,0.65918726,0.75400066,0.9068947,0.8193257,0.8356939,1
0.13812388,0.09089655,0.15128073,0.07432608,0.14460312,0.07429676,0.24964185,0.07574682,0.3265702,0.07021351,0.36684224,0.19794352,0.436688,0.17425412,0.30901495,0.38405177,0.35033,0.3473224,0.18697289,0.4103814,0.19757222,0.40175346,0.5258878,0.51728696,0.5765732,0.5001518,0.59815246,0.7280913,0.69438314,0.6757563,0.75842285,0.92015356,0.82251984,0.8377332,1
0.11145503,0.10525674,0.12190496,0.0900146,0.12469114,0.08981571,0.21120931,0.095389165,0.30464834,0.09001655,0.3229367,0.20899814,0.36800596,0.19244197,0.235872,0.362923,0.22581105,0.34603986,0.18905836,0.4275748,0.12838618,0.43914947,0.51741034,0.5179302,0.54960716,0.5049522,0.5915468,0.72795564,0.6714137,0.67792535,0.7511419,0.9214132,0.8024779,0.83854043,1
0.111152105,0.07715716,0.124760166,0.062106412,0.11652418,0.062978886,0.21325582,0.0666461,0.27945948,0.06370678,0.30602375,0.18239555,0.36954007,0.17372444,0.21195482,0.34285456,0.3006026,0.34747395,0.17172047,0.42743367,0.20844907,0.45836323,0.51192,0.51227784,0.5562927,0.50153726,0.5818749,0.7289862,0.67706954,0.67994124,0.74604934,0.9205293,0.8093126,0.8401956,1
0.15301776,0.08467193,0.16367216,0.071364455,0.1720454,0.070753194,0.2367297,0.07727757,0.34459049,0.071392536,0.2851705,0.18559796,0.4161624,0.17365791,0.12925304,0.33621258,0.24562377,0.32623896,0.17604582,0.41376784,0.15911518,0.41444317,0.4734523,0.5026002,0.5632371,0.49244654,0.56468236,0.7172454,0.67066276,0.67676485,0.7355107,0.92227435,0.8113234,0.840664,1
0.1366446,0.07512293,0.15407424,0.06119476,0.14497897,0.0610775,0.24274191,0.06580306,0.2985258,0.061196376,0.3284545,0.17867327,0.35655567,0.16872054,0.22481374,0.35081628,0.2625815,0.3516127,0.15534286,0.4573433,0.1325254,0.4937285,0.4971412,0.5035526,0.5233673,0.491817,0.55878973,0.72316176,0.65592283,0.67499423,0.728289,0.92307794,0.80030525,0.83427703,1
0.1314282,0.07613693,0.14671697,0.06109734,0.14028683,0.061189942,0.23508033,0.064988375,0.29733056,0.060789637,0.33220837,0.1831648,0.35817957,0.17268983,0.23179711,0.36247787,0.26734346,0.36145222,0.16099636,0.46836263,0.1490765,0.49902603,0.5114239,0.5103483,0.5359242,0.4979687,0.5670205,0.7264808,0.6607141,0.6744549,0.7252626,0.9245886,0.8029887,0.83277273,1
0.11804476,0.10100055,0.12747346,0.086547375,0.13283224,0.08632193,0.21176216,0.090699874,0.31891593,0.08545352,0.2995545,0.2009946,0.40331906,0.18657924,0.18140791,0.35864273,0.29459283,0.3499644,0.17254104,0.4702157,0.17947069,0.48280603,0.49781024,0.5122152,0.56662554,0.49822915,0.5493202,0.72963923,0.6657431,0.6744724,0.7312469,0.9242083,0.7876073,0.83489054,1
0.1172525,0.08433562,0.12614572,0.06980891,0.1296145,0.070288986,0.20445997,0.07397556,0.30471456,0.070305824,0.30972567,0.18770123,0.38475233,0.17526735,0.21580221,0.35157102,0.25927886,0.34235018,0.17562601,0.42109126,0.15861921,0.42707294,0.48960608,0.5051881,0.54694444,0.49213028,0.54964465,0.72893316,0.6708191,0.67744553,0.7146639,0.92133534,0.80113703,0.83379066,1
0.11123022,0.08239012,0.113433056,0.067178205,0.12245186,0.06835179,0.17134373,0.07407574,0.29609415,0.07151227,0.2867083,0.20053272,0.39580625,0.18967953,0.2499169,0.3788097,0.33162147,0.3780595,0.18054552,0.46391103,0.17392017,0.49939093,0.473062,0.5264078,0.5531776,0.5130368,0.55057114,0.7392442,0.6766017,0.6873042,0.7356066,0.9261201,0.8063263,0.8402193,1
0.1386205,0.08215942,0.14168128,0.06709232,0.15310878,0.067124225,0.20899613,0.0744905,0.3505853,0.068697736,0.32406664,0.20044526,0.46453658,0.17764539,0.25090042,0.38461986,0.35164186,0.34166348,0.17343706,0.41877162,0.14919443,0.3780111,0.4887451,0.52308017,0.5879006,0.5066679,0.54872996,0.7328113,0.6820458,0.6864708,0.71433777,0.9197483,0.79802275,0.843103,1
0.13646306,0.08271155,0.14239778,0.0669116,0.15008791,0.066996716,0.21980414,0.07363748,0.35086265,0.068201445,0.33159482,0.20335793,0.4632612,0.18321809,0.2384944,0.3929286,0.34648082,0.36301807,0.18722577,0.42305145,0.1807393,0.40999085,0.5002496,0.5317814,0.59488034,0.516007,0.54385626,0.7373263,0.68328506,0.6902493,0.7062266,0.92067546,0.7964207,0.84405535,1
0.3070385,0.06867986,0.31129223,0.054763176,0.30056968,0.053195003,0.30908176,0.06737595,0.402129,0.060161974,0.33272207,0.20788994,0.49142218,0.1884985,0.2521622,0.4022318,0.44638863,0.376751,0.0933246,0.43969125,0.20734699,0.4476414,0.4900883,0.53821164,0.6035729,0.5242506,0.5500215,0.7375667,0.7037817,0.69546694,0.73360527,0.9174192,0.8067832,0.8509833,1
0.30808884,0.06892753,0.31018248,0.054485947,0.30009416,0.054419473,0.30280992,0.06228643,0.38892487,0.059228804,0.31755513,0.19450876,0.4655419,0.18423711,0.23238474,0.3894836,0.5189598,0.3869858,0.12311489,0.48050597,0.52052695,0.5089589,0.47754544,0.53158844,0.57891136,0.52002263,0.5488057,0.7376978,0.6902903,0.6874615,0.7280358,0.9238555,0.7942999,0.84235907,1
0.10027227,0.08037425,0.10388755,0.06607957,0.1166163,0.066990905,0.187463,0.07310758,0.33487877,0.06927085,0.32103953,0.18849316,0.47582066,0.17322145,0.2789525,0.35949564,0.37137595,0.33851826,0.18421859,0.42886123,0.13225101,0.41102564,0.47664648,0.5112398,0.5895841,0.49734,0.52600276,0.7235297,0.68064165,0.6862237,0.7101702,0.9174582,0.8062754,0.8500201,1
0.07639642,0.08374176,0.08262307,0.068583205,0.0920498,0.069320686,0.18060872,0.07305208,0.32252356,0.06886125,0.32377407,0.18875596,0.46759066,0.17296115,0.29197013,0.36784947,0.37986785,0.34244233,0.14284714,0.46899834,0.14032903,0.43393347,0.47968,0.5117424,0.5866188,0.497556,0.51955473,0.7222244,0.6715794,0.6847731,0.71186656,0.9174142,0.7993797,0.8489011,1
0.09078917,0.0827901,0.09891057,0.066081665,0.10609723,0.06667095,0.2074524,0.06945486,0.3493531,0.06458407,0.34271908,0.1951418,0.5153143,0.17528507,0.29075345,0.39449048,0.43267745,0.3597574,0.092042424,0.45333952,0.13743249,0.42064744,0.47659853,0.5176345,0.6009016,0.50191045,0.5117222,0.72155386,0.6775001,0.6878412,0.7101989,0.9169371,0.78974646,0.854769,1
0.10322271,0.08283129,0.110768385,0.066299245,0.11759806,0.066729546,0.21408372,0.06912985,0.35592768,0.064119585,0.34126285,0.19428684,0.51951414,0.17456847,0.29304877,0.39260074,0.4460278,0.35639882,0.09387996,0.45754847,0.15431006,0.42072323,0.47964656,0.51900333,0.60796016,0.5037003,0.51184505,0.7215862,0.6795459,0.6888206,0.7125758,0.9168782,0.7922253,0.8557804,1
0.10114884,0.08796359,0.107742265,0.07201844,0.115928546,0.07296868,0.21574958,0.074035555,0.35911903,0.07074824,0.34010264,0.19068891,0.5328893,0.17627954,0.29740575,0.376395,0.47054386,0.35527733,0.13398644,0.47440818,0.20380583,0.44991907,0.4783537,0.5140049,0.6153166,0.50012535,0.50790524,0.7246244,0.6784759,0.6911667,0.7060085,0.91778,0.79434186,0.8538329,1
0.19861183,0.07067604,0.20890851,0.057200387,0.20477766,0.057700068,0.27639478,0.06218391,0.36562997,0.059195995,0.37535745,0.18154751,0.45730925,0.17178126,0.3030055,0.3744322,0.4127518,0.36652613,0.1645601,0.45436624,0.3383463,0.46554586,0.48936966,0.51359624,0.56007856,0.50207895,0.5167933,0.7205163,0.6644346,0.6846475,0.6957897,0.91592735,0.7860188,0.8442244,1
0.0838117,0.09166689,0.10300679,0.07740994,0.08385847,0.07884722,0.2157121,0.07878075,0.25175825,0.07809539,0.35980812,0.18518853,0.36968043,0.17228985,0.3547175,0.35525948,0.33143833,0.32551065,0.14352655,0.4512777,0.11249607,0.40004683,0.46052462,0.51263887,0.48003042,0.5003075,0.52918357,0.7268817,0.6410539,0.68858594,0.70503646,0.91410774,0.7783202,0.85103625,1
0.25571975,0.07322641,0.2802971,0.06114812,0.2562594,0.06190939,0.37203825,0.066485934,0.38628554,0.06497636,0.4520808,0.17906332,0.42122692,0.17400813,0.3162226,0.37773618,0.27187774,0.36904344,0.12157502,0.4699123,0.110191144,0.46392843,0.518185,0.5121163,0.52586466,0.5032588,0.52233136,0.71772003,0.6744027,0.68988097,0.7122982,0.9167555,0.82718587,0.8453525,1
0.08490291,0.09189611,0.09776785,0.076461695,0.086723946,0.07761564,0.20392002,0.07894254,0.2891542,0.076666884,0.33464822,0.195395,0.42466748,0.18228188,0.29325524,0.38482377,0.335246,0.35693702,0.06921982,0.47789526,0.09943006,0.4434212,0.49785638,0.5187625,0.57652456,0.5071733,0.50694937,0.7158,0.6945906,0.6861547,0.7168556,0.915415,0.8278087,0.84589446,1
0.08116084,0.099086426,0.09894609,0.083782196,0.08506207,0.08397074,0.2157343,0.0833168,0.27928507,0.08026224,0.32744968,0.19695158,0.3849871,0.18437052,0.289809,0.38142952,0.30654344,0.3599856,0.07704885,0.47233048,0.08809968,0.44117704,0.47136888,0.51244634,0.52842957,0.5003717,0.49254417,0.7188874,0.64932954,0.68022794,0.68522304,0.91402495,0.78152305,0.845434,1
0.09778034,0.10202336,0.11226307,0.08728061,0.101791605,0.08780618,0.23106183,0.08498106,0.30756798,0.08266201,0.35919628,0.19327016,0.43003973,0.17913146,0.32131916,0.3762409,0.35803783,0.34782657,0.10214345,0.47609195,0.13374422,0.43736467,0.48120624,0.50802636,0.54748803,0.49519187,0.49732077,0.7194916,0.6435763,0.6851306,0.67561305,0.91294175,0.792311,0.8462577,1
0.112267576,0.111536846,0.120980926,0.096205145,0.1241384,0.09634824,0.2458824,0.091225155,0.37574783,0.08786311,0.36368495,0.19607858,0.53511107,0.1784781,0.30237103,0.38004342,0.43705374,0.34005314,0.07271011,0.474201,0.12137044,0.4149231,0.49567428,0.5029854,0.6249993,0.48961213,0.48915938,0.71320593,0.6632063,0.6849735,0.6769173,0.9113684,0.7941944,0.854214,1
0.10190141,0.0995473,0.105839275,0.08324013,0.11829934,0.08490858,0.23356569,0.0802259,0.3953357,0.079004675,0.3868424,0.19110107,0.57790756,0.17664203,0.32406548,0.37825337,0.49984476,0.34794134,0.06929195,0.48296833,0.1700457,0.45486155,0.5121555,0.5088334,0.65023315,0.49443352,0.49047452,0.71753246,0.67962873,0.6896428,0.7100146,0.91885495,0.8183024,0.85121965,1
0.08906489,0.12060766,0.08912718,0.1015274,0.09764611,0.104042284,0.22035852,0.093062446,0.39437363,0.09484071,0.39381346,0.1883058,0.59728575,0.17640628,0.32858837,0.357926,0.47390875,0.34045616,0.123859756,0.46740854,0.16257541,0.45201436,0.52021015,0.48931983,0.6636376,0.47729215,0.49362242,0.70075893,0.68344516,0.6810495,0.66134214,0.9071068,0.8019876,0.858152,1
0.08773209,0.1193922,0.08751596,0.10041499,0.09747868,0.102834985,0.21666431,0.09276061,0.39289618,0.09423189,0.39231113,0.188402,0.5964985,0.17673539,0.33058998,0.35536158,0.4749621,0.33908615,0.13964903,0.46104145,0.16868192,0.4456556,0.51813227,0.48835152,0.6609218,0.47598058,0.491136,0.7020105,0.6838396,0.68028414,0.6665192,0.90890884,0.7995822,0.85679007,1
0.11428491,0.11370687,0.12411354,0.0973299,0.12278502,0.09884724,0.2549413,0.0914288,0.3678151,0.093147896,0.41965547,0.18903251,0.5167836,0.18067174,0.3362685,0.3656579,0.39400366,0.35468632,0.13516442,0.46425274,0.15886107,0.45391348,0.51296955,0.49864373,0.59158987,0.4882962,0.49388328,0.7119352,0.6576035,0.6869601,0.6491562,0.9127703,0.77896994,0.8665029,1
0.066563666,0.11028767,0.08352597,0.094735146,0.08353218,0.09555344,0.21888635,0.09369449,0.31817976,0.093406536,0.39272153,0.19526978,0.46575975,0.18544704,0.3469415,0.36824572,0.3819009,0.33608654,0.13823588,0.45600605,0.15434808,0.3652333,0.48632693,0.5003446,0.5479704,0.49074122,0.4891994,0.7066872,0.6297295,0.68278575,0.61943877,0.9093126,0.78815657,0.8620847,1
0.07847212,0.11042309,0.09984356,0.09405728,0.091709755,0.094884545,0.25276127,0.095499136,0.33790347,0.09551249,0.4247448,0.19898386,0.48139587,0.19098355,0.36217076,0.3556171,0.38156578,0.3482939,0.18394129,0.45437065,0.16942431,0.4498282,0.5185486,0.50003564,0.56561184,0.48979303,0.48654133,0.7131979,0.65622646,0.6858926,0.65807,0.91095805,0.8011544,0.8652877,1
0.1413282,0.12766476,0.15517148,0.1140727,0.1446826,0.11585779,0.28574863,0.11017895,0.36077052,0.1112008,0.4342811,0.1977561,0.507072,0.19192338,0.38491252,0.3565828,0.42970705,0.34634283,0.19647254,0.4415585,0.2019781,0.43905282,0.53749365,0.49366853,0.59802425,0.4860218,0.5263584,0.69584984,0.6686948,0.68481815,0.7457821,0.89733744,0.810472,0.8555044,1
0.14651021,0.13416252,0.13114461,0.12109995,0.13233098,0.12259898,0.13800648,0.11073675,0.22659428,0.11141015,0.2856024,0.19253607,0.31263137,0.18801484,0.3763996,0.3715258,0.35341114,0.37079582,0.11274173,0.46664464,0.16933857,0.49248686,0.54753095,0.50241005,0.57583785,0.50188386,0.5761601,0.7144232,0.6039855,0.7139693,0.7497297,0.909294,0.7583334,0.899825,1
0.13343179,0.15723881,0.11355711,0.13547158,0.1531161,0.13882017,0.25261232,0.12093038,0.51929677,0.12225036,0.44504544,0.23528704,0.7660135,0.21107234,0.4166919,0.4404113,0.745241,0.42044964,0.120780684,0.4280405,0.3501774,0.5797512,0.57831615,0.54349136,0.7628943,0.52159697,0.5228028,0.7385948,0.5671593,0.70979196,0.5171383,0.94633,0.4256185,0.87797755,1
0.12520269,0.1647439,0.11144988,0.14123988,0.13511941,0.14518695,0.26696116,0.12012058,0.48914212,0.12362699,0.45833635,0.2296109,0.75421566,0.20414333,0.43803445,0.4380657,0.74045694,0.394714,0.09306471,0.42431152,0.32117328,0.49731845,0.55524683,0.54472613,0.7260326,0.52332926,0.5012236,0.7354738,0.57146305,0.7097256,0.5195156,0.9393322,0.43355745,0.88035977,1
0.12391286,0.16543436,0.11815873,0.14209801,0.1276132,0.14583856,0.27316657,0.120306395,0.44068992,0.124052905,0.4634054,0.23061459,0.6863532,0.20871994,0.42270428,0.4417146,0.6628768,0.386001,0.05856449,0.42632723,0.23761429,0.37623549,0.5534228,0.54536676,0.6775315,0.5255382,0.4944893,0.73687714,0.53250873,0.70483,0.51953465,0.9358615,0.41337693,0.87773204,1
0.16894051,0.16154446,0.16698506,0.14021912,0.17302778,0.13697484,0.29712865,0.12154928,0.48355255,0.10982514,0.45322227,0.23587789,0.71376336,0.18077117,0.4484893,0.4555722,0.62473494,0.3337921,0.054942917,0.41759476,0.19434327,0.35784292,0.538658,0.55758923,0.7030666,0.5299125,0.51046026,0.7406457,0.6011492,0.71626455,0.52846056,0.92852217,0.50344634,0.8950666,1
0.16730675,0.15471417,0.16936293,0.13300768,0.18862964,0.13072348,0.31333068,0.11883598,0.4976418,0.11015521,0.4732367,0.23564208,0.6659779,0.19467619,0.428043,0.4443068,0.518528,0.34921643,0.05029145,0.42040083,0.17149161,0.3442659,0.5313098,0.55492574,0.6483883,0.5309408,0.498401,0.75092953,0.53066456,0.71925056,0.5230312,0.9326838,0.464928,0.8862223,1
0.19792129,0.15647975,0.20548445,0.1367304,0.20924604,0.13805038,0.3398278,0.12424346,0.45606372,0.122431815,0.49621758,0.23831059,0.65254426,0.21067163,0.44873178,0.44748312,0.5964298,0.36724675,0.099426754,0.39695996,0.23139668,0.31481215,0.57184285,0.5504739,0.6597719,0.5309762,0.5420867,0.75005686,0.5680435,0.7208569,0.5535982,0.945107,0.4704521,0.8842531,1
0.19849609,0.15356666,0.1998595,0.134187,0.21865895,0.13507019,0.33300215,0.122161925,0.49385297,0.11901833,0.49661624,0.23671247,0.67160493,0.2081688,0.44727057,0.44650567,0.587562,0.37276077,0.11493586,0.400861,0.21097638,0.34044018,0.5847165,0.54996085,0.68430084,0.5294739,0.55296373,0.75345856,0.5798637,0.72174555,0.56168354,0.9451709,0.462685,0.8828977,1
0.23868364,0.14961557,0.24128582,0.13117409,0.2541096,0.13276261,0.35693696,0.119489,0.49270374,0.11879239,0.48476315,0.22748566,0.65454173,0.21049784,0.43480262,0.43318203,0.56783515,0.38786906,0.19095248,0.51299584,0.23278195,0.4484741,0.56066936,0.53041255,0.660371,0.5151448,0.5802082,0.7396045,0.58925277,0.7096965,0.5754348,0.9427124,0.47317156,0.88323915,1
0.2452069,0.15219793,0.24915345,0.1332829,0.2566794,0.13478032,0.3645013,0.11919074,0.4843692,0.11882858,0.48527458,0.22699799,0.63636106,0.21281566,0.39965937,0.4302923,0.56492454,0.40620077,0.17478597,0.5064903,0.23649713,0.49537414,0.57251495,0.53732127,0.65983015,0.523541,0.5672824,0.74742013,0.5717229,0.71970624,0.56508183,0.93948424,0.48746252,0.8944162,1
0.22307216,0.16094236,0.21345127,0.13818555,0.23928013,0.14238466,0.34822917,0.124494165,0.537357,0.12820797,0.509753,0.25084257,0.73040307,0.22834688,0.43377534,0.46410653,0.85765654,0.44965285,0.10132462,0.39315087,0.691662,0.5780104,0.54122084,0.5722202,0.6509837,0.5509951,0.5350769,0.7533446,0.5313713,0.7300067,0.5493652,0.9437101,0.5156484,0.8840712,1
0.24723646,0.16574661,0.23650017,0.14168674,0.25815183,0.14568701,0.36663666,0.12259217,0.55280143,0.12611943,0.5453039,0.24865115,0.73072636,0.22338484,0.46040353,0.46663225,0.69262785,0.43107495,0.11752087,0.3906469,0.28273395,0.48509297,0.58254904,0.56420094,0.68582726,0.54166096,0.54946965,0.75497943,0.5630722,0.7288381,0.56069756,0.9428107,0.5190453,0.8925214,1
0.3064098,0.1541421,0.30328828,0.13344422,0.3265192,0.13530654,0.42496085,0.12497644,0.5867906,0.12322307,0.5695623,0.25443184,0.71993303,0.22325625,0.47494894,0.46688557,0.6324247,0.39149246,0.2035291,0.3886762,0.31969392,0.34444216,0.59271586,0.5691343,0.6741209,0.5462108,0.588433,0.754701,0.5653829,0.7249219,0.597358,0.93898576,0.5574686,0.8781713,1
0.31804496,0.15779348,0.31021842,0.1354908,0.33756992,0.13905364,0.4250949,0.12768045,0.60026807,0.12968785,0.562959,0.26057863,0.75089145,0.23991178,0.4884151,0.46928138,0.8806817,0.46321493,0.23894607,0.39723864,0.74155474,0.59483016,0.60611844,0.57744306,0.69085455,0.55670565,0.625848,0.759079,0.5803578,0.7327705,0.623436,0.94594,0.5655349,0.878174,1
0.31005207,0.14780177,0.2966269,0.12773204,0.33546793,0.13069153,0.38886017,0.1254525,0.6058263,0.12440161,0.5563126,0.2516915,0.75156164,0.2245994,0.5002361,0.45570526,0.71890527,0.4106164,0.24980481,0.40030625,0.37577525,0.45311934,0.6554026,0.5543636,0.75830793,0.5322432,0.63219184,0.7449205,0.62036234,0.71658957,0.6188289,0.9382052,0.5698477,0.8774057,1
0.28397197,0.16260266,0.27154428,0.14152977,0.31043133,0.14308706,0.3834581,0.1307838,0.6094749,0.12798066,0.5322007,0.25559697,0.77460635,0.22992483,0.44989073,0.45959154,0.775232,0.42749187,0.16331188,0.43855622,0.44047135,0.50462925,0.6468259,0.5625582,0.77434874,0.5392458,0.6299577,0.7563673,0.6010971,0.7179684,0.6095308,0.9440128,0.5280318,0.8716545,1
0.38078225,0.15295066,0.3757734,0.13381685,0.4046514,0.13402733,0.4676378,0.12981638,0.6512648,0.12415642,0.5998494,0.25517133,0.791641,0.22270755,0.5254035,0.45915955,0.7148732,0.39668167,0.33992934,0.40576604,0.45087045,0.3962555,0.69100136,0.5616529,0.7969628,0.5379696,0.6626961,0.7618403,0.672486,0.7212911,0.6627389,0.94482595,0.59251195,0.88006735,1
0.40596506,0.15040584,0.3998676,0.1293903,0.42691174,0.13098727,0.5001615,0.120946884,0.67908657,0.11730009,0.61391234,0.24889061,0.83999956,0.21604066,0.5239557,0.45569882,0.8220297,0.401397,0.35936788,0.4131055,0.56490225,0.4534454,0.7071974,0.5541808,0.82726544,0.5279341,0.6725546,0.7517875,0.66549367,0.70939803,0.66711825,0.94370645,0.5882782,0.8728845,1
0.4080104,0.15091443,0.40833265,0.12936397,0.42378786,0.13030744,0.5153609,0.12152444,0.6594052,0.118747815,0.62124574,0.24930394,0.8078732,0.21918072,0.52457684,0.45555636,0.7320512,0.39795282,0.35309604,0.41815162,0.48459256,0.42733678,0.6962581,0.55822676,0.79649913,0.5348,0.6574387,0.7548911,0.6437267,0.71221113,0.6598905,0.9416778,0.5732596,0.87617195,1
0.35879734,0.14020324,0.35799685,0.12156864,0.38373417,0.12210041,0.46137998,0.12600441,0.62430876,0.12095629,0.61442566,0.25213054,0.7154384,0.21940374,0.5335145,0.446883,0.522624,0.38084266,0.33537787,0.42970127,0.3449015,0.44132888,0.71091455,0.5577427,0.7662723,0.5344971,0.6682467,0.76027024,0.639624,0.7204965,0.65962523,0.9469166,0.6002924,0.87325275,1
0.36131942,0.14504519,0.35442522,0.12553363,0.38222268,0.1283472,0.44881383,0.12650552,0.62218434,0.12659483,0.60401803,0.2514772,0.7139719,0.22509944,0.50046015,0.44821286,0.5605647,0.39371794,0.32895738,0.40999293,0.41599652,0.4387241,0.69486725,0.5585029,0.7494077,0.53790385,0.6557962,0.75611794,0.6263696,0.72433686,0.6480646,0.9474014,0.56836134,0.8793609,1
0.32485312,0.14430872,0.31580198,0.124753855,0.35085654,0.1272329,0.4052633,0.12621856,0.5992507,0.12528497,0.5596288,0.24411796,0.7001289,0.22858188,0.50631183,0.43176842,0.51190084,0.39619806,0.38906828,0.53492486,0.29178008,0.47734287,0.6780054,0.544785,0.76122284,0.52721435,0.6408095,0.74560255,0.59274745,0.70601404,0.62751144,0.95244664,0.5467969,0.8702838,1
0.14844325,0.13420235,0.13742825,0.11466255,0.18368487,0.118062556,0.26929396,0.116025925,0.5212416,0.11646086,0.4664764,0.24157584,0.6955555,0.22005862,0.3562092,0.44556072,0.5766287,0.3983259,0.099856555,0.41532636,0.23154655,0.41211298,0.5867192,0.55726355,0.7077669,0.5376709,0.5421581,0.7562791,0.5190041,0.7276986,0.53199697,0.94464844,0.45611545,0.8815036,1
0.2792659,0.1399527,0.25743613,0.123972125,0.30785125,0.12654962,0.30943838,0.12145519,0.579817,0.12114939,0.41526482,0.22800303,0.7416166,0.21307038,0.33260217,0.40813062,0.64156663,0.38568032,0.15916336,0.49209052,0.21789731,0.49696353,0.55390143,0.53889936,0.74881315,0.52211493,0.527905,0.74651366,0.5509011,0.7164771,0.5220415,0.94214445,0.43607828,0.8781594,1
0.25888154,0.14229259,0.2411257,0.12562937,0.29328883,0.12791963,0.31416073,0.12264661,0.5877644,0.12157411,0.4284751,0.23075238,0.7470666,0.21538128,0.34150738,0.41003206,0.6527375,0.3862711,0.15894637,0.497909,0.24116714,0.49606466,0.5542337,0.5384426,0.7421814,0.5217611,0.5263707,0.74445355,0.5537299,0.71702045,0.5253943,0.939822,0.43074384,0.8832133,1
0.19395326,0.14129171,0.18834262,0.1256589,0.23309527,0.12662378,0.31454724,0.12280826,0.56793684,0.119619176,0.414632,0.221577,0.75868094,0.2077526,0.33428726,0.38600746,0.7460006,0.36935884,0.27625674,0.5078181,0.42420018,0.5002815,0.5324603,0.5255604,0.72622687,0.5110665,0.49605894,0.73746824,0.5323392,0.7137214,0.52405125,0.93598086,0.39879304,0.88715833,1
0.1262802,0.13991426,0.124649525,0.12312564,0.1677674,0.12532863,0.28027505,0.12064395,0.5205939,0.120120615,0.4137315,0.22182769,0.7342226,0.21126841,0.3499525,0.39768127,0.7331491,0.38016647,0.26314786,0.535966,0.48692527,0.5046591,0.51334083,0.5297057,0.6888475,0.5158449,0.48491943,0.7420699,0.5019817,0.7176326,0.51052886,0.93711716,0.36537084,0.88886493,1
0.15702237,0.14082707,0.15862945,0.123991966,0.20384511,0.122499295,0.29466316,0.12779526,0.5544642,0.119278625,0.43478048,0.22971372,0.7436901,0.21241736,0.30938146,0.3967655,0.68068904,0.37955895,0.2700882,0.53615695,0.49986815,0.52254057,0.54906636,0.5327025,0.73345816,0.5212477,0.46889699,0.73963904,0.57259476,0.73123926,0.48689845,0.92845625,0.46170807,0.92161095,1
0.21705504,0.13520946,0.20968446,0.11812238,0.26379505,0.117874004,0.34348506,0.121726125,0.6571266,0.11599607,0.45105946,0.22044379,0.85538137,0.207631,0.33696556,0.39821446,0.7925751,0.3968577,0.3398625,0.5836454,0.7135335,0.5865232,0.59223914,0.5491099,0.82393175,0.53708607,0.49504447,0.742766,0.57693887,0.73023915,0.5007012,0.9230193,0.38260108,0.904043,1
0.15958141,0.14061208,0.15068337,0.12448664,0.2018927,0.1254005,0.2948911,0.126289,0.5704337,0.12028322,0.4164,0.23259233,0.7844869,0.21075593,0.33151397,0.4088653,0.75023067,0.37484452,0.22688216,0.51559174,0.45349297,0.47969332,0.56351364,0.54475176,0.77834046,0.526672,0.49342945,0.7366935,0.5550148,0.71664673,0.46251327,0.9252814,0.40545657,0.88966066,1
0.15525092,0.14154148,0.15290213,0.12374034,0.19929123,0.122984886,0.28595188,0.12550753,0.5756748,0.11743297,0.4100006,0.22814289,0.7771267,0.202522,0.3072077,0.4022353,0.6026286,0.35626778,0.19223121,0.48067027,0.23468934,0.4237402,0.5494755,0.5374529,0.7641224,0.5197514,0.48293614,0.7314511,0.5415214,0.7104884,0.501286,0.920394,0.36747333,0.89262056,1
0.19438271,0.13920847,0.18479736,0.12370459,0.23786359,0.12428885,0.27667928,0.12491303,0.55284286,0.12061177,0.35302672,0.23358078,0.74792725,0.21401855,0.21985102,0.3979975,0.6946076,0.35212988,0.14164633,0.46161133,0.26990315,0.39960462,0.44682345,0.53729314,0.6708955,0.51890147,0.43387753,0.735938,0.43804234,0.70252484,0.4585531,0.9458485,0.29911482,0.8744532,1
0.17881773,0.12810014,0.17796981,0.11181314,0.21518585,0.10937623,0.25627795,0.112724185,0.49694663,0.10082906,0.33237287,0.22379313,0.66915715,0.19367318,0.2517747,0.39587635,0.7503041,0.3468092,0.16094907,0.50303626,0.61445105,0.4908239,0.41186133,0.51985645,0.6250704,0.5042829,0.36369386,0.7141323,0.5334594,0.7052515,0.32800466,0.91417944,0.48809752,0.89598435,1
0.19721852,0.13434826,0.19248277,0.11563101,0.23181024,0.11333082,0.2557364,0.11638467,0.51217777,0.10556048,0.36545244,0.23377353,0.64770955,0.20338283,0.24298027,0.40436408,0.4654792,0.35469723,0.049255345,0.3997453,0.14570856,0.3977004,0.4233458,0.5381202,0.6141266,0.5202121,0.36584684,0.7285945,0.4895249,0.71606624,0.3250773,0.9217722,0.42674196,0.90041137,1
0.17310622,0.13397065,0.16074412,0.11568151,0.20794146,0.11843366,0.24609163,0.1177266,0.51277405,0.117060274,0.31261376,0.24126577,0.73057973,0.2265949,0.17375207,0.4205522,0.76976156,0.39772972,0.031522747,0.38885185,0.45770043,0.43359062,0.4476432,0.56342024,0.69972503,0.547966,0.3785244,0.75209653,0.51707757,0.7315931,0.35171136,0.94451153,0.4084385,0.8882829,1
0.16833815,0.13349648,0.15614389,0.11497435,0.20507914,0.117456526,0.24128762,0.117626704,0.5141472,0.11616096,0.3010898,0.24445857,0.73574615,0.2314946,0.16657701,0.42355874,0.8484911,0.42441133,0.03675741,0.39301917,0.6728027,0.5276942,0.44371003,0.56897616,0.70135975,0.55394924,0.38089398,0.7539681,0.50887525,0.7342148,0.3496955,0.94512194,0.39931417,0.8897424,1
0.21264446,0.123039775,0.20214114,0.10608266,0.25507632,0.106346644,0.25147396,0.11369453,0.5289719,0.10800279,0.33305186,0.23234381,0.6790876,0.20971541,0.1690663,0.41062388,0.6058208,0.36453933,0.064756155,0.41005355,0.21490957,0.38311344,0.42868972,0.53589416,0.63012403,0.5198698,0.3824728,0.73563397,0.44005883,0.72040087,0.3824183,0.93113583,0.35632476,0.89976627,1
0.19475941,0.12622513,0.18589136,0.10738668,0.23530763,0.10895934,0.26236156,0.1120583,0.5358461,0.109078206,0.3390985,0.23270921,0.69785553,0.21170159,0.18171807,0.4202985,0.57223386,0.37555972,0.07541978,0.4151599,0.18980518,0.39544302,0.41239932,0.5487048,0.6356918,0.53228563,0.35789958,0.74669975,0.48095977,0.7278936,0.36552453,0.92949003,0.37430063,0.8933381,1
0.20792226,0.12550054,0.19924343,0.10750208,0.24511334,0.11052123,0.2871407,0.1100792,0.5308787,0.111107975,0.33199754,0.23280035,0.70360196,0.22075309,0.15937567,0.41232347,0.6676791,0.38988474,0.069095306,0.41229925,0.3516072,0.42679992,0.39847606,0.5493706,0.621189,0.5366251,0.36771885,0.7405672,0.46015912,0.7273559,0.36966816,0.9463503,0.3698596,0.91847175,1
0.21857433,0.12822905,0.21014082,0.10965014,0.26111853,0.113052614,0.29884264,0.113930665,0.5536353,0.11309853,0.3164304,0.23514181,0.76932114,0.22135806,0.16376734,0.4020819,0.9403874,0.38758898,0.15852837,0.45740402,0.89642614,0.4755753,0.42004353,0.5363088,0.6803758,0.5226583,0.38610867,0.74012357,0.51256573,0.7269237,0.40400407,0.94820875,0.44043207,0.9243763,1
0.26709145,0.11938086,0.2578628,0.10215902,0.3063794,0.105003506,0.31796235,0.10551754,0.5591792,0.10557633,0.32062593,0.2303447,0.7431143,0.21991663,0.15428884,0.4056449,0.8938723,0.39735362,0.14122568,0.39952868,0.875271,0.46966752,0.40206566,0.5333702,0.6467841,0.5208109,0.38414782,0.7367822,0.48918948,0.7193321,0.40873954,0.9496014,0.40717742,0.91085446,1
0.26670688,0.12029815,0.25669774,0.10333334,0.30582973,0.106178045,0.3167714,0.106642395,0.5598063,0.10672837,0.32193482,0.2298594,0.7420934,0.2193631,0.15316659,0.40469489,0.8810265,0.3957488,0.13779809,0.4021659,0.85459673,0.46732968,0.4054898,0.5307177,0.6495511,0.51826984,0.38461816,0.73316896,0.48876557,0.716323,0.40727264,0.9489194,0.40956724,0.9104215,1
0.26330328,0.12761536,0.25938857,0.109493256,0.30154824,0.11162215,0.34056333,0.109098054,0.56676644,0.109630205,0.32025346,0.22202118,0.7426249,0.21738891,0.14213657,0.38857514,0.8341646,0.3871545,0.18945475,0.46099484,0.778739,0.4887629,0.39829072,0.52766746,0.6499738,0.5193977,0.38082334,0.7426567,0.5146827,0.7265671,0.41311267,0.9515429,0.4535876,0.91314095,1
0.2814833,0.12717952,0.27678293,0.10829553,0.31550625,0.1101808,0.36579758,0.10884476,0.590372,0.1084188,0.39203608,0.23312148,0.7594547,0.21951503,0.16806792,0.41020975,0.64410853,0.38314566,0.080272876,0.36907342,0.21730843,0.3667098,0.46005508,0.5350769,0.6947303,0.522638,0.40169793,0.73611313,0.5672176,0.7212293,0.40920302,0.9466701,0.50477654,0.9164787,1
0.27825397,0.1169074,0.26714104,0.09908013,0.319784,0.10225076,0.3230581,0.104653925,0.5864593,0.104310274,0.32924107,0.22907151,0.78096515,0.21918246,0.16140845,0.3864115,0.91756445,0.3864559,0.10569363,0.39202154,0.85317576,0.47034907,0.42216277,0.52460533,0.7024463,0.5132243,0.39699703,0.72849256,0.5836637,0.71967065,0.36572716,0.9480343,0.56424344,0.91447467,1
0.30159128,0.11636667,0.2911035,0.09888363,0.34197184,0.10206069,0.32590556,0.10835142,0.5842745,0.10828881,0.32373378,0.23408622,0.77506906,0.22923093,0.19730365,0.3813597,0.9482111,0.3853507,0.119327374,0.42452583,0.9363976,0.4722205,0.42278734,0.53167766,0.7078267,0.52316576,0.40269,0.7338049,0.59183055,0.7273852,0.3583934,0.9509834,0.59989667,0.9148278,1
0.31767446,0.11485929,0.3113398,0.10009393,0.3593721,0.10006689,0.3371691,0.11186732,0.5901071,0.10722289,0.3161295,0.23716746,0.76383144,0.23115139,0.18763113,0.38903874,0.91999775,0.38897267,0.12614918,0.4315889,0.9542741,0.47985,0.41524366,0.526589,0.7057341,0.52012897,0.39124912,0.73356885,0.617409,0.72592235,0.34357497,0.9427695,0.6224367,0.90634936,1
0.32327008,0.113263175,0.3118427,0.09733324,0.3675883,0.09937086,0.32653534,0.11084141,0.60044426,0.108511254,0.30192995,0.24053496,0.77447593,0.2347317,0.16202201,0.38915446,0.93604684,0.39135998,0.12257175,0.43272635,0.9559255,0.48143348,0.4100339,0.53100294,0.71252275,0.52279454,0.4004482,0.7325962,0.60798234,0.7256374,0.3487209,0.94242394,0.62245905,0.90172875,1
0.33443218,0.109565735,0.32468283,0.0937842,0.37531373,0.096016414,0.34339696,0.110111006,0.612788,0.10787774,0.2877771,0.24299026,0.7920939,0.23432292,0.12232349,0.39197138,0.94619215,0.3884154,0.15360747,0.41936907,0.9389492,0.46801206,0.40909448,0.5424862,0.73326665,0.53340894,0.39575505,0.7379898,0.63432074,0.7289846,0.34420118,0.9408518,0.6643456,0.900465,1
0.39326563,0.108490944,0.37711015,0.09527631,0.43218902,0.0959877,0.3482058,0.11473055,0.63545805,0.110422045,0.27056494,0.24658757,0.7937444,0.23551483,0.116395526,0.3950392,0.9166158,0.38046753,0.21322356,0.42065105,0.8403824,0.43905154,0.39710847,0.5401883,0.74355304,0.53223956,0.39780378,0.73588943,0.6634998,0.7298756,0.3407486,0.9364558,0.6943283,0.90355873,1
0.42903215,0.10819893,0.41620985,0.0953074,0.46957874,0.09662706,0.38798478,0.115124896,0.6691943,0.1133193,0.2834774,0.23908997,0.8203601,0.23862456,0.09653146,0.37285143,0.93618006,0.38702098,0.2100467,0.430114,0.92075545,0.4676172,0.3910821,0.5374206,0.74845153,0.53363246,0.3956934,0.7339272,0.6918577,0.730061,0.32786742,0.9340426,0.72604144,0.90932125,1
0.4987236,0.110483356,0.475438,0.09755435,0.5297766,0.09816193,0.38260174,0.11560268,0.67613506,0.11370415,0.26345813,0.24432151,0.8003355,0.23689169,0.0939838,0.39931345,0.8058287,0.38226885,0.2270488,0.427237,0.5558518,0.40862828,0.3797758,0.54939765,0.7526244,0.54381245,0.38816282,0.7445703,0.71262115,0.73700786,0.31190723,0.9388412,0.75012016,0.9085833,1
0.5156414,0.103148796,0.49164435,0.09040145,0.5455252,0.091521926,0.3963588,0.10749158,0.6895488,0.10750127,0.2628922,0.23124145,0.83525246,0.23197499,0.07244322,0.36796793,0.8941373,0.37090126,0.2252457,0.41744748,0.66192764,0.402021,0.37536356,0.52744895,0.76504236,0.52507734,0.38683072,0.7283641,0.7299915,0.724499,0.31770965,0.93589556,0.75970423,0.9121864,1
0.5082167,0.10307493,0.48384783,0.090128176,0.5385152,0.09135923,0.39204618,0.10724443,0.6875272,0.10734968,0.2606969,0.23241134,0.83560497,0.23260464,0.07105553,0.37075192,0.8930977,0.37237442,0.21850228,0.4188483,0.6511704,0.4034621,0.3758442,0.5290572,0.7668023,0.52627105,0.38655916,0.7294151,0.72931695,0.7250072,0.3190685,0.9364702,0.75874215,0.91219896,1
0.5867146,0.106934644,0.5601169,0.09366665,0.60543805,0.09496727,0.41934267,0.10773506,0.6892769,0.110335544,0.26149797,0.22583991,0.81695557,0.23022352,0.082921974,0.36296642,0.8961936,0.36733353,0.1883829,0.41337347,0.7664129,0.38934147,0.36049893,0.5173228,0.7393156,0.5176269,0.38750803,0.7271772,0.72104543,0.7243114,0.3097852,0.93675286,0.74519086,0.91659635,1
0.5735529,0.111479945,0.5493808,0.09791212,0.6005965,0.09933614,0.42496863,0.109586135,0.70463765,0.11207519,0.27043226,0.22714184,0.8247286,0.23056492,0.11367037,0.37480476,0.87165445,0.37200382,0.20700607,0.43416002,0.6712537,0.40312636,0.35832816,0.52141243,0.7414038,0.5212613,0.37887082,0.72996134,0.7130354,0.7275478,0.29987925,0.94054645,0.71370745,0.9195353,1
0.5734682,0.11766981,0.55152863,0.104693115,0.59981376,0.10550765,0.43257156,0.1158286,0.6987057,0.118383065,0.27681163,0.23118539,0.8143976,0.23492819,0.118807025,0.3681068,0.8521136,0.36358684,0.20208636,0.43595394,0.6818021,0.4064994,0.3585026,0.5326101,0.7267271,0.5335784,0.37446955,0.7411611,0.7085542,0.7383459,0.27264196,0.9451271,0.704502,0.9264622,1
0.58345,0.11778384,0.5654426,0.10529538,0.611055,0.10616703,0.45714888,0.11826501,0.70816547,0.1213235,0.29872572,0.2306787,0.8130501,0.2382919,0.13304149,0.35384694,0.8264209,0.36049232,0.20316252,0.40134373,0.68555313,0.3851236,0.36710584,0.53831095,0.72131974,0.54070586,0.37730736,0.74659324,0.7005982,0.7450341,0.26019767,0.9462152,0.69125444,0.93004876,1
0.58733106,0.11852198,0.5694068,0.10608129,0.6140869,0.10701523,0.45932597,0.118694596,0.70645005,0.12207208,0.2993325,0.23037508,0.8133591,0.23892204,0.13192981,0.3536572,0.8287913,0.36414707,0.2047246,0.39473972,0.6823461,0.38521037,0.3618748,0.5326424,0.7157688,0.53516847,0.3765432,0.74414253,0.69987506,0.74189895,0.26296115,0.9459531,0.69344044,0.9291801,1
0.6234791,0.11254645,0.61242765,0.09979482,0.63510793,0.100455,0.509385,0.11218143,0.69834226,0.11431714,0.34478062,0.22853568,0.8084285,0.23148932,0.20143937,0.37413567,0.8163197,0.36071014,0.1741701,0.46224862,0.6410204,0.4033623,0.3835964,0.5279034,0.709572,0.52924323,0.37398678,0.7358981,0.6892068,0.74057263,0.27498576,0.9371796,0.67100036,0.931821,1
0.63023,0.12026701,0.61394,0.10788952,0.6527952,0.10909062,0.5051988,0.11940046,0.74372226,0.12229439,0.35364002,0.23312998,0.84549934,0.23658781,0.20107667,0.37989175,0.8457029,0.36594087,0.20386167,0.43958923,0.67365825,0.38269335,0.39163476,0.53983843,0.7327405,0.54114246,0.37258425,0.7408262,0.69266903,0.74482536,0.28204995,0.93625,0.6678771,0.93048143,1
0.64266425,0.11892438,0.6274467,0.106165506,0.66486496,0.107750125,0.5298716,0.11624822,0.75159913,0.12038474,0.39047915,0.22693004,0.83281595,0.2324834,0.22515371,0.38070226,0.80694956,0.3657012,0.16698977,0.4929077,0.67184955,0.410076,0.4040905,0.53277403,0.7143961,0.5344895,0.38174993,0.73553836,0.68534577,0.7393375,0.28492385,0.93524724,0.6373631,0.9291722,1
0.6599902,0.09858527,0.6407478,0.084863566,0.68204945,0.08658223,0.5378845,0.09641008,0.77769625,0.10134372,0.39912772,0.21619332,0.8522161,0.22600162,0.24066865,0.36984977,0.8421294,0.37196976,0.18014657,0.48290816,0.71663046,0.44243008,0.4207639,0.52187246,0.73490244,0.52456826,0.38207942,0.7261695,0.6855485,0.73103344,0.2906521,0.925478,0.6202115,0.9234321,1
0.6611796,0.10310016,0.63880324,0.09001374,0.68452203,0.092223875,0.52534,0.10327182,0.77524203,0.10836019,0.4023658,0.2204013,0.854378,0.22924022,0.24000287,0.3768495,0.84621036,0.37530681,0.16518325,0.487679,0.72708714,0.42881513,0.43360314,0.52433246,0.7480708,0.5258427,0.3914118,0.7230502,0.6808282,0.7283722,0.28016403,0.92118937,0.60905355,0.9189304,1
0.65002596,0.10250816,0.63209766,0.089311115,0.6744293,0.0913022,0.5359466,0.102846675,0.7765776,0.10789356,0.4054601,0.2206188,0.8570165,0.23238486,0.24135742,0.37052816,0.85249966,0.37947816,0.17790355,0.47864294,0.7501322,0.4402307,0.42607552,0.5221583,0.7386234,0.5250666,0.38185346,0.72518045,0.6809743,0.72880983,0.2919156,0.9242729,0.6112251,0.9194647,1
0.65255636,0.099784434,0.6379556,0.08588181,0.67715305,0.08815327,0.53947496,0.09941789,0.76217896,0.1060926,0.40428433,0.21714325,0.843897,0.23677571,0.25749725,0.36286414,0.89130235,0.38310057,0.19018723,0.4804896,0.79727024,0.42849314,0.4118674,0.512831,0.7126559,0.51922804,0.3682102,0.719001,0.66854405,0.72581095,0.27189636,0.9247241,0.5912073,0.92459583,1
0.69091755,0.12011614,0.6737993,0.10479923,0.710803,0.10753094,0.5554159,0.112290524,0.7715479,0.12053418,0.3982274,0.22270057,0.8206235,0.23950437,0.24441594,0.37326702,0.8761682,0.3758881,0.17535274,0.5052795,0.8815409,0.41648397,0.41710523,0.5160369,0.7047548,0.52292645,0.37823868,0.70776576,0.6692264,0.7163107,0.26896492,0.91305494,0.5820784,0.91763246,1
0.752595,0.11327089,0.72682416,0.09795961,0.76649004,0.10104784,0.55127484,0.107844055,0.7800979,0.119988486,0.38921872,0.22353874,0.8220195,0.25210962,0.23976785,0.37956956,0.8785641,0.40191638,0.15932451,0.50892925,0.8656866,0.41714117,0.38781214,0.5212848,0.6795233,0.53387684,0.36719763,0.71731246,0.65411085,0.7312969,0.26885062,0.9176728,0.5690232,0.9312345,1
0.76389486,0.11891704,0.73713404,0.10303264,0.7773029,0.105850935,0.5495071,0.11044364,0.77981925,0.12227426,0.37840188,0.22622965,0.8103927,0.25568858,0.21976973,0.38041827,0.8827098,0.40478298,0.16153266,0.4821555,0.8464791,0.40088108,0.39072272,0.5217886,0.6758559,0.53486735,0.36091623,0.71361345,0.64939135,0.7256532,0.27366605,0.9072349,0.52432835,0.92061645,1
0.73136175,0.28550017,0.7706707,0.26053897,0.7001559,0.25745404,0.77719635,0.22595912,0.5599867,0.2099466,0.8138125,0.30577335,0.31931,0.30020705,0.92732006,0.5106188,0.16855991,0.556693,0.75966555,0.6151872,0.442159,0.61246175,0.6197571,0.6144736,0.301921,0.6155713,0.6369963,0.7558664,0.33369786,0.75833404,0.47052485,0.93396693,0.27990052,0.93962127,1
0.75317204,0.2911825,0.8008329,0.2632431,0.7210991,0.2557425,0.8200056,0.22376588,0.57521385,0.1991952,0.8234816,0.32504886,0.3120683,0.3145857,0.91334623,0.52546066,0.14087188,0.57055354,0.814843,0.62030536,0.47001866,0.61069804,0.6273828,0.7111678,0.29061034,0.7102718,0.6318133,0.8303794,0.26478553,0.8311604,0.52858347,0.94254315,0.21355926,0.95850253,1
0.7650724,0.29557875,0.8126865,0.2678889,0.73473483,0.26096633,0.8272398,0.223366,0.584223,0.19912344,0.81560105,0.3147996,0.31220874,0.3053634,0.90959257,0.5072467,0.15298487,0.55888665,0.8540509,0.61700016,0.48785573,0.61545676,0.5856641,0.72696894,0.2540911,0.72637546,0.57342446,0.9371606,0.22535919,0.94585496,0.48197743,0.9485089,0.20785595,0.96916187,1
0.77057564,0.28528407,0.81741893,0.25486487,0.73159933,0.25178033,0.8348966,0.20696282,0.57445145,0.1915309,0.8287334,0.30545932,0.31363714,0.30203155,0.91505134,0.5065903,0.15279716,0.55916554,0.8526828,0.6202066,0.48602062,0.615387,0.60718083,0.7244185,0.2685009,0.72571063,0.59362066,0.9297556,0.2301291,0.9380322,0.5092631,0.95005023,0.2106799,0.9711416,1
0.7889867,0.28636482,0.8279063,0.2589773,0.7545987,0.2540602,0.8113896,0.22950025,0.5844707,0.21081612,0.785966,0.30454677,0.3535566,0.30496654,0.9009584,0.50844026,0.22293952,0.5758854,0.8854378,0.6257185,0.535394,0.6161372,0.5657954,0.71417147,0.27579138,0.72094876,0.59902924,0.84357494,0.30293953,0.85441166,0.49726853,0.9380715,0.2632681,0.9503994,1
0.82184196,0.27760226,0.8636334,0.25291845,0.79660225,0.24433671,0.8486012,0.22069892,0.6363875,0.19448033,0.76989424,0.29654357,0.36671928,0.3021984,0.8521289,0.47890618,0.19617702,0.58371764,0.9044527,0.6121064,0.5545463,0.6142647,0.58315116,0.7362783,0.2925073,0.7478599,0.6774374,0.9381518,0.28905547,0.9562318,0.6450795,0.8746271,0.23845394,0.9084095,1
0.82944506,0.2779481,0.8706804,0.25036758,0.8001366,0.24230002,0.8546672,0.21724857,0.6369463,0.19353199,0.7912538,0.30435017,0.37278357,0.31712362,0.8490858,0.50597304,0.20078707,0.6280999,0.9222147,0.6160297,0.56860924,0.6124129,0.63488585,0.744416,0.33966208,0.75700474,0.64327055,0.9279932,0.27587214,0.93829787,0.6005554,0.89849627,0.24476586,0.93295115,1
0.84831285,0.19697294,0.87595993,0.16456115,0.81667334,0.16670941,0.80760455,0.14080074,0.6586247,0.15034388,0.7594452,0.2238442,0.4235427,0.2855737,0.85301685,0.4561051,0.29212752,0.62907934,0.9071142,0.5960084,0.6713966,0.61597824,0.5089062,0.67654246,0.28869486,0.7022871,0.4599534,0.8977675,0.25966254,0.89959615,0.4230458,0.9092076,0.22996405,0.92073494,1
0.83419394,0.22217077,0.8566846,0.19219632,0.80952126,0.19838752,0.76476115,0.1484643,0.60779667,0.16017812,0.69304246,0.19116646,0.37300822,0.26606783,0.83816034,0.40742168,0.25620925,0.62319916,0.87379485,0.5906568,0.63841647,0.60791063,0.50420797,0.6484372,0.29363227,0.6847696,0.50184083,0.9047745,0.28889358,0.9234921,0.417975,0.9252184,0.20109539,0.95041114,1
0.84506035,0.24933302,0.8706479,0.22114506,0.8159157,0.21775557,0.82874876,0.1961998,0.6492503,0.18418743,0.7803071,0.29230928,0.37206742,0.32163963,0.84889865,0.47689337,0.2583131,0.61416554,0.8949375,0.6021706,0.6322032,0.60397416,0.6458647,0.7033217,0.3416887,0.72265404,0.7355273,0.9330643,0.28233775,0.95005536,0.72512907,0.93068093,0.20742266,0.95567733,1
0.86895156,0.25766063,0.89592934,0.23080352,0.8319636,0.22781806,0.8583757,0.20971945,0.6628873,0.19980764,0.786539,0.302328,0.39039668,0.32920924,0.82023036,0.49613878,0.29263574,0.61853075,0.87023187,0.60380036,0.7019331,0.60614073,0.6408575,0.6987476,0.34757406,0.7179566,0.7191283,0.9390759,0.3048352,0.96020514,0.71212876,0.9433577,0.24077946,0.96835357,1
0.8612462,0.25768292,0.88993007,0.22954938,0.82393724,0.22574583,0.85511523,0.20626745,0.66378206,0.19567369,0.7928398,0.309495,0.40117797,0.32992572,0.84384453,0.5233508,0.32621387,0.6278732,0.8695843,0.6189263,0.7482506,0.60768235,0.5860587,0.7426426,0.30881196,0.75478274,0.57729304,0.9636679,0.28182626,0.977404,0.5540503,0.9066054,0.25717747,0.9347555,1
0.8581054,0.24831633,0.88911015,0.2217876,0.824188,0.21631297,0.84771055,0.20030692,0.6517709,0.18646981,0.77950805,0.29659322,0.38474748,0.3259793,0.8631235,0.5161321,0.340263,0.6433175,0.86370873,0.6376832,0.746705,0.6096458,0.6042006,0.7724335,0.31342304,0.7904325,0.648098,0.94735414,0.2884884,0.9695727,0.6022606,0.8660005,0.24679682,0.90491843,1
0.8594748,0.24419644,0.8865033,0.21973777,0.82819533,0.21367027,0.8408435,0.20638658,0.661204,0.18946476,0.78319496,0.3039507,0.38819182,0.3239797,0.88243204,0.5142157,0.31170166,0.62773323,0.8599655,0.6319737,0.7206339,0.60917085,0.61702204,0.7595275,0.3273733,0.7736764,0.660067,0.964052,0.29605338,0.9789203,0.65622145,0.868788,0.27273944,0.8943773,1
0.8587151,0.24491619,0.88823485,0.22072011,0.82719314,0.213481,0.8456064,0.20835385,0.66118884,0.1889347,0.7814397,0.30529755,0.38569742,0.3242907,0.8836902,0.515275,0.31583014,0.6321581,0.8645863,0.6305436,0.73052996,0.60325587,0.61340827,0.7873305,0.32128307,0.80160064,0.66670024,0.97120225,0.3109222,0.98451257,0.6497534,0.8460492,0.28544235,0.874212,1
0.8684375,0.24277142,0.8925626,0.22070813,0.84203136,0.21257776,0.834131,0.21068285,0.675803,0.18985453,0.770644,0.30976108,0.4006109,0.32000786,0.8622809,0.51516414,0.3261107,0.60512125,0.8114603,0.6418227,0.6956808,0.63373244,0.5839184,0.70750266,0.31618303,0.71660155,0.61489266,0.94006336,0.2815197,0.95333713,0.62022775,0.9164638,0.25883386,0.9410418,1
0.9009857,0.24161874,0.9156388,0.20929384,0.8636401,0.20603551,0.79233867,0.18751822,0.6485938,0.18194517,0.75174123,0.29915297,0.4211135,0.3244257,0.84542024,0.53098124,0.34242678,0.62950903,0.80263245,0.6307525,0.65706867,0.6594997,0.48216698,0.72601885,0.25428003,0.73504966,0.44171622,0.8950489,0.25018653,0.88488114,0.3551212,0.90968055,0.2374739,0.9175622,1
0.91655207,0.23147398,0.9257387,0.20675644,0.89071447,0.20042945,0.80761516,0.19724303,0.7061275,0.18511501,0.71606094,0.31142828,0.44600192,0.3302243,0.79978174,0.5578812,0.3752136,0.63598996,0.8226055,0.64320844,0.72318184,0.6289935,0.5597648,0.7770354,0.34681898,0.7918581,0.63792866,0.92265344,0.34367752,0.9404764,0.62728417,0.9011765,0.26782107,0.934154,1
0.918563,0.24017027,0.92679036,0.20730253,0.8756565,0.20418729,0.8074706,0.18480462,0.69995487,0.19030805,0.72754234,0.2904141,0.49855685,0.3311244,0.7792192,0.5274742,0.40161222,0.64321285,0.8238547,0.6319956,0.74914145,0.6617851,0.4183022,0.63321894,0.27902254,0.648338,0.32635897,0.8181824,0.24774423,0.81601465,0.27457234,0.934394,0.23457494,0.9428939,1
0.92122394,0.23709792,0.93348616,0.20149268,0.8832634,0.20189728,0.80426216,0.17853105,0.6592028,0.1845326,0.7141277,0.27980855,0.45097485,0.32630038,0.7734198,0.4832944,0.40591326,0.6093072,0.81359714,0.6424893,0.72580105,0.6649418,0.42518884,0.583334,0.26326194,0.60265976,0.34469187,0.823779,0.26791832,0.8225668,0.27498117,0.9453065,0.24006987,0.949159,1
0.9252816,0.22905955,0.9350391,0.20635618,0.8969939,0.20393832,0.830431,0.19570921,0.7199812,0.19025506,0.76355153,0.30234027,0.45724696,0.31395447,0.81302863,0.52565753,0.41024238,0.5715308,0.7715345,0.6892397,0.6890788,0.6979877,0.58638185,0.65578026,0.37151217,0.6629604,0.57310003,0.86894584,0.3323043,0.87422675,0.51530266,0.9730127,0.28145483,0.9852596,1
0.17979515,0.20755515,0.17459579,0.19076788,0.20074138,0.19213918,0.27501148,0.18277492,0.44243044,0.18439561,0.44118565,0.26019055,0.50688475,0.2548689,0.35933053,0.38510367,0.37835482,0.38259783,0.10604959,0.39089003,0.14085291,0.39866355,0.4150134,0.4989962,0.44872358,0.49439496,0.4829486,0.6676771,0.5053337,0.6733705,0.7597626,0.9160106,0.7667239,0.9013771,1
0.17972146,0.20751311,0.17439403,0.19071914,0.20059659,0.19210197,0.27512363,0.18259288,0.44212797,0.18423839,0.44087696,0.2598871,0.507093,0.25450546,0.3596864,0.38441235,0.379127,0.38179085,0.1075741,0.39089963,0.14128107,0.39845812,0.4150147,0.49732497,0.44932607,0.49269783,0.48349607,0.66538054,0.50788355,0.6709059,0.75965726,0.91621494,0.76683944,0.901669,1
0.17897731,0.22134171,0.18035898,0.2070835,0.19820045,0.20707697,0.28606626,0.20075902,0.42944402,0.20144889,0.46080822,0.27753428,0.5093257,0.27363393,0.38292554,0.38797998,0.41420138,0.3895778,0.13920176,0.4067704,0.1758357,0.42736948,0.46647358,0.5104622,0.49186,0.50668997,0.5285464,0.69854087,0.5429547,0.6974971,0.78780323,0.91236156,0.75513077,0.9003912,1
0.24851635,0.24174139,0.23873441,0.23060021,0.2948909,0.22918789,0.302083,0.22383802,0.4758187,0.21983086,0.39841363,0.2868183,0.46545216,0.27262965,0.3737179,0.34743452,0.4587754,0.31060895,0.20896032,0.33911425,0.34247407,0.28152758,0.3546106,0.47641993,0.39532685,0.47109875,0.43295455,0.6527945,0.46449116,0.6553223,0.7507628,0.91351765,0.76352596,0.91037273,1
0.15923429,0.18164234,0.1579086,0.16557579,0.18156503,0.16622338,0.27127603,0.15741135,0.40541723,0.15903488,0.42771387,0.23805347,0.482545,0.23093925,0.35825673,0.36442354,0.3812604,0.3586851,0.14255445,0.37215483,0.15901771,0.39294222,0.44821122,0.45858377,0.4846606,0.4539963,0.47799864,0.63594276,0.5388919,0.6349725,0.78876704,0.9019958,0.7634698,0.89882815,1
0.17066833,0.21006311,0.1653235,0.19493046,0.20588377,0.19741596,0.26901358,0.1914949,0.45973903,0.19467564,0.46005127,0.27232763,0.49140483,0.27193114,0.30897996,0.4048887,0.37610403,0.41705334,0.09698206,0.4185382,0.17159478,0.45518425,0.4273106,0.54259366,0.4342281,0.5383888,0.521358,0.7179668,0.5310065,0.7200966,0.75211287,0.920003,0.75146574,0.90714985,1
0.14845158,0.20316662,0.14375287,0.18793483,0.17999767,0.1874131,0.24168777,0.18324317,0.4480678,0.17915191,0.46032345,0.2655066,0.5336654,0.25065604,0.3624603,0.39722115,0.3760541,0.38374415,0.08966898,0.37419024,0.12157578,0.38445342,0.43593583,0.49041808,0.47514844,0.4791999,0.4539489,0.65520227,0.5201921,0.643901,0.7505021,0.89030224,0.692334,0.87562597,1
0.14795698,0.19701344,0.14511362,0.18044958,0.17453235,0.18286015,0.25267363,0.1733054,0.4227671,0.17708822,0.43461475,0.2535658,0.49408975,0.25044656,0.37666968,0.39228362,0.40082008,0.39082024,0.16626352,0.41602734,0.17091423,0.42187384,0.38608176,0.513888,0.4216007,0.5092348,0.4726419,0.7052691,0.5350382,0.70556253,0.739853,0.92274284,0.7533599,0.9108021,1
0.17968956,0.20815673,0.16205418,0.191995,0.22500807,0.19434805,0.2423222,0.18995567,0.5215848,0.19152051,0.45173693,0.27440932,0.5761798,0.2697272,0.3047098,0.40854132,0.38888726,0.4096003,0.071119875,0.41105142,0.13977706,0.42066035,0.4513816,0.54889756,0.51918054,0.54281384,0.54922116,0.72045255,0.57183844,0.7222877,0.7589724,0.912846,0.76889294,0.8979434,1
0.15791996,0.18917759,0.15406807,0.17272761,0.18283264,0.17470105,0.26854795,0.16368513,0.44160658,0.16724887,0.45650014,0.24314682,0.48509392,0.2423739,0.39349288,0.40024912,0.3290081,0.39660227,0.39382336,0.51731765,0.16836256,0.46236303,0.43813938,0.5239986,0.46166107,0.5209613,0.49767846,0.70907307,0.5360945,0.70717514,0.75469255,0.9163851,0.7477443,0.903278,1
0.15883952,0.19686507,0.1596206,0.17990865,0.18425791,0.18101606,0.27426112,0.17156474,0.43543074,0.17272016,0.45380887,0.25740057,0.50538474,0.25153738,0.40224588,0.40251264,0.38626808,0.39809296,0.11707082,0.4036487,0.12943833,0.41531783,0.43407148,0.521033,0.46734414,0.5153917,0.48534894,0.7101875,0.5419944,0.70948327,0.77286184,0.92288524,0.7704232,0.91174775,1
0.245617,0.20070185,0.23446341,0.18643999,0.2779009,0.18846539,0.3392296,0.1720044,0.5284254,0.17470458,0.48210856,0.25007492,0.5493642,0.24820882,0.34418815,0.39154473,0.3536762,0.39779967,0.11848432,0.42237526,0.1259767,0.44148794,0.44376838,0.5277257,0.48854762,0.5223683,0.4761577,0.7115889,0.5223283,0.7111127,0.7419562,0.91553813,0.7691702,0.9046932,1
0.40678373,0.1895976,0.3936075,0.1762237,0.4477613,0.1739842,0.42554247,0.16598561,0.623858,0.1608045,0.5112603,0.2565784,0.56668746,0.24765636,0.42865178,0.4037186,0.41712603,0.39239454,0.40801182,0.5366753,0.3603333,0.51409173,0.5232303,0.49145046,0.5673855,0.48747635,0.54217976,0.68002695,0.5829059,0.67646027,0.74925375,0.90575314,0.7404426,0.89497304,1
0.38858432,0.19247136,0.37360045,0.1772275,0.41579136,0.1786496,0.4211044,0.15207109,0.5978183,0.15542243,0.5032715,0.2243378,0.56818944,0.22685401,0.37483802,0.37662613,0.41734838,0.391987,0.23689918,0.48537257,0.2983022,0.5182685,0.47655696,0.48953134,0.5284201,0.48742855,0.48263428,0.6922977,0.5237255,0.69269437,0.7328155,0.90903306,0.7592667,0.89868253,1
0.15177406,0.17154488,0.14426938,0.15440454,0.18651237,0.15649138,0.2430956,0.15211095,0.46161422,0.15444255,0.45353374,0.23982361,0.5353408,0.23566593,0.3772617,0.37983507,0.40481186,0.3919787,0.15274404,0.40679806,0.2700388,0.48594627,0.45102653,0.5143972,0.49897036,0.5089396,0.5095252,0.6982404,0.5425297,0.7003825,0.7614368,0.9164677,0.75021106,0.9066385,1
0.20482068,0.18266365,0.21047495,0.1689175,0.22150517,0.17024957,0.30829653,0.16443424,0.40831023,0.16762744,0.4417596,0.24801424,0.48633918,0.24785277,0.46319467,0.39528728,0.47616753,0.39813703,0.3778482,0.5124944,0.3175299,0.51243174,0.38629296,0.51742876,0.42399248,0.51502806,0.47152516,0.6975382,0.51926166,0.6984314,0.7663389,0.9077202,0.77784914,0.9028046,1
0.22984786,0.17483501,0.22635925,0.16204119,0.2608119,0.16346084,0.31047902,0.16067357,0.45611188,0.16124897,0.44032732,0.24495147,0.48216897,0.24397506,0.44195816,0.40047812,0.425218,0.41434848,0.39850238,0.52783465,0.42809403,0.55875236,0.42258242,0.5002893,0.4550233,0.4977223,0.4889582,0.6782091,0.52869165,0.6795278,0.7492807,0.9125016,0.778188,0.9042113,1
0.5377337,0.18880063,0.5239971,0.17646489,0.5674167,0.17775136,0.52313036,0.17099686,0.72610354,0.17362928,0.51805973,0.25267163,0.6184979,0.25599003,0.3362274,0.41014645,0.37450805,0.41945457,0.32206193,0.54260236,0.34688067,0.5511403,0.5554409,0.549551,0.6300275,0.54974157,0.5045221,0.7062753,0.5346764,0.7067797,0.70726806,0.91698235,0.74242526,0.9030049,1
0.1982683,0.20304526,0.19199564,0.18699618,0.24757569,0.18755884,0.27164584,0.1866037,0.5164859,0.18466234,0.4522597,0.2821328,0.5509096,0.2769064,0.43300453,0.42231762,0.44188994,0.42214397,0.2676597,0.5294719,0.23384976,0.5253459,0.38889506,0.5568947,0.45638138,0.55086833,0.48302263,0.72134227,0.5387256,0.72078836,0.74220926,0.9157129,0.770511,0.90419155,1
0.14644514,0.16145748,0.13232717,0.14424033,0.19004929,0.14670968,0.23110053,0.1430559,0.49911892,0.14621139,0.45415804,0.2308359,0.5422379,0.2285725,0.38211417,0.36436072,0.36936978,0.37915194,0.15690604,0.3757613,0.16534655,0.4524081,0.44116727,0.5131352,0.4964659,0.50754666,0.48426792,0.69870913,0.5199432,0.7014197,0.74052083,0.91014236,0.7392656,0.89691806,1
0.18971089,0.15354094,0.18344992,0.1391387,0.21777906,0.14224358,0.2736601,0.13838997,0.44576424,0.14330372,0.44839284,0.22831176,0.5144327,0.22785512,0.3857212,0.3701023,0.40866143,0.37763152,0.2077685,0.3676722,0.19393043,0.40034342,0.41541958,0.5128634,0.4615898,0.5080375,0.48076686,0.6900656,0.5315641,0.6904614,0.7409015,0.9101674,0.7620582,0.9028512,1
0.3137485,0.21426235,0.32764396,0.20492975,0.34189093,0.20342794,0.44176194,0.19547537,0.5360687,0.19127516,0.45544344,0.25817415,0.48726687,0.25410816,0.28685537,0.3938678,0.33385146,0.39551473,0.37715307,0.4501855,0.3910162,0.43430758,0.4411594,0.5310327,0.47435132,0.52889687,0.45795166,0.6882249,0.50377744,0.68858635,0.743179,0.91015995,0.7681592,0.90095365,1
0.4553839,0.08477048,0.45520416,0.076331325,0.48882067,0.07686004,0.5269966,0.04690036,0.6258443,0.048513025,0.5693007,0.07037839,0.5662995,0.06724786,0.3867563,0.19584395,0.35158017,0.17940153,0.31810325,0.24372412,0.37401348,0.19775042,0.56521785,0.34823215,0.5869904,0.34692723,0.47555473,0.60683614,0.49133793,0.60743606,0.72807366,0.9050436,0.73754275,0.8902507,1
0.35105982,0.20157228,0.35863292,0.18681234,0.3858999,0.18718219,0.4836649,0.16634165,0.61083204,0.16771393,0.52429557,0.23980224,0.5972993,0.23908609,0.33372566,0.3771389,0.4545297,0.37055218,0.218755,0.41404003,0.2925593,0.37984097,0.45046848,0.5131674,0.49934182,0.5100583,0.4945629,0.70313704,0.5496009,0.7029763,0.7413932,0.91362613,0.74986696,0.90849817,1
0.32433972,0.20153649,0.30961624,0.18347378,0.37242666,0.1837,0.46263945,0.15302035,0.6438844,0.15473294,0.55091274,0.22536555,0.59388256,0.22085033,0.34007517,0.35545284,0.42264953,0.3327011,0.20995441,0.39301804,0.26684412,0.29993486,0.52273285,0.43729624,0.56359947,0.43467936,0.48112786,0.6413835,0.532461,0.64088917,0.7271651,0.9029288,0.7358377,0.90448606,1
0.23370521,0.37091073,0.23868781,0.35406753,0.25637585,0.3516369,0.45585135,0.32916757,0.5366343,0.32519236,0.54308844,0.36060008,0.6030344,0.34993595,0.26532733,0.36282793,0.42291695,0.36209688,0.26333115,0.38436642,0.2700223,0.38234305,0.57395035,0.54408354,0.62645286,0.5373106,0.5059431,0.6429566,0.5701356,0.64004797,0.7761272,0.9081661,0.7959147,0.8987176,1
0.17756279,0.15414101,0.1725845,0.13828693,0.2078533,0.1402936,0.29038346,0.13817964,0.49072674,0.13948503,0.44918385,0.23091099,0.5657851,0.22337736,0.27814478,0.38195246,0.38389224,0.3809795,0.07398569,0.40009823,0.13415843,0.41113573,0.5101882,0.5009432,0.59167725,0.49433783,0.5043608,0.6450219,0.5680028,0.6423695,0.7309136,0.90988076,0.7612909,0.906286,1
0.30787256,0.14418945,0.3086299,0.12892446,0.33833796,0.13094462,0.421989,0.13239646,0.5877578,0.13452792,0.5585994,0.23087929,0.68369496,0.22755745,0.3843367,0.38750038,0.49381438,0.3917596,0.1778778,0.4088631,0.21862198,0.42199287,0.55935067,0.52392197,0.6436492,0.51739246,0.58288795,0.6984001,0.63977844,0.6931158,0.77842116,0.91719437,0.7893035,0.9087016,1
0.3097834,0.13819137,0.297948,0.12276936,0.35036466,0.12468133,0.38227427,0.12811056,0.6261904,0.12886043,0.5277525,0.22806482,0.7272125,0.22075787,0.39834607,0.37192285,0.5463049,0.36866882,0.08194168,0.37493247,0.15481639,0.374289,0.53741854,0.5114004,0.6665363,0.5028347,0.5598264,0.7005823,0.644949,0.6954416,0.77374256,0.9233843,0.78347737,0.9175072,1
0.33372277,0.14043103,0.33030844,0.124013096,0.37304294,0.1254702,0.4219781,0.13010278,0.6445802,0.13045111,0.5424492,0.22520538,0.7216215,0.21785532,0.38410783,0.3619483,0.49774644,0.3565924,0.09641148,0.38071692,0.1707958,0.38005126,0.5521743,0.49563396,0.6646555,0.48893768,0.55558205,0.6811561,0.63941425,0.67995983,0.7627981,0.9125965,0.7532902,0.9126468,1
0.18473789,0.36837482,0.18683739,0.35086638,0.24057208,0.34700644,0.38236836,0.35547385,0.5711474,0.34371683,0.4633329,0.43952033,0.6099055,0.41443908,0.31836087,0.4238951,0.57748777,0.40275395,0.30098584,0.43006974,0.34708452,0.43749216,0.52255434,0.56352425,0.60670793,0.5532777,0.4856486,0.6822817,0.55782527,0.67705804,0.76806,0.90222675,0.7746371,0.8977561,1
0.39994454,0.2872362,0.38357133,0.28141147,0.45651138,0.2806812,0.43742067,0.28370023,0.68690836,0.2795681,0.4937008,0.33811337,0.6223977,0.3314797,0.3410201,0.42896116,0.45553327,0.42859283,0.35094735,0.49605668,0.39194506,0.5018093,0.5209405,0.5703436,0.59767836,0.56549907,0.55183476,0.7315948,0.5872863,0.72757006,0.742664,0.91928625,0.7723925,0.90654165,1
0.21326011,0.17160206,0.19918165,0.15744038,0.2689144,0.15912743,0.2709419,0.1639225,0.55326366,0.16442867,0.3961816,0.26127034,0.57851535,0.25964484,0.24480863,0.4049412,0.3836072,0.41134894,0.25691822,0.47681096,0.28767595,0.47437665,0.39292482,0.5451132,0.50266725,0.5407513,0.4885212,0.7011523,0.51652783,0.69993985,0.72856593,0.9108785,0.71143824,0.8988066,1
0.43993497,0.10298388,0.44535357,0.08671322,0.43835953,0.088787265,0.40757462,0.077037096,0.50596267,0.08217616,0.3263533,0.15766339,0.6835989,0.16448379,0.23780978,0.28078985,0.8871921,0.2910115,0.16195518,0.41862774,0.75946325,0.41482863,0.41607141,0.43536,0.6303676,0.43608817,0.47720915,0.66163105,0.63550514,0.6546338,0.6247116,0.8963072,0.64050645,0.8769022,1
0.42652953,0.118007,0.40479505,0.10289246,0.43764076,0.104556665,0.30449983,0.09768496,0.53953147,0.099447496,0.27108085,0.18692261,0.70005965,0.18129684,0.25771275,0.3142028,0.90083575,0.30510578,0.35561642,0.42465824,0.7802463,0.4194922,0.39129236,0.46641842,0.65657926,0.46306306,0.4650599,0.66797376,0.63044083,0.6600652,0.63473696,0.89725536,0.6403758,0.8856491,1
0.45477027,0.11485586,0.4525984,0.10774116,0.45897004,0.10697614,0.4182582,0.10377493,0.55017745,0.1008473,0.3482926,0.16793136,0.6026141,0.15708943,0.18538262,0.31437775,0.48793203,0.29429612,0.14256376,0.41697606,0.31446233,0.40547153,0.4327133,0.45164183,0.6102482,0.44664267,0.4669265,0.6673894,0.63066036,0.65884185,0.63123375,0.9059462,0.65549797,0.88935477,1
0.38130388,0.10387282,0.36043563,0.094758846,0.4038757,0.09469829,0.3086643,0.09300947,0.55585265,0.09061237,0.29695395,0.17323089,0.68887246,0.16081953,0.22376159,0.32801044,0.80136067,0.29367593,0.18174227,0.44377288,0.6549551,0.39157325,0.4073349,0.44810325,0.65725505,0.44141972,0.44908896,0.66072416,0.6276937,0.6511534,0.6191781,0.9051706,0.6483178,0.8904561,1
0.45746306,0.14346372,0.43430954,0.13326493,0.46322677,0.13173534,0.37007353,0.105771594,0.502087,0.10549446,0.39413545,0.1339778,0.47724828,0.12815915,0.4134404,0.22117224,0.45816994,0.20402281,0.39281815,0.29829183,0.42190924,0.273531,0.4658191,0.37656435,0.5352741,0.37614068,0.49221456,0.6436576,0.5997933,0.63872147,0.6178492,0.9016358,0.6495778,0.89024127,1
0.5286839,0.13148369,0.5047908,0.119328775,0.5286723,0.12043861,0.37500513,0.119079866,0.57148993,0.12045316,0.29970184,0.20108669,0.68570197,0.18919256,0.20078051,0.3212396,0.80699,0.2678964,0.17347068,0.41091648,0.75834876,0.27889666,0.44701716,0.467176,0.68518084,0.46431324,0.50075734,0.67241263,0.6797316,0.6639894,0.6485538,0.89701194,0.69935083,0.8838818,1
0.3371155,0.19304733,0.30218947,0.1806675,0.35732794,0.18104902,0.30815017,0.1437974,0.47240332,0.14696804,0.39301732,0.15463462,0.48247662,0.15483314,0.35828024,0.19813304,0.37963295,0.20624901,0.29731593,0.30144095,0.24956493,0.30926928,0.5136596,0.36909056,0.5864189,0.36963898,0.54163814,0.6672109,0.63572145,0.6622415,0.69206756,0.9035578,0.7077296,0.89369464,1
0.5588273,0.17706962,0.576926,0.16270939,0.5315173,0.16315913,0.55864453,0.1483242,0.49811926,0.15051289,0.5506484,0.21833538,0.41895708,0.22046727,0.31725943,0.34685352,0.24601728,0.35258248,0.16721274,0.44058892,0.1080745,0.45738655,0.5971534,0.48094139,0.5277522,0.48268986,0.5842889,0.6696863,0.61360884,0.66851354,0.6897446,0.90289515,0.681256,0.89429957,1
0.45417705,0.16080365,0.45771343,0.14954567,0.43507943,0.15008835,0.423027,0.1378194,0.43475133,0.13871993,0.44647288,0.19833279,0.38707012,0.19916715,0.3207101,0.34048074,0.24910924,0.34962377,0.34601736,0.4503737,0.15901405,0.45903504,0.5757437,0.48305386,0.5575571,0.48607624,0.5892391,0.66030747,0.63223565,0.6598877,0.6982909,0.90656215,0.69974613,0.9013957,1
0.52749693,0.1764345,0.53731614,0.16306762,0.51433325,0.16280203,0.5279854,0.1358568,0.49773398,0.13746004,0.5455753,0.17611937,0.39270714,0.17943619,0.3958159,0.27003512,0.22206843,0.28934497,0.26074925,0.38369843,0.10366825,0.4256092,0.5664648,0.4225951,0.49151447,0.4243934,0.5567498,0.6632052,0.5985024,0.66017413,0.6818779,0.90184814,0.6734463,0.8958639,1
0.4117297,0.15869035,0.3945098,0.14979811,0.45391735,0.15074772,0.41668898,0.11321578,0.5377469,0.11649241,0.3858947,0.11132573,0.4422443,0.12071256,0.3169621,0.11410823,0.2582571,0.1358066,0.3955634,0.14791296,0.3429675,0.17397211,0.5625228,0.33820862,0.6071709,0.34692448,0.6376547,0.623079,0.63487786,0.6257246,0.7094974,0.9004699,0.6928599,0.8946467,1
0.7538457,0.06262311,0.76160574,0.05567832,0.7731661,0.057443857,0.79845434,0.025127841,0.756843,0.030633068,0.6927173,0.02322011,0.5573392,0.026479626,0.4745211,0.080196664,0.27071857,0.08196511,0.4724405,0.13831119,0.41138992,0.14524512,0.6545628,0.27164885,0.5920114,0.2769045,0.6298311,0.5986388,0.6120326,0.5963012,0.67842424,0.89571226,0.66973054,0.88996375,1
0.13455948,0.12525767,0.11548308,0.110326715,0.17510794,0.11135044,0.1675448,0.12099905,0.4747447,0.11768922,0.2881972,0.23563056,0.6486562,0.22331958,0.23762253,0.39145762,0.61743957,0.36959857,0.20904183,0.50142306,0.30658025,0.4699658,0.49182647,0.5232231,0.72091323,0.5154817,0.52042985,0.71081525,0.65451,0.7054547,0.6643504,0.9162628,0.69722193,0.90194595,1
0.17189664,0.13730893,0.15556782,0.12119245,0.20655763,0.12184734,0.2099212,0.12762722,0.48327848,0.12480912,0.33913264,0.24605054,0.57957995,0.23479825,0.24526924,0.40224782,0.43226993,0.3836045,0.22182603,0.5007128,0.23845823,0.4862594,0.538127,0.52863085,0.69808733,0.52207327,0.5594731,0.7111111,0.67140627,0.7045332,0.69081587,0.9162866,0.72386503,0.89983493,1
0.14701314,0.12721263,0.1279,0.111474186,0.18613513,0.11292929,0.18419476,0.118384175,0.47337088,0.11676426,0.29803234,0.22950366,0.600972,0.22122927,0.22631362,0.3835039,0.50966704,0.3784897,0.26972523,0.5164234,0.31287792,0.52410704,0.49399477,0.5122944,0.69284844,0.5059333,0.5184358,0.6986435,0.6447184,0.6921193,0.66917515,0.9144967,0.69245106,0.8967526,1
0.16921988,0.08099675,0.15998156,0.064315505,0.2356195,0.06270661,0.20531462,0.0751524,0.57948995,0.06479387,0.2578527,0.18606724,0.78826785,0.16818413,0.19180684,0.3432743,0.935833,0.3269871,0.2707635,0.46406016,0.75248075,0.46289575,0.44114873,0.48178434,0.7530854,0.47372967,0.54924524,0.6821983,0.65818965,0.67930555,0.7058241,0.9049742,0.68440837,0.89096683,1
0.1589056,0.04684038,0.1392788,0.02986846,0.21561646,0.030975962,0.16754687,0.039087772,0.5377882,0.034513474,0.23382987,0.14756203,0.7148667,0.1347684,0.14525416,0.30363017,0.66602,0.2944302,0.13783666,0.4150723,0.27454868,0.42782614,0.43567768,0.45066634,0.73825717,0.44192186,0.4995506,0.6625359,0.63998854,0.6571919,0.6786926,0.8983985,0.67202204,0.88049936,1
0.13653116,0.057947785,0.12567537,0.043417268,0.18980223,0.043004848,0.19588219,0.05288616,0.52071786,0.04661794,0.22986104,0.16659175,0.7310261,0.15056044,0.21085134,0.32427654,0.87887895,0.30074504,0.16246085,0.4461303,0.64735585,0.4099463,0.39987844,0.4660824,0.71774834,0.458989,0.5081211,0.6813723,0.7428978,0.6735094,0.6166348,0.8930929,0.81217206,0.88181484,1
0.3506419,0.13676141,0.3345862,0.12693566,0.3668746,0.1266281,0.28866723,0.12716866,0.51862705,0.12262982,0.29129827,0.20924313,0.6613181,0.18844885,0.20289563,0.35910437,0.78973126,0.29940435,0.2114933,0.4676787,0.66158843,0.37266704,0.46439797,0.48317862,0.70505,0.47400454,0.5176412,0.67775214,0.75041544,0.6637897,0.6416151,0.91098857,0.80770266,0.8704974,1
0.45358038,0.11770254,0.50571597,0.102707766,0.3964831,0.10284662,0.56796455,0.087711714,0.34828526,0.08933907,0.5694509,0.15291058,0.35120752,0.16430049,0.5513562,0.2603646,0.17774321,0.32672188,0.56080616,0.3484151,0.116994366,0.49624267,0.6139,0.47375178,0.5242121,0.4742898,0.5601064,0.6809151,0.6651257,0.6698126,0.6144849,0.90546495,0.7409159,0.8774714,1
0.40797675,0.12949257,0.43863457,0.12041644,0.37973827,0.12174936,0.4610736,0.11812104,0.3751983,0.12165684,0.46978438,0.17708382,0.4013161,0.1916158,0.5426812,0.25586623,0.23073047,0.32045653,0.66697097,0.28673473,0.17012952,0.41899097,0.543786,0.47013587,0.54685956,0.47429484,0.5638304,0.6733042,0.67844594,0.6680373,0.6386209,0.8974867,0.75873476,0.8685791,1
0.3735726,0.08418521,0.3559529,0.073847294,0.39971918,0.073065996,0.3336083,0.060272593,0.5507939,0.05768075,0.35090888,0.119885534,0.6438537,0.10866403,0.3266525,0.25665736,0.7182069,0.22806601,0.4784144,0.3628277,0.72084874,0.30479977,0.44379112,0.39142573,0.6538585,0.38631204,0.50847626,0.62896687,0.7194064,0.6176285,0.61163163,0.90819126,0.78699917,0.87993544,1
0.37209147,0.08567462,0.36058143,0.07504148,0.39918292,0.07498193,0.30238825,0.07348399,0.5370259,0.0706408,0.2369357,0.151615,0.6809696,0.13934273,0.1425597,0.2865379,0.85092664,0.24085632,0.21793537,0.38300374,0.8360666,0.26996037,0.3775688,0.43115345,0.660786,0.42797163,0.48151362,0.64162815,0.7140451,0.63505447,0.5771598,0.90256274,0.746487,0.88402814,1
0.40241566,0.074391074,0.38227051,0.06441975,0.41399196,0.06477527,0.3064243,0.06771307,0.53889805,0.06432915,0.27522516,0.16422346,0.67976826,0.15009841,0.16343264,0.33697033,0.7771974,0.29454952,0.21542811,0.45475236,0.7562301,0.37497756,0.4863828,0.46452963,0.7556169,0.4581325,0.534905,0.67388576,0.7653599,0.6576617,0.6125031,0.91379106,0.76581335,0.8716365,1
0.30875194,0.15433976,0.2633854,0.13998578,0.35036442,0.14220446,0.25667536,0.088502415,0.4461166,0.09664369,0.38232315,0.08458414,0.49065575,0.09222002,0.55555046,0.09012442,0.5009592,0.09555102,0.67637426,0.17039587,0.6120966,0.18168207,0.47280514,0.23468256,0.57938236,0.24079521,0.5574274,0.59023297,0.6316918,0.5911722,0.6175105,0.895153,0.67509204,0.87784076,1
0.49591407,0.11146355,0.4847896,0.10157213,0.50897855,0.10230685,0.47690788,0.08517614,0.62339705,0.08617845,0.5023281,0.1242846,0.6406434,0.118638426,0.6094547,0.20852423,0.67921036,0.20255338,0.7767593,0.25184128,0.7709677,0.23967552,0.5286338,0.415061,0.652261,0.41041967,0.5487493,0.63897675,0.71416664,0.62428665,0.52147484,0.9057237,0.7147705,0.86496437,1
0.2902929,0.104907036,0.26532483,0.096167706,0.34916708,0.09850683,0.33388355,0.068293236,0.57657814,0.074114606,0.39963186,0.07161641,0.6660133,0.07207937,0.47583988,0.12563905,0.65810543,0.1254989,0.7252416,0.18534069,0.74304456,0.20082745,0.4135082,0.25944433,0.62390274,0.2557504,0.40834966,0.56625986,0.6782509,0.55130386,0.48595634,0.9031246,0.66417867,0.8664354,1
0.29680863,0.13669623,0.26387092,0.11881809,0.32447574,0.12091661,0.29098383,0.0767786,0.3968446,0.08419333,0.42947078,0.061901525,0.37977096,0.06458835,0.5695434,0.051092956,0.32599336,0.06360207,0.71701777,0.12503095,0.53170604,0.12910871,0.5265687,0.21708225,0.5271566,0.22285025,0.5460625,0.56412816,0.5830243,0.569359,0.5510443,0.8843729,0.5632847,0.88842356,1
0.40685663,0.12083502,0.3693499,0.110938355,0.45150036,0.113193795,0.32875028,0.07714395,0.58316976,0.083940886,0.36732477,0.08172674,0.6598139,0.08632927,0.5123738,0.12603498,0.7299784,0.1343863,0.7559099,0.19380642,0.79768497,0.2169525,0.41541922,0.2928535,0.63581735,0.29281726,0.452466,0.5903875,0.69264317,0.5770571,0.5090251,0.909127,0.6559044,0.8691852,1
0.2708489,0.06817032,0.27794662,0.05441828,0.28700292,0.055506423,0.30261722,0.06414189,0.4487312,0.06404491,0.3355706,0.17647582,0.6490982,0.17899218,0.43814805,0.30502453,0.8306963,0.31216118,0.6496791,0.3312878,0.8869922,0.34824172,0.42624208,0.43546832,0.65672666,0.43141383,0.4298118,0.64333904,0.70843387,0.629191,0.49789682,0.9119542,0.6783275,0.86295575,1
0.29091585,0.09279718,0.26560375,0.0786706,0.32683447,0.078988366,0.21538977,0.079367876,0.52423906,0.0782415,0.1897687,0.1843136,0.6978125,0.17981824,0.24574561,0.33933613,0.83343494,0.3202098,0.4718159,0.395735,0.84558034,0.3390595,0.32950985,0.4357076,0.69072,0.43353003,0.37285706,0.6426145,0.7383871,0.6343783,0.40816346,0.90492445,0.66959846,0.875683,1
0.33445406,0.123209104,0.29341072,0.111485384,0.38416466,0.114478394,0.22697149,0.09166074,0.585565,0.09723311,0.24508739,0.14802195,0.74523795,0.15212865,0.24235366,0.27624494,0.86101353,0.27518734,0.3687687,0.33986118,0.8454971,0.34168237,0.36796036,0.3955655,0.71519274,0.3929943,0.3981062,0.6368575,0.740195,0.6217876,0.4690116,0.9215552,0.674777,0.86967146,1
0.27299154,0.07920719,0.26936483,0.064134836,0.33652,0.06536785,0.31115958,0.075419426,0.6138204,0.07316117,0.25036874,0.18323465,0.7840484,0.18289956,0.11200192,0.33598217,0.876395,0.33315277,0.1632957,0.43804798,0.866415,0.3932023,0.37345955,0.46561876,0.7259805,0.46186864,0.43690982,0.6627898,0.7153392,0.6522425,0.47403976,0.9147915,0.68830085,0.8700167,1
0.34239897,0.06731591,0.33796006,0.052955393,0.39126396,0.053669546,0.33007103,0.06638966,0.61200386,0.06388102,0.22972058,0.1760755,0.7747536,0.17544428,0.06577536,0.32178247,0.8717486,0.3298904,0.083050676,0.44543493,0.8631522,0.4597268,0.36431286,0.46644944,0.7236997,0.46217436,0.4372326,0.66817564,0.7135154,0.6546924,0.47060707,0.91459125,0.67271,0.8675027,1
0.38641718,0.08698984,0.3625599,0.074259765,0.42735294,0.07470484,0.28588057,0.08264509,0.6124844,0.08197642,0.18257035,0.18967196,0.75758135,0.18863647,0.094068035,0.35051766,0.88559616,0.34526387,0.18877788,0.43268546,0.85906386,0.4002392,0.31589374,0.46676326,0.7055455,0.46700728,0.4085284,0.66906315,0.7664443,0.6619088,0.38836733,0.91803044,0.6980983,0.89124113,1
0.3201449,0.23448169,0.34652543,0.22096287,0.32653913,0.22066864,0.49660397,0.20991872,0.5209968,0.20766997,0.45728508,0.26425418,0.68947405,0.25513068,0.47788593,0.32136393,0.7663058,0.311282,0.6437758,0.2917819,0.76471585,0.2800572,0.4563541,0.4855375,0.64380044,0.48031622,0.41181675,0.6823085,0.6931588,0.6801061,0.39038095,0.9075145,0.6597318,0.8937996,1
0.72326565,0.2185154,0.7859022,0.19943877,0.68757117,0.18705736,0.8908103,0.17294788,0.6268697,0.14485084,0.92494315,0.28694946,0.43772268,0.20783864,0.89110494,0.47486022,0.12619998,0.28341067,0.77455074,0.5667193,0.24207358,0.37375662,0.60569674,0.58763057,0.29379383,0.5496152,0.51747894,0.79087764,0.2023392,0.75540996,0.42702907,0.96121216,0.12745684,0.93955123,1
0.7083373,0.22081855,0.7741724,0.20162337,0.6732046,0.18805961,0.88447005,0.1755756,0.61506516,0.14458847,0.92378247,0.29835507,0.44384855,0.20778355,0.86210084,0.5003807,0.1261537,0.28008103,0.77228165,0.5676592,0.25808012,0.37468818,0.60833365,0.60202086,0.3002157,0.5593476,0.52650017,0.8133898,0.21237966,0.7718147,0.4311009,0.9710505,0.1281738,0.9423298,1
0.7214975,0.17682719,0.78896064,0.15865436,0.6877438,0.14849877,0.891052,0.15200871,0.62840503,0.12796625,0.9186837,0.28384054,0.44298434,0.2041491,0.84790146,0.49377415,0.11625227,0.27578366,0.77970153,0.56811816,0.24596472,0.35493627,0.6259192,0.59271973,0.31703982,0.5556609,0.5416292,0.811746,0.21885179,0.77432835,0.4349354,0.9693123,0.12148809,0.9505186,1
0.7012234,0.20252006,0.77173686,0.18455009,0.6675413,0.17197056,0.88533443,0.1654687,0.6137407,0.13476758,0.9207153,0.28694403,0.44345522,0.20321928,0.90325284,0.47656614,0.105468675,0.27175558,0.79012144,0.5635192,0.29130372,0.36481896,0.6064407,0.60088104,0.31150973,0.56218624,0.5160175,0.83657855,0.23996821,0.8017952,0.38736004,0.9768363,0.14725514,0.96328384,1
0.69683415,0.20335273,0.7661427,0.18377003,0.6627109,0.17176981,0.885745,0.1656682,0.6115852,0.13699841,0.922269,0.3010467,0.45675948,0.20758577,0.8452754,0.5097558,0.13580972,0.26661563,0.78091747,0.5557235,0.30592626,0.35549015,0.6211175,0.6108494,0.32282907,0.56961524,0.5460199,0.82974553,0.24840043,0.7959925,0.4407836,0.9715214,0.15464447,0.95442647,1
0.6879468,0.20795079,0.75743943,0.18656445,0.6505015,0.17435427,0.8777195,0.1622572,0.59704936,0.13380924,0.92090726,0.29695976,0.44922787,0.20706567,0.85975444,0.5024628,0.13423234,0.2698518,0.78148806,0.56083256,0.30446836,0.35367438,0.6235623,0.6104521,0.3236334,0.56996834,0.5453858,0.8321053,0.24719743,0.796404,0.43933782,0.97351074,0.15340456,0.95627713,1
0.6891821,0.13641104,0.75540173,0.11986712,0.66256326,0.11055445,0.8682558,0.13054122,0.6194747,0.10722098,0.912693,0.27906927,0.43604082,0.2075818,0.87439495,0.47729072,0.11270535,0.2804633,0.78558874,0.5631902,0.3186238,0.34708485,0.62794805,0.6082691,0.31858808,0.5764742,0.56622124,0.8281042,0.24465135,0.8035536,0.47625753,0.96970063,0.15906832,0.9574754,1
0.67120695,0.19916601,0.7390841,0.17780466,0.63259685,0.1672935,0.8542327,0.1564726,0.5768911,0.13183303,0.8965444,0.2865779,0.4231979,0.21213807,0.8693242,0.47961906,0.11363006,0.27740702,0.78581136,0.5619321,0.34023538,0.34311038,0.62523144,0.61637235,0.3246421,0.5847038,0.56682074,0.8310049,0.2644367,0.80874527,0.47267333,0.96985316,0.17234658,0.9584599,1
0.67716825,0.2000358,0.7418426,0.17783241,0.6354589,0.16978875,0.85256314,0.15784684,0.5778244,0.13855362,0.91571754,0.28579766,0.42662776,0.21700177,0.9030352,0.4676217,0.12246538,0.28084362,0.7956656,0.5615694,0.3674764,0.3652913,0.64907944,0.62056804,0.33999887,0.58970475,0.56873804,0.8539083,0.26977533,0.8278398,0.46412405,0.9689488,0.1927642,0.96387255,1
0.6618076,0.18071485,0.73121953,0.16189499,0.6136569,0.15627389,0.8387185,0.1596406,0.54065025,0.14350662,0.89120466,0.2829862,0.41087842,0.22052519,0.8915083,0.4647209,0.109536655,0.29101098,0.7877936,0.5409907,0.37429982,0.34257737,0.65132046,0.60041326,0.34923175,0.57319045,0.5763822,0.8266036,0.27295938,0.80742437,0.48562425,0.96572363,0.19672476,0.95795226,1
0.66507846,0.1861743,0.7307264,0.16393581,0.6177778,0.15788412,0.83764315,0.14920692,0.5501085,0.13354768,0.9051909,0.2717868,0.41361344,0.21002774,0.90377384,0.45330462,0.110889405,0.27809462,0.781752,0.54294366,0.37665907,0.3417316,0.6672501,0.5965789,0.35527137,0.56956375,0.59072053,0.8382151,0.27575648,0.8160998,0.4980483,0.97014415,0.18891875,0.96548593,1
0.6670813,0.1905489,0.7367397,0.17013511,0.62891793,0.16056418,0.85897493,0.15152735,0.579516,0.12876911,0.90373725,0.27476713,0.44098476,0.20871678,0.90617543,0.45905566,0.1215344,0.28560042,0.7853793,0.54022944,0.38875,0.35146454,0.6532791,0.6039196,0.36463532,0.57483643,0.58608854,0.8284985,0.28547302,0.80519843,0.4983721,0.9712802,0.22027443,0.9624576,1
0.67007697,0.18706875,0.7415499,0.16536914,0.627547,0.15539627,0.8529253,0.14377128,0.5631531,0.12018371,0.90195304,0.2688316,0.4147893,0.20766325,0.9250923,0.45261395,0.10523788,0.29459137,0.7969614,0.5345389,0.39796457,0.34973684,0.6538784,0.6357462,0.35146403,0.60906947,0.5722317,0.8940601,0.27415588,0.87260234,0.5073007,0.9879622,0.22185959,0.98591727,1
0.6651729,0.1945139,0.7383622,0.1738977,0.62423587,0.16377859,0.8551699,0.15523677,0.5648625,0.13165998,0.8996261,0.2773638,0.41758958,0.2188594,0.91632146,0.44943964,0.10791347,0.3013158,0.8001357,0.52429974,0.4020181,0.35438514,0.65822875,0.64975005,0.35478035,0.62366235,0.5782019,0.90145206,0.27296805,0.87822646,0.52657866,0.98442566,0.22053637,0.9851359,1
0.6692882,0.19310006,0.7375752,0.17203997,0.6267404,0.16351694,0.850959,0.14473777,0.5649547,0.12521677,0.9122101,0.24996562,0.4249972,0.2018219,0.9295862,0.4153622,0.12997653,0.29375166,0.81792086,0.5187457,0.40225542,0.35546783,0.69206613,0.59565026,0.38515377,0.5742254,0.622494,0.8303053,0.2947715,0.8150305,0.5490794,0.9715824,0.23576088,0.9743912,1
0.66446686,0.20744433,0.7310221,0.18301806,0.6161441,0.17655559,0.8581862,0.14223829,0.56518584,0.12925506,0.9345009,0.24384086,0.43501088,0.20336662,0.95008796,0.41898206,0.10821526,0.30727184,0.83138674,0.52461255,0.41973743,0.36261085,0.7066668,0.60806173,0.39741552,0.58870155,0.620942,0.86996377,0.3110165,0.8545325,0.5597246,0.98506397,0.24795288,0.9909212,1
0.66765296,0.2128646,0.73055637,0.18873082,0.6199307,0.18308191,0.8552688,0.14698239,0.5714279,0.13642393,0.9327806,0.23923615,0.42826903,0.20084149,0.9303375,0.4077652,0.1147004,0.3061923,0.8140016,0.5198479,0.41037628,0.3687553,0.7153622,0.59561247,0.4011049,0.5773505,0.62212336,0.8720817,0.32908127,0.84996533,0.54772055,0.9931447,0.2740618,0.9976066,1
0.6480172,0.20695996,0.7105279,0.18209848,0.60175693,0.17715196,0.83330154,0.14657255,0.55517143,0.13694926,0.91192365,0.24547963,0.42103273,0.20713124,0.94906914,0.41292658,0.12088481,0.30025288,0.82405233,0.5130733,0.40180013,0.35258982,0.6982554,0.5884714,0.39568523,0.5709782,0.6127804,0.86221904,0.33715278,0.84328914,0.57062286,0.98088104,0.2915332,0.98677266,1
0.6450456,0.21002497,0.69793296,0.18984997,0.5957212,0.18433848,0.817296,0.14439829,0.55229145,0.13571028,0.92089105,0.22791727,0.4324307,0.18517633,0.93537366,0.40527833,0.10210692,0.28311533,0.83427066,0.5210964,0.42810738,0.34645724,0.7158444,0.5793655,0.41806796,0.5612736,0.6324493,0.83664703,0.3587982,0.82377625,0.57059276,0.9816168,0.31377816,0.986225,1
0.6409613,0.22576506,0.6959423,0.20695524,0.59233403,0.200294,0.8129649,0.16188386,0.5414976,0.14975412,0.90800416,0.2379709,0.41851532,0.19340679,0.9103054,0.40724528,0.12833649,0.2896461,0.82633257,0.52610093,0.43671975,0.3507435,0.7059664,0.5683266,0.4052344,0.54916656,0.6245279,0.829058,0.35831127,0.813576,0.5729007,0.9785276,0.33087903,0.9746674,1
0.63111633,0.22902234,0.6845918,0.20950806,0.579558,0.20339002,0.8138205,0.15642966,0.5376787,0.14726624,0.9077532,0.23217018,0.4350205,0.19182129,0.9044601,0.40000138,0.112167984,0.28727382,0.8169284,0.51787853,0.43794954,0.35029873,0.70319587,0.5747756,0.4183537,0.55771095,0.63357884,0.8222359,0.36915767,0.811516,0.5812158,0.9782448,0.33142406,0.98290807,1
0.633671,0.2256175,0.6981188,0.19853531,0.5761091,0.19408217,0.82961756,0.14011359,0.5187938,0.13294183,0.90524656,0.2235083,0.4054922,0.19251227,0.92742485,0.39178813,0.11126374,0.30158982,0.82543886,0.5015301,0.4352836,0.35292807,0.70317173,0.5701513,0.39840344,0.5550408,0.64564395,0.8175641,0.3374993,0.80302054,0.5939553,0.97542113,0.30021408,0.9723934,1
0.6344658,0.22505897,0.69885147,0.19824864,0.57730967,0.19357672,0.83039856,0.13964167,0.51969355,0.13198963,0.90727824,0.22249764,0.40653932,0.19096981,0.9273417,0.3911646,0.11414996,0.30056438,0.82626694,0.5021021,0.43294027,0.35366294,0.7024888,0.5675279,0.39720458,0.5522518,0.64867675,0.8109402,0.339757,0.7969541,0.5936859,0.97301036,0.3028,0.96819985,1
0.6431131,0.22211598,0.7010876,0.19753298,0.5889271,0.19485359,0.8069293,0.15206479,0.52002436,0.1470708,0.8923504,0.23332408,0.3940506,0.20780253,0.93344045,0.39198866,0.113314934,0.3175316,0.8245238,0.500699,0.43684646,0.37852535,0.7263947,0.56660694,0.42023537,0.55598587,0.6528485,0.80235523,0.35645315,0.79639286,0.5851431,0.96877104,0.30421466,0.97371274,1
0.66718495,0.2278841,0.7121481,0.2063642,0.6018598,0.20405453,0.83183604,0.13953996,0.5415714,0.14145587,0.96125305,0.2017143,0.4196318,0.18991327,0.93801403,0.38291818,0.12814076,0.33970878,0.8538282,0.49829334,0.4370712,0.41018683,0.85641396,0.55527765,0.49953702,0.5533661,0.8571719,0.8277857,0.417249,0.83444977,0.8327597,0.9553029,0.40355408,0.9733179,1
0.66364014,0.22850056,0.7168728,0.20269626,0.59563065,0.20118174,0.8393227,0.12961383,0.51987123,0.13047123,0.94119996,0.20154043,0.3949105,0.1817924,0.94214445,0.38351777,0.12402816,0.32659677,0.8172193,0.50072,0.43488315,0.43013284,0.7663752,0.5576171,0.42802837,0.5476928,0.6543997,0.80123365,0.36403173,0.7944518,0.6149986,0.9729422,0.31899896,0.98052603,1
0.64877534,0.22226372,0.71139175,0.19806695,0.59025484,0.19497676,0.83441675,0.15027991,0.5237155,0.14516343,0.8970259,0.2277275,0.3721636,0.20456605,0.9070466,0.39959916,0.10910279,0.3429982,0.796616,0.50892967,0.39765978,0.43901986,0.6991146,0.5503358,0.37361157,0.5397273,0.6366535,0.79176676,0.33051065,0.78480405,0.5825909,0.95877105,0.29219848,0.95942664,1
0.6346471,0.21726725,0.7000399,0.18962894,0.574762,0.18680768,0.83527064,0.13573408,0.5120413,0.13219857,0.9052075,0.22646476,0.35834172,0.19947916,0.9184772,0.41422176,0.1258395,0.34613937,0.77237415,0.5073538,0.41099545,0.44738966,0.6947279,0.5757282,0.35513753,0.56340164,0.62036717,0.84214795,0.3231917,0.8318707,0.5578142,0.96982014,0.28465903,0.9873883,1
0.63859427,0.21547714,0.7026826,0.1886756,0.5777248,0.1855084,0.82936347,0.13669929,0.51143414,0.13195634,0.89723325,0.22269937,0.35689428,0.19795233,0.9113946,0.4015868,0.102227494,0.34257397,0.77048767,0.501932,0.40759754,0.44595698,0.68421966,0.5648574,0.3512203,0.5525604,0.6229065,0.8231759,0.32099545,0.81445676,0.56756777,0.96590364,0.29067266,0.9764236,1
0.66726154,0.2199921,0.7224781,0.19761778,0.5991922,0.19226682,0.84985834,0.12788634,0.5244058,0.12099469,0.9561472,0.19377865,0.36793694,0.17477053,0.9492875,0.3840828,0.13244341,0.36099818,0.7970401,0.4995386,0.42947778,0.46088627,0.7641832,0.5054779,0.39404508,0.49695534,0.72642106,0.7815347,0.35902292,0.773832,0.65459186,0.9414006,0.32371798,0.96517366,1
0.68428755,0.20944552,0.7559848,0.18381353,0.6256107,0.17933685,0.8827134,0.13624716,0.54955924,0.12702909,0.957153,0.22765341,0.36161307,0.20182261,0.9475973,0.41925162,0.11130109,0.36240312,0.7990283,0.50824004,0.43311235,0.45884076,0.72890174,0.58813924,0.3583598,0.57593876,0.63448703,0.86962223,0.3006154,0.86334944,0.5484422,0.9733194,0.27131554,0.99207556,1
0.68705875,0.20411217,0.7560669,0.17621526,0.62944955,0.17334132,0.8946679,0.12442159,0.56397444,0.121425346,0.9541908,0.22512332,0.37167558,0.19989727,0.91990405,0.43163097,0.12353271,0.36503252,0.7879314,0.5177841,0.40397835,0.44332922,0.69748604,0.6252882,0.3312304,0.61220807,0.6181699,0.8985827,0.287684,0.8833553,0.54748356,0.9976206,0.23510845,1.0,1
0.7050242,0.2167834,0.77445424,0.18827564,0.63829446,0.18592834,0.9051321,0.13229552,0.5520727,0.1287518,0.953404,0.23002763,0.36507937,0.206031,0.8957062,0.4306902,0.13280967,0.37630576,0.7587081,0.5282191,0.43298972,0.4822092,0.68912303,0.60460263,0.32049525,0.59236115,0.5942364,0.8839117,0.27886525,0.87113166,0.50309336,0.98629445,0.23649219,1.0,1
0.7035411,0.21632105,0.77444124,0.18874842,0.63786614,0.18570367,0.90720224,0.13566265,0.5536743,0.13054486,0.94227606,0.23600176,0.36544216,0.20944872,0.8796069,0.43533996,0.12753719,0.37469602,0.7572521,0.52993315,0.42036062,0.47550163,0.674377,0.61466503,0.3116193,0.6018269,0.5923435,0.8872721,0.27389684,0.8740799,0.5082254,0.9891224,0.232337,1.0,1
0.7210204,0.21697223,0.7946342,0.19006234,0.6535152,0.18676358,0.9320838,0.13383932,0.55916184,0.12818128,0.96550703,0.22680981,0.3626565,0.2063635,0.93007445,0.42659685,0.15974951,0.3830229,0.7834635,0.5280342,0.41705477,0.45684117,0.6748796,0.5714899,0.30220887,0.5601443,0.59005827,0.7968692,0.27873075,0.78570837,0.5009249,0.9513182,0.26074585,0.9527295,1
0.7139612,0.21091396,0.7926551,0.18627319,0.6549603,0.18027715,0.92232317,0.1441865,0.5692124,0.13333182,0.9415394,0.23851822,0.36879364,0.21552865,0.8952063,0.43590415,0.1757108,0.3960249,0.759196,0.5393913,0.51284057,0.4815468,0.67231256,0.59588104,0.3109377,0.5834215,0.59131384,0.8444348,0.26919216,0.8291071,0.5037492,0.9706238,0.22635008,0.98130244,1
0.763582,0.20421228,0.850594,0.18164052,0.7090486,0.17138714,0.9665089,0.14904211,0.5970055,0.1259498,0.922842,0.25095642,0.37773356,0.21623796,0.88394713,0.4372308,0.23392794,0.38944727,0.77323335,0.5363032,0.49242955,0.5067741,0.6153917,0.59483594,0.26396644,0.57983845,0.5957357,0.81735265,0.27737194,0.80797684,0.5209698,0.9589652,0.23816268,0.95965165,1
0.7373462,0.20182896,0.81889576,0.17711496,0.67801386,0.17032261,0.92833936,0.13720165,0.5672445,0.122337766,0.89153343,0.2288155,0.38747218,0.20100218,0.86891544,0.42004147,0.31586698,0.3828159,0.7523226,0.5370379,0.53067154,0.5086282,0.58306825,0.56484455,0.26376557,0.54741406,0.4953709,0.8044178,0.2455227,0.78237206,0.4164954,0.9516038,0.22655667,0.94075704,1
0.7697728,0.19645691,0.84951437,0.17329045,0.7171945,0.164918,0.94499695,0.13466826,0.6032773,0.11507545,0.8922204,0.22849873,0.41058967,0.19869022,0.86818653,0.42610112,0.31407562,0.3919304,0.75361913,0.53921443,0.61320555,0.5087291,0.56506014,0.5820796,0.26415962,0.56548923,0.4510788,0.83528864,0.256102,0.8172648,0.37162188,0.9631257,0.24429972,0.9615673,1
0.7771896,0.19381867,0.8516033,0.16964474,0.72177196,0.16359574,0.94385695,0.12967105,0.60936457,0.11730003,0.9094149,0.22209178,0.40511942,0.19989967,0.8685523,0.4252901,0.2928243,0.39512974,0.7550373,0.53872967,0.5902533,0.5060089,0.6197157,0.583571,0.2982042,0.56976193,0.51226103,0.8251694,0.2498496,0.8077648,0.42431256,0.9562075,0.22019385,0.95803535,1
0.79829293,0.19164552,0.8691862,0.16877641,0.7456726,0.16102657,0.92718595,0.13501114,0.6005831,0.11533065,0.8827172,0.22567257,0.4144935,0.19892058,0.8958807,0.41203436,0.4054028,0.38235974,0.76406384,0.52722174,0.6763066,0.5077651,0.6095856,0.5642153,0.31771764,0.5513262,0.47537974,0.81742895,0.28623125,0.8079389,0.36177886,0.9629083,0.2359218,0.97004884,1
0.8211624,0.19695853,0.89712846,0.1747914,0.7648407,0.16780713,0.969117,0.12727892,0.6132655,0.10798673,0.91700345,0.20565006,0.41342482,0.19197358,0.893409,0.39493144,0.35555288,0.40834352,0.74755824,0.52266866,0.68102527,0.51007766,0.64769244,0.58989847,0.3328562,0.5820717,0.4840368,0.8562904,0.27723706,0.8473854,0.36203736,0.9670981,0.24180406,0.972459,1
0.82778823,0.19197837,0.89810765,0.16843978,0.77341956,0.1603074,0.9495599,0.13792215,0.62619346,0.1176509,0.8737755,0.23451152,0.42398748,0.2107804,0.8524033,0.42505434,0.33848816,0.40216094,0.7266943,0.5237086,0.5637766,0.51551217,0.608413,0.6209432,0.33027318,0.6108171,0.4554623,0.89446616,0.2823491,0.8946228,0.3477458,0.97997695,0.24351086,0.99747086,1
0.86270577,0.18771057,0.9268423,0.16222349,0.80634624,0.15477009,0.9577682,0.13166581,0.6423054,0.11359944,0.8858775,0.2322014,0.43766016,0.21476659,0.9027083,0.4300212,0.4187852,0.42368776,0.776226,0.51929945,0.68798107,0.5079777,0.62733954,0.6118724,0.34063843,0.60341305,0.48836777,0.884198,0.2975399,0.87901634,0.3905012,0.9898889,0.25854623,1.0,1
0.917925,0.18114218,0.9684633,0.15890674,0.86698675,0.15261321,0.95666146,0.13564977,0.69278115,0.123271614,0.8588063,0.22807129,0.4737893,0.21632741,0.85323536,0.41105708,0.43316725,0.39855835,0.75905645,0.51269627,0.66163796,0.5033055,0.66267276,0.5591963,0.40172708,0.5537643,0.5340799,0.81138253,0.33468392,0.80650616,0.38631335,0.95807254,0.24856877,0.97429484,1
0.9192472,0.1815714,0.97007924,0.15945339,0.868527,0.15326948,0.9578242,0.13624339,0.6949828,0.12407194,0.85956603,0.22920553,0.47554362,0.21780698,0.85171026,0.41419363,0.42647776,0.40214464,0.7565953,0.51347756,0.6570125,0.504241,0.6629135,0.5662973,0.40385202,0.5609414,0.52974373,0.82022715,0.33684418,0.81538165,0.3786537,0.9619549,0.24840946,0.97834647,1
0.9183851,0.17420825,0.9592023,0.15210962,0.8794879,0.14633603,0.9363327,0.12623729,0.70458454,0.11128649,0.8710214,0.22276527,0.46282312,0.20245604,0.89534354,0.41291332,0.3963003,0.39457887,0.7810221,0.5133938,0.60054946,0.5126275,0.6555828,0.5593623,0.38725767,0.55056334,0.53169674,0.7917272,0.3492274,0.78140146,0.34109578,0.9454778,0.24296269,0.95727354,1
0.9504387,0.12257581,0.99307966,0.103767775,0.916858,0.097364135,0.93818146,0.08745512,0.74080455,0.0760623,0.8372492,0.19395298,0.49645972,0.18704528,0.8663779,0.4281927,0.45277163,0.4137552,0.79836106,0.5121564,0.6587256,0.50374126,0.6470643,0.5762358,0.42198917,0.57262456,0.49092704,0.8059107,0.36108613,0.7992852,0.32704127,0.96598494,0.28559965,0.9704506,1
0.95382655,0.14693785,0.9849036,0.12776771,0.91915786,0.123691656,0.9322423,0.1091908,0.7490597,0.101407535,0.85116506,0.21114913,0.4704596,0.19528423,0.84936535,0.40236133,0.38029876,0.37625104,0.77907735,0.51716965,0.59116733,0.5032772,0.56583196,0.54898804,0.31903312,0.5393458,0.44141236,0.78319025,0.28679052,0.76950026,0.25155985,0.96518433,0.23132528,0.96272606,1
0.96571803,0.1458696,0.9836941,0.12837487,0.93229234,0.12445197,0.8868076,0.120558314,0.7568083,0.113527976,0.7768199,0.21556678,0.4895043,0.20614175,0.77073395,0.39377245,0.4152814,0.380205,0.7354686,0.52024347,0.633834,0.50208116,0.5630794,0.53575885,0.37250373,0.5326203,0.42732596,0.7652509,0.32819504,0.76650417,0.24964063,0.9491595,0.22968999,0.9597958,1
0.96524614,0.14439163,0.9776529,0.12694491,0.92201257,0.12215142,0.87707555,0.12312241,0.7439817,0.11434512,0.74429387,0.22344226,0.4755823,0.2111119,0.73738146,0.39166054,0.41246045,0.3812871,0.7220378,0.5162163,0.5844963,0.51900613,0.53191745,0.55824107,0.366922,0.5555597,0.40826255,0.7879102,0.3378547,0.78782964,0.22581606,0.9569617,0.20905551,0.968889,1
0.95555294,0.15287556,0.97249436,0.13526177,0.91988313,0.13255605,0.86794585,0.13066888,0.7438065,0.1289638,0.74170154,0.23174338,0.49636096,0.23121452,0.7307876,0.4127431,0.4146557,0.40307483,0.75366706,0.51142263,0.6359185,0.49805054,0.5434226,0.5434321,0.38455355,0.543371,0.41499808,0.7541531,0.35735396,0.75173503,0.24176955,0.95067346,0.26821995,0.9506059,1
0.95528513,0.15570381,0.96278787,0.13837826,0.92413604,0.13483544,0.82999223,0.12991522,0.7772188,0.12894109,0.73171014,0.23380943,0.5466966,0.23658167,0.77559406,0.4285873,0.43687412,0.41538608,0.7382518,0.5547234,0.6100498,0.523305,0.5438468,0.57660705,0.42473474,0.5792088,0.50074416,0.8079188,0.40899593,0.81409323,0.34520462,0.97332585,0.3228952,0.9863225,1
1.0,0.14665255,1.0,0.13061576,0.98973113,0.12489891,0.88918656,0.12840286,0.87503016,0.122336864,0.81384516,0.23808244,0.56921196,0.23735327,0.82013,0.43076575,0.40220127,0.42113075,0.7969288,0.52333975,0.55259216,0.52983236,0.62146145,0.5834244,0.46579108,0.58392674,0.49306718,0.8029255,0.3728547,0.80841273,0.36046198,0.96521866,0.30612835,0.96772057,1
0.960651,0.14896998,0.9648025,0.1329833,0.93050975,0.13135476,0.85455245,0.12757029,0.80341464,0.12633772,0.83087176,0.22085622,0.5536084,0.20590115,0.86138123,0.35377792,0.3717287,0.26447487,0.7506487,0.3786355,0.4644213,0.16681513,0.6165874,0.5449002,0.48010558,0.54360276,0.4325033,0.7855083,0.5009063,0.79387635,0.19362713,0.9549064,0.50097495,0.9734136,1
0.936599,0.15637656,0.9461911,0.14335752,0.93920344,0.13717955,0.8553402,0.13713087,0.8731862,0.12759395,0.7304367,0.24470037,0.6357298,0.20537004,0.699502,0.41784945,0.3947436,0.2250092,0.7794567,0.54793066,0.44139704,0.15952682,0.5253171,0.5914447,0.49973392,0.58250606,0.36381456,0.8231453,0.5109113,0.83115596,0.12817532,0.9841373,0.5025749,0.99329555,1
0.9457838,0.15399103,0.9508153,0.14057364,0.9459319,0.135004,0.844337,0.1365972,0.868084,0.12893438,0.7258234,0.24948674,0.6225606,0.21466337,0.7016426,0.43260244,0.40059635,0.25331065,0.7654006,0.5632458,0.4342404,0.19461918,0.52265394,0.5963439,0.49142662,0.5889219,0.36382067,0.8251167,0.5126427,0.833034,0.12502721,0.98609763,0.50987035,0.99293834,1
0.9571029,0.15025043,0.9632172,0.1384285,0.9498494,0.13205758,0.8495374,0.14387755,0.85426855,0.13414973,0.7100778,0.25547856,0.6320585,0.21433969,0.66689503,0.413599,0.3733639,0.21479954,0.76508254,0.55691135,0.4499675,0.16855578,0.5188815,0.5992683,0.5068267,0.5889292,0.33950034,0.83925194,0.53328896,0.8402441,0.124778375,0.991658,0.51915234,0.9936567,1
0.96578795,0.15316081,0.95713973,0.13818827,0.9561188,0.13605632,0.7973634,0.14165364,0.8659802,0.14217705,0.64463,0.24330948,0.6317692,0.22604828,0.5837904,0.34380272,0.3645369,0.2173099,0.70850897,0.40970057,0.43980572,0.1398043,0.50456613,0.58827895,0.53560805,0.589468,0.3288915,0.81062406,0.5448055,0.8188107,0.1421917,0.96973926,0.54164267,0.9777191,1
0.98314476,0.14230843,0.9679004,0.12650724,0.97790116,0.12644754,0.79806244,0.13038763,0.87798375,0.13583937,0.6968477,0.23946755,0.6774473,0.25049806,0.6812946,0.43534803,0.6133128,0.44656017,0.7862925,0.6377439,0.7203357,0.6314291,0.5383829,0.60335755,0.50493526,0.6065019,0.5077198,0.8333147,0.38883963,0.83431464,0.37658522,0.9861807,0.22160608,0.9850456,1
0.63896453,0.15710063,0.65975666,0.14069122,0.6487698,0.1382289,0.70695066,0.11427374,0.7604388,0.11066736,0.6210084,0.17401814,0.6692483,0.16361842,0.47547117,0.23570599,0.43895075,0.21364279,0.55821264,0.16693892,0.5308246,0.14362946,0.49814108,0.57032496,0.57055646,0.5643281,0.29651433,0.8410056,0.56251645,0.84258133,0.109435655,0.99784654,0.5417101,1.0,1
0.97153425,0.15002023,0.9564847,0.13137612,0.9698979,0.13285513,0.74270636,0.1286993,0.87439,0.13915986,0.5993084,0.23241988,0.70748717,0.2565012,0.5949419,0.42497978,0.6268841,0.44536373,0.7396648,0.6020051,0.7122926,0.6151931,0.47847536,0.59302187,0.59301156,0.6068884,0.31560305,0.81136894,0.63004404,0.82524854,0.12820674,0.9758806,0.56935215,0.98876166,1
0.97510815,0.15387635,0.9586982,0.13325262,0.9804253,0.13514692,0.73707837,0.124919794,0.89228296,0.13660641,0.58522844,0.23420925,0.7028148,0.26191983,0.5866932,0.43897727,0.61076266,0.46328837,0.7541785,0.594988,0.7228272,0.6116629,0.48009017,0.60515416,0.6024757,0.6214913,0.3200703,0.81411517,0.63481,0.83007455,0.13228634,0.9785052,0.56887525,0.99000025,1
0.9578939,0.15349536,0.91866463,0.13449255,0.9604409,0.13943124,0.6602853,0.13351451,0.89165485,0.153905,0.52656895,0.22845575,0.7213402,0.2656827,0.45581737,0.34735578,0.518874,0.3734525,0.7205568,0.5131978,0.7055652,0.46626034,0.4465297,0.6160679,0.6212727,0.6361219,0.2914462,0.83367157,0.62769866,0.85244733,0.11560343,0.98205435,0.58306485,0.9952753,1
0.9688704,0.14394417,0.94840133,0.12735538,0.9782879,0.12784514,0.7275633,0.12806125,0.91002053,0.13741875,0.5947174,0.23177274,0.73742914,0.25607824,0.6155209,0.42107287,0.67473453,0.44243792,0.774422,0.58436126,0.78967637,0.5965217,0.46451393,0.59456164,0.5988529,0.60868126,0.3184859,0.81984293,0.6023477,0.83782345,0.1414247,0.9787934,0.5475066,0.9954322,1
0.9718055,0.14910464,0.9542988,0.1326613,0.9815005,0.13130131,0.77871245,0.1355228,0.92116696,0.13928261,0.6499658,0.24802543,0.72444886,0.26092342,0.64565283,0.44338533,0.66434246,0.45712772,0.81566393,0.58860195,0.8232839,0.5910377,0.52721184,0.59505653,0.56526804,0.6018044,0.48994532,0.817153,0.43331116,0.8265395,0.3727661,0.9846664,0.2882431,0.99361944,1
0.9644028,0.14465323,0.94255215,0.12660265,0.9730368,0.12833342,0.7666975,0.12555808,0.92578894,0.137992,0.64282745,0.23483981,0.7505278,0.26196852,0.6298062,0.42423254,0.6575918,0.45328557,0.8158944,0.5715776,0.8200112,0.58016425,0.517523,0.58498347,0.61193705,0.5981424,0.37745377,0.8127607,0.54290587,0.82660586,0.22541384,0.97990465,0.44631562,0.9917492,1
0.9791103,0.14878249,0.95647407,0.13027436,0.98539376,0.13241048,0.7426521,0.12884682,0.9243331,0.14392482,0.5908139,0.23466957,0.77986974,0.26950532,0.6008612,0.42195922,0.7106129,0.45678613,0.78738624,0.57754016,0.81473535,0.5959442,0.46044213,0.5792725,0.6295941,0.59638697,0.28901106,0.7956863,0.6285808,0.8122832,0.10417915,0.9690762,0.52935827,0.9794408,1
0.9771012,0.14720091,0.95443624,0.12880887,0.9839896,0.1306055,0.74046415,0.12766875,0.91883004,0.14178215,0.6042342,0.23272347,0.7496313,0.26600388,0.6089988,0.41866043,0.6509415,0.45253268,0.79928756,0.573511,0.7867508,0.5925959,0.472912,0.57789594,0.61494565,0.5944264,0.29883063,0.7972405,0.62294483,0.8116663,0.11026198,0.9703777,0.5257526,0.97929496,1
0.98011106,0.13812956,0.9544217,0.12009248,0.9890406,0.122518584,0.7152239,0.11808105,0.9270749,0.13451639,0.54578006,0.21842495,0.8025316,0.25839713,0.5263244,0.40080807,0.74284023,0.44457895,0.74017084,0.5533112,0.8384963,0.5757405,0.4336939,0.56169707,0.64018387,0.58154523,0.29804865,0.7883334,0.6352041,0.8093545,0.10971987,0.96721244,0.5122651,0.98509675,1
0.9763244,0.1483925,0.9484194,0.13122158,0.97771895,0.13397351,0.7723318,0.13005081,0.90944415,0.14322053,0.6724876,0.22529463,0.7464243,0.25119585,0.6047924,0.38403246,0.7227349,0.43171394,0.81553245,0.53821594,0.8082902,0.5596275,0.5608974,0.5536948,0.55520725,0.5616193,0.60436314,0.78115034,0.35992008,0.7927,0.49934763,0.95864654,0.11625534,0.9742356,1
0.32895565,0.122613765,0.39173105,0.103048,0.30246466,0.10343685,0.58902264,0.09404488,0.33462268,0.09595304,0.8177123,0.19376887,0.31193405,0.18424286,0.7888339,0.33780465,0.17699121,0.2943827,0.44530094,0.36841714,0.2184034,0.3359092,0.7395527,0.49307477,0.38939878,0.48660776,0.7893949,0.7205342,0.38399976,0.71428156,0.85545003,0.91478556,0.43965888,0.9113872,1
0.330019,0.121172614,0.39266708,0.10181842,0.30358076,0.10221157,0.587151,0.093774796,0.3329879,0.09568911,0.81663257,0.19432582,0.30836406,0.18469335,0.790663,0.3386432,0.17452905,0.29431644,0.44408524,0.37051827,0.21482778,0.33946234,0.7403431,0.49370304,0.38805377,0.48732832,0.7887086,0.71821094,0.38085392,0.7126875,0.8570434,0.9141582,0.43705493,0.91199404,1
0.3454215,0.119541734,0.4045439,0.100589894,0.32345954,0.10060277,0.5967514,0.091979064,0.363788,0.09301585,0.82166815,0.19143398,0.3334008,0.1809803,0.7646739,0.33469042,0.18189426,0.28873146,0.42568478,0.3778391,0.23090287,0.34229305,0.74853015,0.49052167,0.40992615,0.4842908,0.79622364,0.71387506,0.41028953,0.7090928,0.86191666,0.9062312,0.4271105,0.90757537,1
0.32532713,0.12083602,0.38490966,0.102780916,0.304276,0.10252724,0.57591546,0.09554916,0.34398213,0.09541626,0.80527306,0.19436002,0.30324265,0.18159209,0.7742763,0.3404247,0.14763872,0.29109165,0.435071,0.36499286,0.19636852,0.33801314,0.7333191,0.4803834,0.3853876,0.47363058,0.783593,0.70290256,0.3868677,0.69958305,0.85233366,0.8955733,0.38396916,0.8987761,1
0.36526728,0.12086238,0.41474825,0.10100531,0.34509727,0.102303214,0.5855759,0.09214739,0.37816143,0.09737678,0.8085336,0.1941255,0.33916578,0.18302126,0.7805414,0.34253728,0.17458256,0.28321877,0.44830933,0.34879968,0.20873009,0.32201692,0.71104187,0.48472622,0.37833345,0.47908124,0.7786672,0.702849,0.40428832,0.69951564,0.86935115,0.8994099,0.39234665,0.89623195,1
0.37311822,0.1259154,0.41612732,0.10744014,0.3514943,0.109735474,0.5754566,0.10236273,0.37857655,0.10915991,0.8000423,0.19598132,0.34552696,0.18942976,0.7993663,0.34478456,0.16788466,0.29235852,0.4906441,0.35050327,0.25323272,0.32032973,0.7331175,0.4714491,0.4066214,0.46901092,0.7883804,0.6806092,0.40843987,0.68015933,0.87703884,0.8970742,0.39840847,0.8890207,1
0.37157762,0.12272529,0.4279198,0.10285014,0.34751692,0.10356741,0.60689527,0.09675708,0.36661288,0.101256266,0.83908445,0.19988652,0.3238958,0.19855724,0.83847016,0.3491228,0.16038138,0.3291507,0.5088817,0.34731433,0.2470133,0.3740855,0.75906545,0.50427747,0.39980373,0.50190634,0.829201,0.7197194,0.4230627,0.71727675,0.9067727,0.90540385,0.41974452,0.90107644,1
0.38259336,0.11806234,0.43139625,0.10047302,0.36511624,0.10169019,0.58979934,0.098598115,0.39501324,0.102002285,0.79428667,0.1958506,0.35341305,0.18926582,0.80062366,0.34373507,0.17814691,0.29773358,0.50560516,0.34574768,0.211349,0.31600758,0.7497807,0.47800866,0.4348482,0.4753798,0.7998824,0.6860901,0.43515235,0.6850423,0.8858286,0.89068663,0.44008228,0.8895903,1
0.3611186,0.12168803,0.41111168,0.10279808,0.34242615,0.10353833,0.57026875,0.09965673,0.3620461,0.103406005,0.7907031,0.20409168,0.31195635,0.19709754,0.79971516,0.3505284,0.13498965,0.30381185,0.48502392,0.34582824,0.19935341,0.32048154,0.69941455,0.48898622,0.36622885,0.4865246,0.7835044,0.6989406,0.4078633,0.7004914,0.8865567,0.90036935,0.43024996,0.89748436,1
0.32212737,0.11567526,0.36819378,0.09771919,0.3057675,0.10021821,0.5273783,0.09850064,0.3350852,0.10558243,0.7855823,0.19198252,0.30318174,0.1930513,0.8065504,0.32905516,0.16081037,0.30400974,0.48512408,0.3539602,0.23003712,0.33330375,0.7111168,0.4870933,0.3744166,0.48670924,0.7967468,0.7173721,0.39587498,0.7183973,0.8790784,0.9102754,0.4198596,0.91482586,1
0.31420898,0.1231679,0.3613358,0.1034575,0.29554847,0.1048935,0.5245331,0.096182205,0.3242448,0.1017528,0.7677219,0.19718313,0.29746708,0.18950358,0.8032337,0.3372898,0.1542193,0.27888176,0.48826256,0.34710467,0.17114124,0.30056995,0.6892087,0.49113682,0.3533693,0.48785946,0.7762726,0.7153433,0.3728589,0.7165128,0.8887299,0.91009766,0.3948612,0.9120736,1
0.3104537,0.11855998,0.36137673,0.09932767,0.2937988,0.099787325,0.5253771,0.094870046,0.3204674,0.09832092,0.7400135,0.19982505,0.27278695,0.19419682,0.7423974,0.347692,0.14042337,0.3234058,0.44265825,0.35464537,0.21670148,0.42577094,0.6553535,0.49841034,0.32234192,0.4959834,0.7531787,0.72275835,0.359417,0.7239602,0.8786747,0.91010356,0.3803963,0.9127547,1
0.35860962,0.085988335,0.4067578,0.06742606,0.3301409,0.0705544,0.522507,0.077898026,0.31716517,0.08576184,0.7321931,0.18988162,0.25499055,0.19602007,0.74358016,0.34478343,0.1675886,0.34561354,0.45811197,0.34969413,0.22873445,0.44330797,0.6892791,0.4891663,0.34897703,0.4919429,0.7552726,0.7023157,0.37788084,0.7067054,0.89629763,0.89136696,0.40247503,0.88313526,1
0.3662497,0.08067632,0.41159666,0.06316071,0.3358517,0.06549215,0.5290088,0.0716115,0.32198203,0.07905751,0.73738307,0.18777291,0.2705893,0.19410083,0.7490962,0.3387914,0.17955975,0.34492037,0.45876327,0.3605288,0.23121066,0.44875935,0.693124,0.48655364,0.36461753,0.48711395,0.77807355,0.704839,0.3721281,0.70496696,0.8859436,0.89258206,0.41648197,0.88561845,1
0.3749759,0.1091958,0.41075945,0.090439655,0.35499606,0.092511036,0.5326525,0.08603529,0.36873668,0.09397148,0.76299626,0.18798652,0.311885,0.18819268,0.78183424,0.3358786,0.16905832,0.29649448,0.47498053,0.35721257,0.1566425,0.3426559,0.7222584,0.47733065,0.40578082,0.47870934,0.8311075,0.71328336,0.42806098,0.7208225,0.9310696,0.8880279,0.46568695,0.900266,1
0.45579684,0.11602189,0.4854624,0.09665403,0.43962568,0.09905305,0.58266646,0.09226589,0.44646862,0.099913545,0.77146894,0.1907954,0.3975216,0.19074897,0.7991594,0.33706555,0.24586764,0.29047808,0.5835085,0.32951856,0.11021746,0.31189644,0.7341015,0.46661338,0.4757669,0.46899208,0.7976025,0.6859868,0.5241217,0.6934175,0.9319625,0.88607496,0.56685394,0.88749665,1
0.46497756,0.11348813,0.49290985,0.09518185,0.455527,0.09702564,0.5955654,0.09225949,0.4743388,0.09894238,0.7748751,0.19362691,0.4295076,0.18466635,0.79248995,0.34824273,0.25129354,0.27595115,0.5961393,0.32456395,0.11205537,0.30516246,0.74553543,0.47764483,0.5083802,0.4759058,0.8137217,0.69587123,0.542117,0.69848746,0.9286241,0.8928786,0.59242755,0.8888439,1
0.47324944,0.11883317,0.4977763,0.09920576,0.46005487,0.10151554,0.595709,0.08860522,0.47893637,0.09690481,0.7608757,0.18489577,0.43947858,0.18403493,0.8077039,0.32799017,0.27401897,0.27153465,0.6100674,0.33577806,0.14245705,0.3037516,0.7351463,0.46786416,0.51475245,0.4698694,0.80227077,0.6904348,0.5458425,0.695264,0.9284638,0.89374506,0.6007639,0.88959664,1
0.4777228,0.110778086,0.51420945,0.091595985,0.4564434,0.093752526,0.61683285,0.089609765,0.46140832,0.094124265,0.76790637,0.20255998,0.43070188,0.1961243,0.81171775,0.35630745,0.26172262,0.29928285,0.6168461,0.35059795,0.127927,0.32937846,0.74979323,0.5043851,0.52609086,0.5043573,0.82908696,0.71567243,0.56296515,0.7251331,0.9240862,0.8919589,0.6195282,0.9045133,1
0.4777228,0.110778086,0.51420945,0.091595985,0.4564434,0.093752526,0.61683285,0.089609765,0.46140832,0.094124265,0.76790637,0.20255998,0.43070188,0.1961243,0.81171775,0.35630745,0.26172262,0.29928285,0.6168461,0.35059795,0.127927,0.32937846,0.74979323,0.5043851,0.52609086,0.5043573,0.82908696,0.71567243,0.56296515,0.7251331,0.9240862,0.8919589,0.6195282,0.9045133,1
0.47125527,0.101782426,0.509587,0.08394628,0.45166135,0.085935414,0.6149305,0.08807621,0.45698068,0.09156776,0.7626887,0.2029103,0.42273748,0.19615829,0.802043,0.35477322,0.24181278,0.29743156,0.6165231,0.35438266,0.13668695,0.3375242,0.7462581,0.4985494,0.5228178,0.49910808,0.82103133,0.71061414,0.55916953,0.7233201,0.92364997,0.8913052,0.6209238,0.9033392,1
0.47372222,0.12245189,0.504507,0.10300102,0.4620511,0.10510984,0.6149128,0.095686264,0.48382735,0.102915004,0.75538296,0.19728737,0.4480382,0.1979494,0.78452396,0.34348193,0.26058063,0.2961767,0.6197431,0.34161735,0.101663545,0.3516523,0.74208033,0.4892828,0.5347395,0.49224287,0.8095965,0.7058785,0.5623096,0.7123165,0.931991,0.8943039,0.6214343,0.8978402,1
0.45912006,0.101438,0.50132775,0.08293419,0.440961,0.08437653,0.6199486,0.08633333,0.44889474,0.089242846,0.7656139,0.20184207,0.41706565,0.19949794,0.79736805,0.34561747,0.23119965,0.31084812,0.6322239,0.34633029,0.108314596,0.38035026,0.7550292,0.49460974,0.5276783,0.4962513,0.8279468,0.7032683,0.5739071,0.71563935,0.93570364,0.8864723,0.64253277,0.90031976,1
0.46281588,0.093074515,0.5088315,0.073832795,0.44002303,0.075444505,0.6277287,0.08122621,0.4366954,0.0842629,0.75834143,0.20262863,0.4107508,0.20285329,0.7871424,0.3466234,0.23103437,0.31457877,0.6381443,0.3508839,0.099181265,0.37867323,0.74982125,0.49901736,0.5234338,0.5033173,0.8284472,0.70722485,0.5775986,0.72653025,0.9377458,0.88871217,0.6426942,0.9100662,1
0.4648197,0.09285002,0.5103743,0.07404399,0.44134855,0.07548161,0.6267515,0.08129015,0.4355682,0.083873466,0.7561771,0.20136586,0.4052601,0.20001392,0.7922251,0.34354535,0.22735359,0.3085762,0.6422732,0.3499326,0.10580697,0.37267148,0.74544054,0.49393576,0.51836234,0.497569,0.82503235,0.70096916,0.5758132,0.71839404,0.9355402,0.88559777,0.64359593,0.90607506,1
0.445378,0.11743542,0.48115867,0.09759707,0.43687642,0.09931425,0.60754484,0.0914313,0.46185374,0.09809362,0.76054025,0.19369324,0.42889678,0.19743995,0.80454624,0.33959046,0.23377137,0.3009262,0.61958414,0.3299466,0.081640884,0.3623172,0.7526035,0.4699588,0.5398205,0.47280604,0.81083935,0.6801502,0.5890462,0.68938684,0.90249634,0.871945,0.6491742,0.87640053,1
0.4540747,0.09741215,0.49157324,0.07771549,0.4406751,0.08089289,0.60349834,0.083647005,0.4504656,0.09175767,0.7568613,0.19607247,0.41869253,0.20278493,0.8017685,0.3378816,0.2167055,0.31511474,0.6213545,0.3431767,0.07258219,0.37368935,0.7494567,0.49379483,0.52960336,0.49770316,0.81017053,0.7100181,0.58980566,0.71848977,0.9025892,0.89741755,0.646262,0.90685,1
0.4593284,0.093068555,0.50002384,0.07423015,0.4446887,0.07623501,0.6120197,0.083221726,0.44743127,0.08860145,0.76302516,0.19694856,0.40742075,0.20277455,0.8158996,0.3346389,0.22189876,0.31598836,0.6264129,0.3336032,0.073972836,0.3765636,0.75474167,0.4878032,0.5236901,0.49269897,0.81815,0.698793,0.58997756,0.7145218,0.9166238,0.8881221,0.6607543,0.9079526,1
0.44334128,0.09591952,0.48354167,0.077595234,0.42044723,0.080578424,0.59316677,0.08301272,0.4192925,0.088957265,0.73897225,0.19702663,0.39635065,0.19967684,0.78580135,0.33626053,0.23425794,0.31052107,0.63208216,0.34264266,0.10057067,0.37422073,0.7370908,0.47770712,0.51424104,0.482707,0.8019403,0.68394226,0.56693864,0.706257,0.91404885,0.8711483,0.6454797,0.9017853,1
0.45153466,0.09768696,0.49445108,0.07973786,0.43231082,0.08136941,0.6071831,0.08678575,0.43656594,0.08967977,0.7468422,0.20400102,0.41650838,0.20243469,0.77711797,0.34126616,0.23859763,0.31385216,0.5974772,0.32174212,0.114089146,0.37389573,0.73828465,0.49403858,0.53010637,0.49395066,0.7837099,0.7100379,0.58503455,0.7179737,0.8760899,0.9049306,0.68136156,0.9020858,1
0.44877496,0.09579182,0.48798928,0.07708111,0.43433067,0.07934684,0.6020697,0.08391375,0.44099283,0.089800395,0.7569391,0.19537547,0.4086796,0.19580165,0.79355603,0.33270624,0.2402065,0.30036932,0.6173106,0.33520928,0.09571902,0.35952008,0.73835534,0.4828633,0.5083512,0.48534748,0.8047946,0.69550174,0.572117,0.70937216,0.9030062,0.886478,0.6441142,0.9107874,1
0.43717673,0.11029906,0.47130692,0.09020781,0.4262808,0.09261045,0.58579034,0.08800701,0.4459859,0.09549627,0.74459696,0.19444872,0.41553652,0.19640842,0.7950801,0.33060566,0.23694447,0.29629347,0.60623354,0.32744172,0.0825462,0.34940276,0.72868735,0.48965675,0.5136719,0.49217725,0.7957771,0.70399344,0.57943004,0.7159785,0.90755755,0.8918469,0.65336955,0.91260713,1
0.4566135,0.093600705,0.49830335,0.07432924,0.43529963,0.0765183,0.6119254,0.08016358,0.43632782,0.0845851,0.74209946,0.20111127,0.4235538,0.19890091,0.7653351,0.34762406,0.27960765,0.30244976,0.59549665,0.34131512,0.17263554,0.32543415,0.72864014,0.50159717,0.5186278,0.5034921,0.79951644,0.72601795,0.56640667,0.7358938,0.9157362,0.90637183,0.63985,0.92097074,1
0.4433428,0.090810634,0.48293754,0.072827525,0.42262045,0.07450365,0.5905478,0.077143855,0.4260189,0.079904646,0.7148747,0.1934399,0.40795898,0.18620251,0.7485518,0.34517998,0.247507,0.28804317,0.57848275,0.34633932,0.12130765,0.32210964,0.69838655,0.48246837,0.49903813,0.48187554,0.76551783,0.7048119,0.54431343,0.711159,0.8953258,0.8929588,0.6176266,0.8950618,1
0.4280086,0.12207439,0.45627803,0.1027395,0.41886103,0.10520392,0.56424695,0.0950017,0.45041227,0.10226502,0.7075038,0.19488432,0.4213304,0.19112147,0.7315334,0.3447299,0.25156903,0.28221947,0.54414517,0.3420865,0.11405244,0.30759522,0.69643235,0.48792547,0.50263906,0.4875738,0.7473126,0.72085774,0.5331074,0.71919847,0.8734173,0.90522635,0.59994537,0.9009437,1
0.4428661,0.12274137,0.47657394,0.10189204,0.42414755,0.10456714,0.5828151,0.09281617,0.43558925,0.09940133,0.7229891,0.20113856,0.41033486,0.19260737,0.7436622,0.36179024,0.27577305,0.30533063,0.5551939,0.35427082,0.23837307,0.35536462,0.6979506,0.4919328,0.49228972,0.48881632,0.7417814,0.7186777,0.5407223,0.7146699,0.867736,0.91021687,0.6044942,0.90454274,1
0.43499795,0.12179957,0.46804416,0.101909116,0.41617513,0.104304835,0.56908906,0.09415527,0.42654568,0.09976125,0.7094965,0.20159127,0.39620137,0.19186826,0.7375684,0.35936847,0.24944198,0.29374954,0.551196,0.35365653,0.20363455,0.33074707,0.69348365,0.49172997,0.48727947,0.48958105,0.7484158,0.7167731,0.53385466,0.7168865,0.8714094,0.90563637,0.60175544,0.9014297,1
0.4230568,0.11061549,0.45775676,0.09125299,0.40249,0.093966864,0.56037825,0.08772836,0.41135877,0.09374537,0.70184225,0.20181194,0.38947797,0.18993841,0.71627295,0.36598653,0.21754427,0.2873778,0.5114618,0.34942585,0.13263085,0.303142,0.68441474,0.51135284,0.47839,0.50793123,0.739319,0.7379247,0.5126665,0.7377241,0.8528363,0.90498793,0.5692221,0.90608656,1
0.3834216,0.12503171,0.4090347,0.103523836,0.36398968,0.10942464,0.5125872,0.09098903,0.39615613,0.10441843,0.6656874,0.19328229,0.43391845,0.18957601,0.6917537,0.35594675,0.32884943,0.28519642,0.44858336,0.36415195,0.17216976,0.26822785,0.6484174,0.50660515,0.48044807,0.5031026,0.71026987,0.7486574,0.4769771,0.74298775,0.861792,0.921551,0.5321135,0.9238425,1
0.3807408,0.12293502,0.4076709,0.10152774,0.35726604,0.10669585,0.51141614,0.08951941,0.38679656,0.10106006,0.6640334,0.19045064,0.39803025,0.18806939,0.68454534,0.35215423,0.25891063,0.29652324,0.43749198,0.35886776,0.20807026,0.2822875,0.6617532,0.4885815,0.48013416,0.48774084,0.7005886,0.7232174,0.4986991,0.72502404,0.82266545,0.9226565,0.5427527,0.9206224,1
0.39900124,0.121064894,0.43257046,0.10129775,0.38220137,0.104422376,0.5472042,0.0932137,0.41069576,0.1008162,0.69925433,0.1934913,0.42639613,0.19479883,0.6958125,0.3506967,0.33230084,0.318224,0.43090704,0.36192855,0.2958272,0.3168982,0.6846088,0.49239144,0.49086902,0.49112165,0.7208219,0.72647434,0.49180007,0.724374,0.8463185,0.91771775,0.5134894,0.9163224,1
0.39841583,0.12192043,0.4320645,0.10194763,0.38145137,0.10510554,0.5472633,0.093263805,0.41023982,0.1010066,0.69965905,0.19348988,0.4264825,0.19494519,0.6960921,0.35015225,0.33091316,0.31790683,0.42925268,0.36103177,0.29445207,0.3159432,0.6850722,0.49289003,0.49187323,0.49162197,0.7194793,0.72601175,0.4939097,0.72365046,0.84369713,0.91782945,0.5172753,0.9158167,1
0.3455979,0.11695395,0.37921387,0.0960969,0.33157402,0.09943911,0.50906307,0.08431621,0.37943625,0.09349837,0.66854924,0.17560211,0.41794986,0.1791966,0.64437646,0.3229641,0.30011567,0.30432755,0.36766455,0.33928767,0.24625511,0.3205194,0.63094,0.45963293,0.46098012,0.4584247,0.63816494,0.6917865,0.48226216,0.6936909,0.73520815,0.90166837,0.5209402,0.9034622,1
0.36460352,0.116336375,0.39219415,0.09649334,0.35832736,0.101348706,0.51883817,0.094186835,0.42270145,0.10529759,0.6933845,0.18644896,0.49950433,0.18495795,0.6553919,0.3387033,0.38113546,0.278491,0.35215276,0.34496787,0.18951723,0.23673895,0.6964043,0.4848049,0.53884023,0.4831457,0.7522505,0.719863,0.49721667,0.7185155,0.8583066,0.9105828,0.46428394,0.91806644,1
0.37946156,0.100683965,0.41424322,0.0830184,0.37769902,0.08611602,0.54178643,0.08880186,0.45607793,0.093750425,0.68719876,0.18332334,0.53320694,0.17936139,0.6367431,0.32533205,0.40003458,0.29470238,0.33972248,0.3407717,0.2434658,0.28890872,0.67447627,0.4728062,0.6052697,0.46733075,0.5958368,0.6977394,0.70850176,0.69998544,0.5591747,0.91419405,0.82213557,0.91044235,1
0.42782322,0.10784683,0.46253783,0.08900632,0.40721133,0.09474926,0.5882441,0.0866498,0.43453315,0.101136774,0.79769063,0.1615961,0.44909468,0.18699922,0.8678558,0.2264639,0.3344271,0.25096345,0.46371835,0.2203885,0.1677766,0.18803696,0.7469103,0.46625966,0.50047386,0.47021362,0.76232284,0.70088935,0.5304947,0.69973034,0.882426,0.90981156,0.54246247,0.9060865,1
0.39884993,0.11000054,0.4345212,0.0922524,0.39498106,0.09631925,0.55928564,0.093526274,0.44410902,0.10382898,0.7688872,0.17438664,0.45062524,0.19278957,0.8792259,0.269908,0.32138273,0.278221,0.65692914,0.35986784,0.15969077,0.24705738,0.6720221,0.45906907,0.5037356,0.46125332,0.5964561,0.6827286,0.6567237,0.68427235,0.6256124,0.90280235,0.78984565,0.8944605,1
0.39511383,0.10890172,0.42935312,0.09030342,0.38600352,0.09770985,0.55967087,0.09179945,0.44277304,0.10900891,0.7729061,0.16181627,0.4660451,0.20500846,0.95402163,0.17500845,0.3420105,0.28529474,0.74110204,0.12726021,0.12763043,0.2534102,0.70008093,0.4533489,0.529082,0.4620658,0.622486,0.6806156,0.65823126,0.6731636,0.6409297,0.90219444,0.779363,0.8901947,1
0.3865528,0.10718298,0.4153327,0.08956423,0.38369074,0.09247418,0.53304803,0.08732954,0.46175066,0.094932795,0.6847483,0.18045339,0.51847863,0.18206738,0.55632997,0.31929928,0.37711298,0.29122153,0.21647108,0.3473878,0.14854088,0.27246395,0.63892955,0.46995938,0.5123863,0.46830538,0.67220366,0.7039295,0.5497831,0.6996321,0.85015625,0.9082886,0.5845431,0.90769887,1
0.363075,0.099452786,0.37647343,0.08153754,0.38507876,0.084042646,0.47497353,0.0829453,0.5338803,0.08726302,0.64587665,0.17614558,0.5749144,0.1737051,0.5107822,0.32249698,0.37977412,0.2863175,0.18561724,0.319681,0.17378157,0.2216339,0.6374117,0.45251557,0.5895032,0.44954574,0.6332094,0.66980225,0.6549796,0.6662384,0.7724082,0.90776926,0.7522964,0.88903314,1
0.33089903,0.084430404,0.3432409,0.06749067,0.3669815,0.06940984,0.44133905,0.07605528,0.5650275,0.07733469,0.61717373,0.17498387,0.63095874,0.17190602,0.5502304,0.3223676,0.47708735,0.30676797,0.20796743,0.36200258,0.16224197,0.32030168,0.60315865,0.45365945,0.6088873,0.44797376,0.6488586,0.6758139,0.6618376,0.6675283,0.8103786,0.9129405,0.7974973,0.8827447,1
0.39328116,0.09776477,0.40643334,0.08033571,0.42020288,0.082485005,0.5069807,0.08229913,0.5853852,0.08616132,0.679358,0.17297275,0.6422304,0.17470068,0.5631154,0.3126731,0.4763638,0.30818775,0.17252079,0.33712018,0.15330355,0.31923452,0.662995,0.45078632,0.63512886,0.44758525,0.6970758,0.67284745,0.71755224,0.66851765,0.8483291,0.9071092,0.83624804,0.8884884,1
0.31482342,0.09022331,0.33422875,0.07298017,0.35133782,0.074625686,0.46809417,0.08342877,0.5717559,0.0830328,0.6127969,0.18597858,0.66261744,0.17128378,0.39674154,0.334311,0.4276341,0.29646617,0.11023449,0.31622082,0.18219478,0.2806895,0.6208355,0.4605814,0.63902646,0.45276517,0.67368066,0.68223065,0.6964058,0.6744498,0.8411096,0.91717935,0.8456551,0.89987886,1
0.32255363,0.09322129,0.3476338,0.07649012,0.35973638,0.07752934,0.48986226,0.088475615,0.5733876,0.0865738,0.605276,0.18994352,0.6604988,0.1745824,0.37158164,0.3348262,0.41850242,0.30158406,0.11578259,0.31257567,0.18533154,0.28752658,0.6188291,0.45778593,0.63679326,0.450785,0.67935944,0.6780827,0.6907904,0.6715572,0.8471418,0.9114346,0.84453046,0.901921,1
0.3340283,0.107429974,0.3511493,0.09152779,0.34624884,0.09241681,0.46773648,0.09152879,0.51914597,0.09082136,0.5265317,0.19680113,0.62457377,0.17884903,0.34663025,0.35309717,0.45121893,0.3009376,0.16144474,0.36112624,0.20344205,0.3007312,0.570309,0.48459494,0.6395255,0.474392,0.64937395,0.71707505,0.71932054,0.69977534,0.7553586,0.9233699,0.8291373,0.89017993,1
0.33925557,0.0937727,0.3532553,0.076863766,0.37147224,0.07831726,0.44772056,0.08749018,0.5667564,0.086765766,0.5851456,0.19499902,0.5927404,0.18283904,0.4242539,0.34485817,0.3754585,0.32407817,0.1143321,0.32812226,0.18615277,0.35457307,0.5906727,0.48054346,0.5952599,0.47215757,0.6272648,0.70038795,0.686919,0.69129467,0.73308086,0.92041093,0.79767257,0.88572806,1
0.27306744,0.10488122,0.2782046,0.087995194,0.30675066,0.089425944,0.36632675,0.09095707,0.5254289,0.08995028,0.502589,0.18375175,0.5811755,0.17732057,0.4096705,0.32523206,0.37976772,0.32221812,0.13860446,0.32658488,0.17994817,0.33881953,0.55489856,0.4693951,0.62432843,0.46284035,0.5740676,0.6926659,0.6905859,0.6849285,0.65596753,0.9113616,0.80661434,0.87859637,1
0.34626338,0.085196875,0.3446194,0.069921635,0.38909632,0.07061124,0.39203444,0.08174777,0.6366676,0.07610126,0.43831682,0.18510489,0.78188103,0.1616394,0.278992,0.32234302,0.74180764,0.2790703,0.103435226,0.34112236,0.38128534,0.32439345,0.5259717,0.46875072,0.7479563,0.45568982,0.5332387,0.6877561,0.7408723,0.6824506,0.60069555,0.90434974,0.83153474,0.8788455,1
0.19849478,0.07148204,0.2067898,0.059458975,0.22841944,0.060540058,0.30428144,0.07303987,0.47833413,0.067207046,0.3249073,0.18520331,0.6652961,0.16428286,0.17834115,0.3459592,0.6256366,0.29030538,0.11245045,0.4409099,0.31731218,0.33260757,0.46016395,0.4820642,0.6960783,0.46900684,0.44767007,0.69983906,0.6816145,0.6827403,0.47789842,0.90818155,0.806288,0.8605143,1
0.35395792,0.077619694,0.34849897,0.06290979,0.38570735,0.06398082,0.3365186,0.072618246,0.5289809,0.07464809,0.36369458,0.18114766,0.5281501,0.19116579,0.21356723,0.3332492,0.32619438,0.3581715,0.14442761,0.53099847,0.1794203,0.55580705,0.4929598,0.488957,0.60092705,0.49381992,0.5659793,0.6976462,0.5691403,0.7037156,0.67102826,0.8890587,0.6291807,0.89268,1
0.37429038,0.07907396,0.36758092,0.06637521,0.41513205,0.06590906,0.33753216,0.07916341,0.5902793,0.07384501,0.25358844,0.18904825,0.71918386,0.16940668,0.11731294,0.3333272,0.7354941,0.26985946,0.1493546,0.45149544,0.5449218,0.32085025,0.36247116,0.46381137,0.68408585,0.45391303,0.40253967,0.6842496,0.70229626,0.665338,0.44899562,0.91008306,0.8017078,0.8600017,1
0.4392148,0.076047875,0.43055966,0.06360753,0.47431427,0.06389079,0.34992293,0.07448115,0.5973727,0.07302551,0.24871331,0.17506066,0.7031094,0.164272,0.15280035,0.32329234,0.7736784,0.2687796,0.20511658,0.44080928,0.5310254,0.29493243,0.37172973,0.4494767,0.6819985,0.44925746,0.4025163,0.66338986,0.6842292,0.6682019,0.43292567,0.8896,0.7522397,0.88304085,1
0.41372862,0.07873426,0.4053284,0.06551113,0.45919704,0.0653657,0.35072407,0.0793509,0.62286747,0.073737815,0.23431417,0.18613358,0.7453715,0.16779009,0.13497968,0.3272136,0.83193684,0.26869363,0.21559615,0.4200869,0.5930735,0.30306935,0.3779866,0.4596445,0.7309508,0.45390263,0.4142458,0.67769545,0.723557,0.6766206,0.38873896,0.9041129,0.8057451,0.88098145,1
0.47278666,0.07171864,0.45856017,0.058629606,0.5065408,0.05877795,0.3711113,0.07194786,0.64139044,0.068071455,0.26338938,0.17550685,0.77284855,0.16153778,0.15560609,0.3142486,0.87431484,0.27350345,0.22692071,0.3852918,0.61039907,0.30376452,0.3860699,0.44388306,0.7414482,0.43892744,0.39680466,0.6544614,0.7271525,0.65365356,0.3483609,0.89710975,0.8017282,0.8745657,1
0.47279584,0.06899343,0.4595989,0.05605931,0.50763685,0.05637574,0.3749992,0.07008857,0.64434856,0.06655755,0.25921533,0.17419511,0.7770421,0.16066575,0.14609398,0.3138301,0.87469894,0.27267405,0.23292013,0.38721663,0.61488724,0.30468306,0.37982115,0.44460323,0.74071187,0.43969548,0.39335203,0.65762347,0.7325981,0.65614456,0.34987617,0.8980224,0.8011443,0.8742264,1
0.51990443,0.07840344,0.50492775,0.06556224,0.54491943,0.06473718,0.39473405,0.080861755,0.6535043,0.07504372,0.27604735,0.19658446,0.7721772,0.17330001,0.14140944,0.34353554,0.91171366,0.27128378,0.3205263,0.37989584,0.6453222,0.28276294,0.41841915,0.46378538,0.7520213,0.4579526,0.39947388,0.67097884,0.73466265,0.6754824,0.35838914,0.89913833,0.7572743,0.89059603,1
0.557545,0.06727729,0.5347749,0.05376058,0.56354254,0.053963616,0.37630454,0.07066036,0.599193,0.06919537,0.2445243,0.18320392,0.74975514,0.17252497,0.13163345,0.31844735,0.9015771,0.2810128,0.19398034,0.36152568,0.66538996,0.29650912,0.36883473,0.46701223,0.71814626,0.46406353,0.3652826,0.6792654,0.7179787,0.681756,0.30378556,0.9054297,0.7210803,0.88951254,1
0.4402313,0.082662016,0.4348078,0.068857715,0.47494593,0.0691227,0.37429515,0.08738652,0.62005126,0.082026005,0.25424662,0.20540956,0.7543154,0.18470623,0.114183836,0.35414073,0.8882956,0.2956267,0.20947704,0.35149956,0.6185833,0.30098954,0.36519745,0.48779833,0.70294785,0.48194683,0.33658564,0.6868054,0.67594165,0.69676924,0.28105295,0.90121984,0.6841459,0.8967458,1
0.4632068,0.07964393,0.45328867,0.06579538,0.4875655,0.06464329,0.35856467,0.084151275,0.59062535,0.07651811,0.23588094,0.2070634,0.7263551,0.18402182,0.10448532,0.35686436,0.89079285,0.2966081,0.25096387,0.3554454,0.65104645,0.29975536,0.3544349,0.4814891,0.68081117,0.47517604,0.34801564,0.6768756,0.64653057,0.6859863,0.29213625,0.89861685,0.64172673,0.89325947,1
0.25587037,0.10530681,0.317213,0.086891174,0.21396734,0.0876513,0.5383217,0.07650127,0.29711083,0.07798171,0.69146234,0.16425122,0.4276427,0.1557476,0.6846025,0.29381648,0.40056497,0.28244013,0.40496555,0.32463795,0.28845713,0.31198576,0.5730029,0.42541647,0.43253845,0.41657782,0.51654637,0.67463183,0.5551055,0.6625558,0.67594534,0.92516387,0.69525695,0.9187126,1
0.24245994,0.117073536,0.27508393,0.09640274,0.20722921,0.10137765,0.4601262,0.08150287,0.3282319,0.09327311,0.69232357,0.15525115,0.4909052,0.16118307,0.7525585,0.2850938,0.4585299,0.28848165,0.48464087,0.34243566,0.28235403,0.33394834,0.65503186,0.4284057,0.50851923,0.42568848,0.5304006,0.657651,0.5416794,0.6558815,0.71603686,0.9111414,0.64956033,0.9133808,1
0.22418864,0.13132396,0.25094277,0.11005149,0.18815953,0.11521373,0.4373239,0.087975025,0.30097663,0.10130829,0.6853974,0.15948948,0.41480497,0.16498391,0.7521416,0.29200232,0.3773407,0.28505817,0.48262575,0.38725576,0.19781929,0.34820282,0.56948143,0.4323955,0.37510893,0.4291172,0.5257792,0.6553419,0.4562412,0.6516,0.7113164,0.9108536,0.5859484,0.90573376,1
0.32027397,0.09520022,0.38709468,0.07408972,0.26468298,0.078389555,0.5591938,0.06763215,0.24954791,0.07815638,0.7578041,0.15411054,0.31154463,0.15861636,0.8179,0.28761035,0.2902898,0.2757354,0.53132653,0.38143712,0.21284147,0.3343082,0.58305234,0.4307679,0.27832234,0.42818204,0.56847197,0.6618398,0.3980186,0.6601355,0.739346,0.9117167,0.5617423,0.90870214,1
0.26281148,0.10764099,0.31499517,0.08916698,0.2229787,0.09140617,0.49983323,0.081626564,0.28331697,0.08632942,0.67418694,0.16849418,0.37106082,0.1628831,0.795508,0.31065544,0.3577879,0.30557972,0.49560034,0.40484068,0.24202083,0.40163264,0.5934611,0.4428096,0.4081591,0.43574554,0.5481026,0.6784615,0.4833492,0.6687146,0.6938973,0.914613,0.6524453,0.9158123,1
0.3008985,0.12942465,0.342108,0.110705666,0.25354347,0.11304119,0.5200188,0.08786667,0.30902213,0.09541026,0.74703777,0.15542318,0.4344114,0.14967318,0.794763,0.29407108,0.4796302,0.27211645,0.5585389,0.40979058,0.30566975,0.3920312,0.6307401,0.4169435,0.40533456,0.40768707,0.5186955,0.6437374,0.35154802,0.6328192,0.68759525,0.89958096,0.4333838,0.8954646,1
0.17902906,0.38030696,0.23603374,0.36605495,0.136244,0.3664567,0.36149356,0.36722296,0.10343962,0.36823535,0.51520634,0.43293372,0.06500915,0.4314212,0.6254188,0.53395456,0.054170392,0.5269407,0.5120542,0.46952248,0.14674969,0.47077906,0.4749378,0.60254484,0.20047027,0.6050486,0.59310454,0.70218027,0.45630667,0.7101065,0.6650174,0.9021052,0.65742296,0.89682215,1
0.31059417,0.116323024,0.37783822,0.09842248,0.26348606,0.09835866,0.56000346,0.08523639,0.2562268,0.086414106,0.74400747,0.15844399,0.36130255,0.15083809,0.85304606,0.2868129,0.34534267,0.25263986,0.62942463,0.40812942,0.20294094,0.3312388,0.6449943,0.39683285,0.40834692,0.38953882,0.5542537,0.62913144,0.48561743,0.6193189,0.7089783,0.89758664,0.6546533,0.8890338,1
0.30539107,0.12180729,0.3615318,0.10382557,0.2678191,0.10507435,0.55013233,0.088263944,0.3081639,0.09108,0.72513825,0.16113634,0.39554432,0.144739,0.76696396,0.30180413,0.34820172,0.24650402,0.54204565,0.42305374,0.19909936,0.32186317,0.6034648,0.40683094,0.3951885,0.39573336,0.54655606,0.6474391,0.40508243,0.6354493,0.7246849,0.9014727,0.5533437,0.8995838,1
0.32160985,0.13147299,0.36678106,0.113983065,0.28455612,0.11348491,0.5453802,0.08855374,0.33281136,0.0903585,0.7449553,0.15078789,0.42529547,0.14026695,0.7960127,0.27459908,0.35705566,0.23411387,0.62227947,0.38144058,0.2312081,0.31014523,0.6231181,0.4059094,0.42800856,0.397041,0.5505982,0.6392083,0.5124808,0.63108796,0.72231007,0.9069415,0.6928831,0.89365405,1
0.31307292,0.13694397,0.34438252,0.11750497,0.27301717,0.120049946,0.51562566,0.09010444,0.34336695,0.0989263,0.75849646,0.15466823,0.4502737,0.15272647,0.7943217,0.27407086,0.36353064,0.24793433,0.4666045,0.34034756,0.22642075,0.3087457,0.68587536,0.41332904,0.49454477,0.40677458,0.5953706,0.64945143,0.5399176,0.64373285,0.7212114,0.90284044,0.6725017,0.8865207,1
0.30390066,0.14129654,0.34958255,0.122957386,0.26059148,0.12091798,0.54604775,0.09101202,0.32940567,0.090021655,0.75082964,0.15408608,0.43702668,0.13807406,0.72412455,0.27925372,0.33312374,0.23685111,0.42838,0.3601043,0.24838017,0.3289338,0.64367807,0.41197616,0.46138015,0.40024003,0.5494656,0.64080167,0.5597847,0.6304112,0.69391716,0.9013435,0.71431863,0.8777127,1
0.28614143,0.13003309,0.33751932,0.11152077,0.24352708,0.11260697,0.51778924,0.09020536,0.28664744,0.09470148,0.6981366,0.15638909,0.41431612,0.15468244,0.75235415,0.2749963,0.42230284,0.26364055,0.39368227,0.33985543,0.24766614,0.31807682,0.594019,0.41339144,0.4017111,0.40727365,0.55483687,0.65210813,0.45575395,0.645707,0.7674487,0.8977296,0.67261356,0.8826061,1
0.27063105,0.11702657,0.33013302,0.09844038,0.23016861,0.09998647,0.52708954,0.08605654,0.263287,0.09087071,0.7311682,0.16199328,0.4266595,0.15978387,0.83213764,0.28967068,0.46801502,0.26764625,0.6166728,0.37254065,0.26943082,0.3156779,0.6088051,0.4227057,0.3917399,0.4151959,0.56459695,0.655108,0.392423,0.6445705,0.756345,0.9041543,0.56602705,0.8852587,1
0.2847052,0.14626193,0.31925592,0.12468047,0.24785122,0.12989324,0.49463227,0.10232639,0.3328955,0.11507268,0.7092368,0.17899694,0.44557485,0.18437947,0.7859154,0.30144066,0.44271538,0.30227017,0.3899856,0.3327156,0.26803994,0.3274233,0.5606965,0.45206118,0.38119897,0.44674164,0.5801648,0.6690708,0.48136747,0.66540587,0.76929903,0.90951365,0.6399411,0.8995248,1
0.30554217,0.122100495,0.34930593,0.10370207,0.26811382,0.10437666,0.5304887,0.08171054,0.3289699,0.08582168,0.7242698,0.14962843,0.46814564,0.14557624,0.7747714,0.2759271,0.4781841,0.25882694,0.4412895,0.33628073,0.2863868,0.31474817,0.63155466,0.41419172,0.45998067,0.40605378,0.5832601,0.6509004,0.49807632,0.6404812,0.7766527,0.9139224,0.6766895,0.8943958,1
0.30113283,0.12446507,0.35907307,0.106017575,0.25099346,0.10812231,0.5406162,0.08806465,0.2564927,0.094935,0.7019099,0.15327044,0.36541685,0.15417081,0.77813065,0.27164087,0.36428702,0.25671628,0.5854469,0.3663673,0.21311295,0.31401247,0.56210446,0.39922434,0.3170419,0.39277026,0.5243976,0.63718826,0.2705809,0.62774396,0.74593943,0.88725734,0.4256756,0.8692713,1
0.28662476,0.11879161,0.35277423,0.098815285,0.23497257,0.100141406,0.55253303,0.08542247,0.25183767,0.0901176,0.7201998,0.1678566,0.4221824,0.1626472,0.7348099,0.29780468,0.419122,0.28077874,0.515987,0.37870362,0.2844945,0.37410048,0.5727783,0.44265595,0.35128933,0.43246722,0.5331939,0.6658265,0.30062312,0.6509813,0.7394706,0.90556234,0.41923654,0.88445616,1
0.29772413,0.14692365,0.33841866,0.12372647,0.25746748,0.1282012,0.5261782,0.092738256,0.32181925,0.10593324,0.720466,0.1734429,0.43888447,0.17582786,0.6965178,0.31988412,0.3997038,0.3074088,0.4058066,0.39487764,0.24615568,0.3704277,0.5611941,0.43949014,0.37840837,0.43352932,0.54376274,0.6539686,0.4145807,0.6474981,0.77202964,0.90244013,0.59240246,0.89316356,1
0.29951265,0.14417997,0.3370332,0.124477915,0.2507273,0.1273717,0.5086034,0.09612637,0.30291262,0.10560613,0.6851779,0.16161147,0.41032422,0.16267273,0.7701515,0.28889066,0.42198184,0.28460264,0.55339146,0.3771113,0.2534434,0.36922196,0.52646244,0.42421648,0.32834402,0.41626507,0.49643803,0.64601505,0.29340354,0.63649476,0.7183324,0.8847006,0.44341788,0.86695296,1
0.30808666,0.14302294,0.3409904,0.1231794,0.2583471,0.12634788,0.5072068,0.09258478,0.30377954,0.10338767,0.7054398,0.15650374,0.4060519,0.15722495,0.7340507,0.28449965,0.38790265,0.26603544,0.53005135,0.37399426,0.21767372,0.322094,0.56826556,0.42382511,0.34007964,0.41587886,0.54256314,0.66754264,0.25676382,0.6526778,0.72808087,0.9047436,0.3206134,0.8848776,1
0.29848605,0.118747294,0.36792448,0.098190166,0.25116014,0.10045662,0.5479696,0.09148097,0.25403526,0.09681497,0.688441,0.18345249,0.38275245,0.17991208,0.6821693,0.32455143,0.37690264,0.30408746,0.46993938,0.38627514,0.24570623,0.35477844,0.6010471,0.45348042,0.39288077,0.44782472,0.5921051,0.6925015,0.4541857,0.68476677,0.79662246,0.9188689,0.5937653,0.9078903,1
0.31433508,0.11644348,0.39280975,0.09458876,0.24762668,0.098303914,0.57754743,0.08832517,0.21721181,0.09729978,0.7392013,0.18414168,0.40189037,0.18529576,0.6947952,0.32552615,0.4129309,0.31566727,0.498132,0.39147893,0.29154158,0.3796233,0.64203817,0.46556735,0.39516202,0.45911583,0.6332693,0.6941457,0.32662627,0.6806305,0.7929914,0.90422887,0.39723086,0.8879371,1
0.2917951,0.116942555,0.358076,0.097474836,0.24912822,0.09961281,0.54529804,0.09622789,0.26250684,0.10156315,0.74816954,0.1991017,0.38237566,0.19659124,0.7641754,0.3363186,0.35510612,0.31928107,0.5666041,0.38284704,0.27125752,0.37462962,0.63092154,0.47373763,0.37657967,0.46709076,0.6167024,0.688917,0.41228685,0.67773265,0.7596959,0.90880716,0.5529319,0.8895926,1
0.31114897,0.11511708,0.3846464,0.09614201,0.25554982,0.09841791,0.5545496,0.09510999,0.23381451,0.10093238,0.7179784,0.18310171,0.37753257,0.18753992,0.7713174,0.30816472,0.40644726,0.31041652,0.5431639,0.38444585,0.32391575,0.38627353,0.67116165,0.44146517,0.4463666,0.4391645,0.6351263,0.67424595,0.49393606,0.66827494,0.7652564,0.90602446,0.633433,0.89076793,1
0.31801504,0.11532651,0.38634565,0.09469715,0.2602516,0.098800376,0.56221676,0.091142535,0.24830818,0.1012338,0.74951583,0.18376687,0.4012375,0.1905643,0.76732916,0.31698036,0.41961277,0.31774852,0.52666765,0.38213158,0.33029017,0.3804053,0.70273477,0.45941246,0.47015166,0.45749193,0.6686431,0.6912089,0.5368635,0.68637496,0.75461537,0.8963381,0.65907353,0.8865965,1
0.2965404,0.11798364,0.35070643,0.09697995,0.25900474,0.10135013,0.52283144,0.091389,0.29172745,0.101656936,0.71075016,0.18093902,0.42445478,0.187225,0.7608294,0.31922892,0.39430654,0.32109824,0.47856188,0.38729867,0.2623125,0.3788314,0.6005482,0.45154375,0.40325615,0.4479978,0.5686548,0.68101424,0.47417316,0.67128307,0.77277106,0.91744995,0.59869415,0.90675676,1
0.32832655,0.14283836,0.3676541,0.122156724,0.29137945,0.12334683,0.54871464,0.09323406,0.35620165,0.10037217,0.78498,0.16587369,0.44991407,0.16903625,0.790208,0.3003726,0.4284312,0.30233228,0.37604958,0.32620874,0.29405776,0.34936357,0.73573315,0.43745735,0.5148854,0.43165526,0.67855644,0.67768794,0.510555,0.67060465,0.81425965,0.90652895,0.6268771,0.8893029,1
0.31127453,0.13934138,0.35215053,0.11968895,0.27306834,0.12005961,0.5125392,0.09941286,0.33034977,0.10290023,0.6954663,0.1742307,0.43213868,0.1747446,0.73160374,0.30033702,0.4047987,0.30083624,0.4227947,0.36089757,0.27805084,0.35795608,0.6443091,0.44528723,0.46603402,0.44027117,0.6100325,0.6896889,0.4918883,0.68150264,0.7576378,0.9149448,0.63785076,0.8987094,1
0.334522,0.11649585,0.40053517,0.09556141,0.29643032,0.09999456,0.579608,0.0951037,0.3128726,0.10419881,0.7402332,0.18962376,0.46215847,0.19478504,0.7328939,0.32246876,0.41790676,0.3245255,0.4481662,0.3712613,0.35997978,0.37266627,0.6518242,0.46322677,0.46825516,0.4600196,0.64077264,0.70486957,0.5641564,0.6987095,0.7655298,0.9230062,0.6765539,0.91683096,1
0.19901913,0.119436584,0.25766554,0.10051831,0.16246268,0.10396093,0.42857176,0.09741449,0.18140084,0.105606936,0.63296753,0.1773779,0.25377047,0.1844126,0.71712685,0.2963456,0.26332074,0.30142432,0.47250348,0.3784658,0.22245754,0.37185398,0.5444461,0.429816,0.25980031,0.4278655,0.5213377,0.67314416,0.26018432,0.6684692,0.6904135,0.91287804,0.35090894,0.902444,1
0.20073095,0.118876815,0.2592585,0.101955354,0.16359042,0.10361811,0.42525956,0.09965414,0.1846303,0.10387443,0.6227351,0.1771792,0.26839128,0.1817116,0.7196649,0.29066053,0.27218458,0.29583418,0.47877944,0.38070282,0.23090766,0.3730929,0.5638733,0.42171133,0.31549397,0.41989303,0.5386833,0.6625888,0.3461507,0.6583214,0.66450006,0.91008174,0.45812285,0.89733905,1
0.17210734,0.122101665,0.2285167,0.10598205,0.15775956,0.10558798,0.4276438,0.10483547,0.23023975,0.104440294,0.66632444,0.18603337,0.27818987,0.18738584,0.806969,0.29532564,0.25270823,0.2974006,0.5613458,0.37983164,0.23237488,0.37542716,0.57195985,0.43770036,0.30906537,0.43425024,0.55299556,0.6665004,0.3695809,0.6624349,0.6745893,0.91058254,0.4960448,0.8962211,1
0.17398076,0.12961875,0.21492587,0.11143818,0.15450165,0.11420765,0.38252738,0.103517115,0.22740111,0.11062706,0.6277778,0.17833781,0.2681056,0.18402523,0.774725,0.2919233,0.24557245,0.2972457,0.54408556,0.37806433,0.19097346,0.37911034,0.5419775,0.42699328,0.28796703,0.42464706,0.48617002,0.6625288,0.31868765,0.6589823,0.66747427,0.91136557,0.45529762,0.9038192,1
0.1954206,0.13471156,0.2365413,0.11640478,0.17499073,0.11898418,0.40374538,0.10905896,0.23981795,0.116059266,0.6521261,0.1887548,0.2660386,0.19479124,0.79492044,0.3041084,0.26097563,0.30810234,0.50418484,0.38435355,0.2206842,0.38220719,0.5349551,0.43383777,0.25773653,0.4306971,0.4721002,0.6572648,0.26408622,0.6534834,0.67734784,0.90982366,0.39653143,0.89789945,1
0.243996,0.06310672,0.27645344,0.049215026,0.20380835,0.052886628,0.36095056,0.04690542,0.1947835,0.055318974,0.57289463,0.12098875,0.1930529,0.12789439,0.7296972,0.25996867,0.2436934,0.26782998,0.5549763,0.3750225,0.20330286,0.37763077,0.48667195,0.39951506,0.20935206,0.39693293,0.4732676,0.6635664,0.21355864,0.65820915,0.63290316,0.92371225,0.29602873,0.89993817,1
0.2028291,0.14231504,0.23205833,0.12522978,0.1733387,0.12822455,0.36479264,0.108834796,0.21438536,0.11762807,0.6057806,0.17073508,0.21756127,0.17813422,0.748524,0.28306982,0.23130153,0.29049638,0.54895514,0.37731954,0.18420514,0.3826769,0.51190287,0.4148338,0.22568507,0.4118316,0.46672243,0.6593722,0.19586065,0.65315646,0.6559923,0.9141024,0.26252633,0.89181715,1
0.17739204,0.13761474,0.21486257,0.12046823,0.1557617,0.12221744,0.37381712,0.10868441,0.2168907,0.1143234,0.6232872,0.17807488,0.22560689,0.18127932,0.77878267,0.2960258,0.22465457,0.29336607,0.4959371,0.3927365,0.17533994,0.38462135,0.50937945,0.42816398,0.21446814,0.42325866,0.4632688,0.65773386,0.1735548,0.6514686,0.6476757,0.91303843,0.24099702,0.89329344,1
0.22164242,0.13439615,0.270053,0.11752158,0.1927296,0.11934019,0.41967037,0.111936286,0.216161,0.117004015,0.63211507,0.18645434,0.20139322,0.18856078,0.7541914,0.29815462,0.18492149,0.29379037,0.49113896,0.38688546,0.16868182,0.37996575,0.5005696,0.4352896,0.18671286,0.43152657,0.46081492,0.66691846,0.19362204,0.66241556,0.6470828,0.914346,0.2709561,0.9043848,1
0.16352925,0.14092335,0.1908158,0.123066165,0.14748861,0.12456593,0.31343725,0.111221336,0.22540022,0.115276806,0.5493899,0.1869882,0.23200725,0.18712749,0.8267373,0.2965296,0.22408387,0.29595572,0.5917339,0.36472479,0.16395874,0.37849808,0.4563824,0.43408126,0.24592191,0.42939267,0.42870834,0.6553986,0.3231629,0.65040165,0.63317436,0.91058177,0.46914488,0.8976851,1
0.15604961,0.13680683,0.19703397,0.119655944,0.14287399,0.12047325,0.37345847,0.10906418,0.22677076,0.11216453,0.5999106,0.17993174,0.24952638,0.1802806,0.75640565,0.2951911,0.22955574,0.2931728,0.5336439,0.37208006,0.1709378,0.37645614,0.47618017,0.42828116,0.2303176,0.42362013,0.42643937,0.65412915,0.28281778,0.649906,0.6375939,0.91123843,0.41933596,0.8985789,1
0.14813688,0.15062541,0.18249023,0.13180418,0.11968252,0.13410787,0.35271227,0.112414114,0.1898661,0.12004337,0.59965056,0.1813998,0.2048087,0.18565354,0.8172452,0.2942126,0.18528736,0.2991606,0.60698694,0.3621163,0.11624154,0.38343993,0.4441137,0.4358539,0.17076392,0.43161687,0.416185,0.6513278,0.23936051,0.64769465,0.6314087,0.9094856,0.37110817,0.89329743,1
0.19978176,0.1457549,0.23348196,0.12851155,0.19008349,0.13090254,0.38029805,0.117471404,0.29188734,0.121891156,0.5307986,0.19176564,0.38492948,0.19022827,0.75172687,0.2981288,0.38176176,0.2968365,0.48037872,0.36913294,0.21717155,0.3752654,0.36631086,0.44674516,0.28923687,0.44092312,0.32647622,0.671134,0.3751636,0.668303,0.5345037,0.906822,0.59477776,0.9030255,1
0.21673621,0.12534648,0.25997692,0.109352656,0.19490743,0.11136066,0.39971635,0.10384812,0.25541598,0.10818992,0.57950974,0.17902975,0.30426612,0.17806238,0.8088732,0.29933065,0.2985046,0.29477513,0.546186,0.38169813,0.20003551,0.3768729,0.40220332,0.44149584,0.23741408,0.43539828,0.3267814,0.66917044,0.38808632,0.66248924,0.54885536,0.9106264,0.59137243,0.9062718,1
0.28660637,0.11174302,0.33054495,0.09786572,0.2614347,0.09804574,0.435914,0.09313054,0.27342272,0.09445629,0.5449312,0.17123023,0.26282215,0.16817771,0.7888887,0.2689861,0.28240135,0.27120882,0.74470556,0.312096,0.31434518,0.33826607,0.41560537,0.43098193,0.24461505,0.4266349,0.43702668,0.66601384,0.36885753,0.66165704,0.6271466,0.9060622,0.5577724,0.90286887,1
0.23171845,0.14016923,0.28198868,0.12294473,0.19867975,0.12519358,0.42566144,0.11364693,0.22920318,0.118982024,0.63184446,0.19566442,0.22440511,0.19387802,0.87238705,0.31497687,0.23127595,0.2968215,0.6205261,0.37608942,0.2213248,0.35187623,0.44289976,0.46630654,0.15968232,0.46024355,0.4559776,0.68899256,0.21187735,0.68591714,0.63212323,0.9113776,0.34394082,0.90269554,1
0.2535804,0.13078994,0.3081901,0.1154036,0.21355022,0.11660888,0.43139338,0.11373877,0.20058705,0.11684369,0.6067796,0.18886235,0.17939195,0.18851803,0.85375375,0.30294037,0.17482851,0.300525,0.5668804,0.3792243,0.13968006,0.38596675,0.44073573,0.44003886,0.1534103,0.43551075,0.39829606,0.64912593,0.23209092,0.6469878,0.6145177,0.894974,0.36040986,0.88922185,1
0.34831804,0.09217096,0.37889776,0.08439736,0.32511166,0.08444713,0.44764835,0.089411065,0.31660968,0.08986011,0.5873298,0.1443684,0.27203307,0.141038,0.68943155,0.21600327,0.20064613,0.20063098,0.5907359,0.26100767,0.35390824,0.23209038,0.4809962,0.26650313,0.26386866,0.26431054,0.4869826,0.3340464,0.23520191,0.33490357,0.57618695,0.39585623,0.2113061,0.40499455,1
0.32324824,0.07065129,0.3691875,0.057393834,0.30249074,0.05823083,0.44949332,0.069707386,0.31189287,0.07019596,0.57673043,0.17126864,0.31261963,0.1644631,0.8302131,0.30924702,0.39400992,0.28220096,0.62989295,0.37555784,0.3433021,0.33771828,0.41058004,0.44088042,0.22123244,0.4339621,0.38621542,0.6598972,0.27758193,0.6546081,0.62212104,0.90485305,0.37715402,0.90079767,1
0.32990497,0.054961298,0.3763225,0.0422492,0.30618367,0.043030165,0.45060906,0.05737748,0.30877814,0.057592392,0.57836646,0.16141257,0.31292936,0.15390858,0.83348054,0.30306715,0.3917316,0.27112058,0.64886385,0.37167487,0.35043374,0.31368837,0.41153425,0.43519711,0.22903615,0.4284668,0.38233644,0.65767956,0.3145597,0.65256566,0.6214959,0.9043933,0.45528185,0.9000686,1
0.29094905,0.14846534,0.3331577,0.1303876,0.2282062,0.13226005,0.39270014,0.11952133,0.1358713,0.12443928,0.53174627,0.19322205,0.12986688,0.19353817,0.8084487,0.29077306,0.21765089,0.2863058,0.5427215,0.38729507,0.16117433,0.36799377,0.40740275,0.43563995,0.1408283,0.43327752,0.40171447,0.63939476,0.296672,0.63932085,0.63517237,0.89129126,0.47532934,0.8881843,1
0.18607788,0.14010748,0.18241106,0.12486421,0.16677564,0.12787256,0.17488022,0.0908699,0.16776389,0.093990944,0.4203151,0.14288379,0.19253896,0.1326561,0.8381909,0.26938236,0.44063574,0.2448358,0.5318184,0.38373512,0.20936061,0.34903672,0.3692219,0.40405008,0.22549853,0.39677855,0.37234053,0.628943,0.35947216,0.6243943,0.6510746,0.8912618,0.55030584,0.88555354,1
0.28453583,0.12551083,0.31267712,0.1080743,0.24285136,0.1117891,0.37226614,0.09581814,0.21199253,0.10431268,0.5741385,0.17311949,0.18990321,0.17705458,0.8810022,0.3017048,0.25120148,0.29930195,0.56707895,0.39487794,0.16126066,0.3828138,0.43996453,0.4394054,0.1981075,0.43662876,0.42039946,0.6446655,0.3563834,0.64211994,0.6482857,0.8917857,0.5572961,0.88194615,1
0.25161108,0.12738977,0.25835413,0.112057395,0.23090564,0.11502664,0.2760442,0.0981657,0.22477384,0.1035667,0.5059513,0.16624506,0.17046236,0.16576332,0.86288965,0.28800353,0.27936777,0.2757437,0.5258434,0.38338947,0.15350817,0.3433611,0.40822235,0.42875844,0.18933119,0.4256954,0.40202245,0.6422148,0.32993773,0.64245033,0.64063156,0.8978277,0.5262434,0.89825577,1
0.44796112,0.12781215,0.48427787,0.10974262,0.3829629,0.11096396,0.49559227,0.10397806,0.21323518,0.10569763,0.5996909,0.18859844,0.08099984,0.1842061,0.8888823,0.30938798,0.14706203,0.30041528,0.5345114,0.39055157,0.13669875,0.37982333,0.4188473,0.45628718,0.060399067,0.45370764,0.42681006,0.6662478,0.19862986,0.6696157,0.6463862,0.8959878,0.32095018,0.9032274,1
0.41775241,0.12506403,0.45440254,0.108284995,0.36363864,0.108879305,0.47073305,0.10367086,0.22754379,0.1041213,0.5997988,0.1864294,0.08472837,0.18154444,0.88892764,0.30881432,0.13835861,0.29916924,0.5330002,0.3908262,0.13417542,0.38113013,0.41482735,0.45423186,0.059747886,0.45111993,0.42413527,0.66249156,0.18892567,0.66614264,0.6499889,0.89581275,0.32902756,0.8994706,1
0.28504175,0.123170465,0.35986003,0.10372472,0.21189903,0.103906766,0.48356062,0.09297275,0.120276265,0.093878694,0.6163278,0.1759112,0.096329935,0.16736105,0.8667528,0.30216873,0.12248129,0.2812058,0.5189889,0.3957649,0.09611557,0.37415674,0.38853398,0.44088897,0.044854175,0.4355464,0.40219706,0.6397851,0.26616213,0.64379704,0.665972,0.88129044,0.42578256,0.8954999,1
0.35567433,0.06492877,0.41604474,0.049512435,0.3109699,0.04987588,0.50483954,0.057901956,0.25324425,0.058157682,0.66718733,0.15877719,0.17086495,0.15388088,0.8834259,0.3016752,0.18315382,0.28568113,0.54989344,0.4061418,0.11263301,0.40032825,0.4497555,0.44380546,0.09083717,0.43728834,0.45021677,0.65428877,0.13627084,0.6548853,0.67960364,0.8876343,0.23549072,0.87686396,1
0.25861576,0.06883712,0.31927302,0.0550488,0.23407303,0.055855036,0.45332688,0.06495147,0.2508503,0.0654048,0.6303856,0.15582334,0.2491276,0.14857727,0.8337706,0.29416117,0.27382317,0.267678,0.5415993,0.40638,0.13318707,0.35891214,0.42304748,0.42573848,0.15643668,0.4189404,0.4126707,0.64336747,0.31267095,0.64221865,0.69398004,0.8916746,0.49927723,0.89053845,1
0.35398668,0.12259451,0.4172651,0.10606437,0.2891915,0.10787309,0.5326817,0.10037966,0.21461181,0.10520759,0.65794647,0.17179261,0.17430432,0.17187458,0.82860446,0.2948563,0.15033777,0.291238,0.5336749,0.41073433,0.1253365,0.39742786,0.4769703,0.4250754,0.15197885,0.42166385,0.42159805,0.6298838,0.24327567,0.6274936,0.69066966,0.8908909,0.38385555,0.8896669,1
0.36512893,0.07439537,0.42834178,0.060335115,0.32128826,0.059842687,0.51787186,0.07053052,0.25823522,0.06887231,0.6556526,0.16295142,0.1440013,0.15617882,0.8502078,0.2942521,0.09152048,0.27857232,0.5928931,0.39828753,0.14558999,0.38091388,0.46765745,0.42044413,0.10887841,0.41535336,0.44605345,0.6333868,0.1584133,0.6330811,0.6614531,0.8907107,0.24363068,0.88950384,1
0.3563887,0.076474,0.4199709,0.06235218,0.3136107,0.061743837,0.51186323,0.0718237,0.25285617,0.06994348,0.6566577,0.16333206,0.13661505,0.15623446,0.8472061,0.2980823,0.08655862,0.2806195,0.55847454,0.40812352,0.12422538,0.38535908,0.46214887,0.42347404,0.09621499,0.41816056,0.4454183,0.6344645,0.14663954,0.6344586,0.66594815,0.8913401,0.23917232,0.8893344,1
0.36835676,0.08580818,0.41922307,0.07064232,0.32354635,0.070941254,0.48821822,0.07590341,0.2559181,0.07645158,0.6323817,0.16723794,0.16712518,0.1637155,0.8475517,0.3023509,0.20851181,0.29148185,0.5386573,0.42096695,0.14712651,0.4076004,0.44620273,0.4355149,0.11307683,0.43128496,0.43102762,0.6471059,0.18453844,0.65022403,0.6897401,0.88991,0.29386744,0.89322007,1
0.39488652,0.102213115,0.45187715,0.086619414,0.3345135,0.08722071,0.53083754,0.08790941,0.24067299,0.08940295,0.63873935,0.17016695,0.14651754,0.16515544,0.81224245,0.30131346,0.16175956,0.2863993,0.5387964,0.42368996,0.1828294,0.39953315,0.44103748,0.42972696,0.08752348,0.42559075,0.42263836,0.6439917,0.14904271,0.6468153,0.68860596,0.8840055,0.256014,0.88933957,1
0.39765123,0.09904436,0.45485708,0.08475127,0.35348833,0.08348655,0.51978135,0.08970065,0.2767242,0.08631339,0.6595804,0.17814335,0.161721,0.15809616,0.8551353,0.30964163,0.14344732,0.21918206,0.5482393,0.4062867,0.1683657,0.20814374,0.46737555,0.4415801,0.13156977,0.43528172,0.42624083,0.6585013,0.31299376,0.65751624,0.7035773,0.89004964,0.4794387,0.8972606,1
0.33532548,0.12438207,0.39494318,0.10725384,0.2694305,0.10860896,0.48053896,0.103625394,0.1617521,0.10639365,0.64297986,0.17975573,0.07999477,0.18065777,0.8520107,0.30918032,0.114791244,0.31350207,0.55849236,0.43464637,0.12008011,0.41737887,0.45075572,0.44929683,0.052786946,0.44724333,0.44620857,0.665164,0.16390236,0.6644587,0.70180047,0.8847035,0.2472576,0.8945927,1
0.30542332,0.09128213,0.36210644,0.07701082,0.26498985,0.077589154,0.4605828,0.08345885,0.22504339,0.08474789,0.6576007,0.16974667,0.14837727,0.16614592,0.8794814,0.3015751,0.1286735,0.29165515,0.61597484,0.40877235,0.18335536,0.40507868,0.498066,0.43493143,0.16598763,0.4321022,0.4785614,0.6550259,0.3368631,0.6555479,0.6932033,0.8927315,0.5599742,0.8945761,1
0.22790505,0.09669609,0.29986253,0.08061524,0.19157045,0.08230954,0.463438,0.08601027,0.1791295,0.08911162,0.6873407,0.1692194,0.12568921,0.1715155,0.85746247,0.30115128,0.08680126,0.30354294,0.58622146,0.418532,0.091744065,0.41216922,0.49592477,0.44538143,0.09971583,0.4430483,0.48823836,0.67024666,0.24006945,0.6659128,0.7268926,0.89075524,0.37986192,0.8932615,1
0.33952126,0.103655316,0.38798803,0.08879954,0.295672,0.08935718,0.48637408,0.09263602,0.236056,0.09343367,0.6171688,0.17011558,0.19602889,0.16424666,0.8449615,0.2871,0.2448706,0.24754493,0.667595,0.4049819,0.26272178,0.26985517,0.52408934,0.42969126,0.23756221,0.42889723,0.5359514,0.6532732,0.36631382,0.65356964,0.6883777,0.8882405,0.4851695,0.89580685,1
0.16590172,0.12107937,0.21039695,0.10371179,0.1505491,0.10681255,0.35860154,0.101422936,0.21509662,0.10776179,0.6282783,0.18178168,0.23115419,0.18660945,0.82020956,0.3096911,0.22103857,0.31285653,0.5012039,0.43278646,0.1492464,0.4178563,0.48870912,0.4573681,0.21395966,0.45455027,0.48754424,0.6756445,0.34881794,0.6702282,0.6885639,0.8933724,0.53262085,0.8940779,1
0.3047746,0.1265389,0.37059215,0.11134117,0.24858311,0.11023095,0.4828777,0.10300818,0.1696736,0.10121328,0.65023535,0.1652871,0.072380826,0.16344394,0.8160954,0.26692683,0.058088884,0.28101653,0.79990155,0.34832793,0.18411385,0.37702894,0.5130156,0.4071437,0.1263485,0.40629876,0.48136237,0.6401665,0.24591498,0.6371102,0.68666583,0.8855155,0.4047171,0.8912703,1
0.30572933,0.10276297,0.36947763,0.08891802,0.265342,0.08865458,0.4835842,0.09197121,0.21966955,0.0908393,0.6668091,0.16996838,0.123547606,0.16508748,0.8029354,0.30917716,0.103154466,0.2991874,0.49167144,0.4358646,0.13526054,0.4038541,0.4811603,0.4253995,0.10867207,0.4217328,0.47714487,0.6455304,0.25400868,0.64201325,0.70346856,0.8810057,0.39925587,0.88955045,1
0.29522356,0.11827347,0.34320325,0.10211934,0.25865385,0.10398545,0.44445214,0.09984082,0.24439868,0.10350119,0.6322784,0.17845462,0.25126317,0.17056166,0.7623048,0.3170182,0.2922636,0.26082128,0.5073806,0.43211055,0.24206878,0.27313188,0.49904764,0.4388254,0.2304205,0.43590698,0.5074906,0.6658027,0.42896745,0.66496694,0.7222321,0.8803903,0.5900707,0.8933816,1
0.22751313,0.121033445,0.26602817,0.103429474,0.20270345,0.10702801,0.3830528,0.09932117,0.24197938,0.10655064,0.61543494,0.17918016,0.29772183,0.17460378,0.7657313,0.31885728,0.3510802,0.2656692,0.5038803,0.43272457,0.2400809,0.2757096,0.4883588,0.4425582,0.25537524,0.43938452,0.4964172,0.66882354,0.4370856,0.66820043,0.72133946,0.881409,0.5933883,0.89331466,1
0.32846814,0.12012111,0.39102745,0.10313894,0.26997602,0.10490513,0.49449587,0.099631876,0.20537172,0.1031675,0.6525336,0.1791036,0.16379382,0.17629367,0.76651317,0.31784567,0.17236514,0.3049207,0.50589925,0.4395104,0.181988,0.4063231,0.50297385,0.4454621,0.17353366,0.44408768,0.5468589,0.6793479,0.39551058,0.67987347,0.69850904,0.8842847,0.5373734,0.8952186,1
0.19167009,0.113128036,0.23107328,0.09586696,0.17245603,0.09933309,0.35727584,0.09568986,0.22410303,0.10271821,0.6419249,0.17873316,0.20552431,0.18269566,0.8002058,0.3178884,0.2227881,0.3166969,0.4964456,0.4387839,0.14351165,0.41922522,0.48273468,0.45615768,0.1526118,0.45366487,0.5288249,0.67335814,0.25193825,0.6761039,0.7440166,0.88952076,0.34834626,0.8912225,1
0.22863233,0.12655352,0.27414176,0.108409815,0.19934405,0.1103206,0.40248227,0.100259595,0.23527546,0.104698256,0.6439781,0.18189427,0.1932507,0.1807943,0.77444226,0.32153514,0.22012967,0.3163606,0.44758025,0.43157506,0.23444386,0.41537517,0.45161727,0.4472746,0.112967305,0.44376737,0.5076912,0.6641937,0.23360282,0.66608983,0.74200165,0.8869737,0.33552897,0.89336497,1
0.31659368,0.1186132,0.36898026,0.10073993,0.26068544,0.10357982,0.461125,0.0960628,0.2003839,0.10238719,0.6740954,0.1735134,0.13694946,0.17670865,0.7984342,0.30275586,0.17059071,0.30358106,0.46866485,0.39203545,0.24236621,0.36678058,0.5100467,0.43816185,0.1251229,0.43821007,0.5296206,0.6711082,0.31344792,0.674043,0.7521478,0.88906556,0.448523,0.9002403,1
0.36562,0.1166163,0.43112516,0.09952178,0.31354257,0.10051547,0.54510736,0.10038369,0.26865032,0.10267317,0.7048476,0.18882298,0.28086993,0.18648428,0.82341325,0.32632226,0.26272908,0.31854895,0.51278985,0.43064645,0.17850733,0.4286088,0.546437,0.46375284,0.27227384,0.46081007,0.56962895,0.69847417,0.5003664,0.7016221,0.6799059,0.8978559,0.637397,0.905281,1
0.2626382,0.11108714,0.32579452,0.095116094,0.2391489,0.09629402,0.48219848,0.09776979,0.25955132,0.09989414,0.6758228,0.17766987,0.2669935,0.18292022,0.8175839,0.30915174,0.2562544,0.32036278,0.5109391,0.4270322,0.15995802,0.42947027,0.5498181,0.45189777,0.27209926,0.45104814,0.53526443,0.6844544,0.43481246,0.68324596,0.69333285,0.8943717,0.5786166,0.9002715,1
0.38350543,0.113623954,0.4355873,0.09745923,0.3481451,0.09907112,0.5308419,0.10031619,0.3218201,0.10367776,0.71107316,0.18251602,0.29335973,0.18865682,0.86062044,0.2922313,0.28959432,0.30650374,0.56173015,0.31629255,0.32911342,0.3450769,0.6417434,0.44447938,0.36858615,0.44567284,0.60757613,0.6756491,0.5112156,0.6780872,0.74682033,0.8956307,0.674377,0.8941026,1
0.33935502,0.11641603,0.40061137,0.10068965,0.28628582,0.10210391,0.5325292,0.09771296,0.25388864,0.10173035,0.7286553,0.17386085,0.27145478,0.17339669,0.8522754,0.30590218,0.26007894,0.29800278,0.61079586,0.42453682,0.22218566,0.42001033,0.61032194,0.42694706,0.3137058,0.4248898,0.58464944,0.6581534,0.4328805,0.6625602,0.7082058,0.89523625,0.60575587,0.8894217,1
0.27532986,0.111097485,0.30121082,0.0940155,0.2803483,0.09808793,0.4456556,0.09711872,0.40953836,0.10378172,0.7099357,0.18116003,0.44400486,0.1873352,0.8556998,0.31164494,0.41337612,0.31793985,0.6365064,0.40486634,0.3873462,0.40504077,0.67434645,0.45076904,0.4952664,0.44959748,0.6597338,0.6665881,0.5814957,0.6692668,0.772694,0.8975281,0.73080117,0.8905253,1
0.39856344,0.10942158,0.43431315,0.095307626,0.38482374,0.09615745,0.56287926,0.0939568,0.45541954,0.09407696,0.73842525,0.18097056,0.48534992,0.1762885,0.8366818,0.31865728,0.44630736,0.31230912,0.6620719,0.40744323,0.47656664,0.40605733,0.70527685,0.4498076,0.5618023,0.44379243,0.6618705,0.6823479,0.6440656,0.67706877,0.7354625,0.9125745,0.74288666,0.90481085,1
0.40532812,0.10988718,0.45970568,0.0934096,0.37930033,0.093415424,0.60086334,0.09209506,0.40058342,0.091899194,0.7733189,0.18088183,0.41723466,0.1792072,0.9339464,0.3161052,0.4147994,0.308518,0.71948576,0.40689948,0.42242616,0.40217918,0.69035214,0.4455511,0.4685592,0.44274122,0.644218,0.6611953,0.55986226,0.65914273,0.7323689,0.8904708,0.7032994,0.8832847,1
0.40572423,0.10509619,0.46181464,0.089146465,0.3824043,0.08880665,0.60497844,0.090743065,0.40736222,0.08945761,0.7790209,0.18096551,0.41847932,0.17824095,0.9384222,0.31549767,0.42115277,0.30590057,0.7213626,0.40456268,0.43802094,0.4012239,0.70595,0.45183775,0.47781235,0.44909832,0.66046846,0.668299,0.5608613,0.66767246,0.73767465,0.8834588,0.71216756,0.877823,1
0.42129797,0.0956973,0.48276156,0.0795139,0.3974498,0.07969953,0.6243155,0.08408384,0.40213248,0.08351514,0.77470994,0.17195544,0.40786225,0.16953072,0.9243057,0.2947493,0.38682514,0.28889447,0.7220896,0.39835405,0.5413682,0.38945958,0.6755406,0.42329898,0.44485468,0.42096677,0.65078384,0.63784343,0.5719077,0.63526666,0.76934284,0.8724967,0.73157305,0.8702866,1
0.35398373,0.1067672,0.4037827,0.0916218,0.34270173,0.0900675,0.5494299,0.092168204,0.37687647,0.089210026,0.74477726,0.17206925,0.3725345,0.16815798,0.91719973,0.28824532,0.34867227,0.2795072,0.7327832,0.39765412,0.44782233,0.3840846,0.6527942,0.42830032,0.41894045,0.42438847,0.61815405,0.6506982,0.53617036,0.6464917,0.72815794,0.89743614,0.67022514,0.88518155,1
0.3660058,0.10671609,0.4052487,0.09025701,0.36257002,0.09019237,0.54973733,0.087779574,0.42298615,0.088842325,0.75892323,0.1672992,0.42909136,0.17447385,0.9378195,0.27884555,0.36593664,0.2901667,0.769757,0.39686233,0.24200597,0.37850437,0.6645412,0.43390712,0.46484295,0.4326886,0.6532334,0.66801107,0.5955475,0.6658368,0.7561634,0.9087605,0.73494023,0.89549226,1
0.36513826,0.108522534,0.41053352,0.0920605,0.35568124,0.09150753,0.55902725,0.09001386,0.39738372,0.08990693,0.76262945,0.17105065,0.39711434,0.17498863,0.92130554,0.28418905,0.35221228,0.2903196,0.75786406,0.40051922,0.39936915,0.3870563,0.6773331,0.43688908,0.45311454,0.4359534,0.6668068,0.6691719,0.60192376,0.66852534,0.7519576,0.9059964,0.7378171,0.8945681,1
0.3807993,0.10624322,0.43291286,0.0874608,0.35995203,0.089333765,0.57514334,0.08766526,0.37527227,0.09251479,0.75590104,0.1792131,0.3935531,0.18954289,0.89169776,0.29864186,0.30464956,0.3066338,0.75656545,0.40038648,0.16026567,0.3854653,0.6713253,0.4572735,0.44799757,0.45851892,0.662889,0.69269943,0.5922718,0.6920394,0.798441,0.9187713,0.735261,0.91119707,1
0.3804469,0.10573616,0.43464243,0.08833684,0.35674322,0.090424106,0.58285946,0.08838347,0.37085646,0.093368955,0.74924916,0.17959094,0.38383716,0.18506767,0.87481076,0.30140552,0.31062445,0.3005006,0.7344861,0.4053544,0.14527364,0.3769148,0.6417758,0.45822626,0.42210674,0.45618963,0.6760596,0.6972322,0.6082382,0.6953167,0.8202167,0.9193751,0.7569279,0.90913516,1
0.15226977,0.11345791,0.22200826,0.09451628,0.12165111,0.09627837,0.42030165,0.0918242,0.14511153,0.09628734,0.69967705,0.17595549,0.11942544,0.17928356,0.9092147,0.29565683,0.10249128,0.29917204,0.70209056,0.40977424,0.23720597,0.4025332,0.53930706,0.45269048,0.1609208,0.45140314,0.5347001,0.6876667,0.40082487,0.6863169,0.6656586,0.9052083,0.61017174,0.9047661,1
0.1847474,0.109115705,0.25285414,0.08873043,0.14905629,0.09161091,0.439224,0.085924104,0.16046847,0.092910856,0.70756036,0.17423803,0.14000894,0.18134728,0.8971049,0.2959745,0.08710429,0.30578637,0.68702376,0.39888155,0.08298778,0.4066318,0.5525081,0.45363298,0.17820415,0.45345795,0.5461709,0.69668144,0.37570214,0.69646364,0.6791947,0.9072333,0.547522,0.91443104,1
0.21470317,0.10399831,0.28190398,0.08420801,0.17435536,0.086371616,0.4487613,0.08230309,0.1636969,0.08776736,0.6886602,0.17224641,0.123052895,0.17683087,0.84527135,0.30285922,0.11427833,0.30951762,0.6698647,0.4186367,0.34021023,0.41151866,0.52593035,0.4486868,0.14279951,0.44943747,0.5534494,0.6881765,0.32753196,0.6898773,0.74041015,0.9183354,0.5096775,0.92435503,1
0.2255552,0.10580711,0.29292625,0.08839527,0.18527421,0.08980933,0.4663275,0.08568139,0.18177097,0.089477874,0.666612,0.18453594,0.14514643,0.18952546,0.82882893,0.32312256,0.120809324,0.32766062,0.6393869,0.42140448,0.3253232,0.42191294,0.60153884,0.47641593,0.26365992,0.47669166,0.65113366,0.7251314,0.3640782,0.7223297,0.8452127,0.9317658,0.49779183,0.9278746,1
0.32626164,0.096979186,0.3878381,0.08115072,0.27447522,0.08162937,0.4944731,0.08654694,0.20853831,0.088345334,0.65483934,0.18234411,0.13097128,0.18553376,0.8097133,0.31231633,0.114851184,0.31632128,0.632463,0.41464302,0.351485,0.4026777,0.5949753,0.4601066,0.24575843,0.46145403,0.6567704,0.70514363,0.36286512,0.7040613,0.80636483,0.9189082,0.462084,0.9127896,1
0.31505197,0.09688444,0.37830308,0.081089064,0.26266077,0.08152475,0.48839843,0.08691726,0.19615777,0.0885952,0.6538366,0.1827384,0.11996835,0.18625578,0.8096135,0.31156194,0.120641895,0.31856933,0.63687736,0.41746867,0.4174687,0.4130679,0.59331334,0.4603566,0.23257132,0.46242085,0.6718572,0.70342046,0.3478813,0.70446414,0.815428,0.91587865,0.44701943,0.913167,1
0.27517918,0.096326634,0.34538507,0.07895412,0.2366346,0.079176806,0.48460448,0.08555188,0.20461288,0.08582988,0.6556938,0.17843421,0.14082949,0.1761518,0.7734235,0.30577543,0.08944832,0.2985044,0.6262909,0.41990763,0.26454422,0.39774427,0.548046,0.4523282,0.22557905,0.45168322,0.5461632,0.6912354,0.44478738,0.6907025,0.67737895,0.9171309,0.6172072,0.9121911,1
0.25092226,0.09947638,0.31953177,0.08108912,0.20223083,0.083409786,0.46911943,0.0839417,0.16667286,0.08935499,0.63858366,0.1789064,0.13842109,0.1852563,0.75018704,0.3065381,0.11958244,0.3104466,0.6344636,0.4184889,0.37367317,0.40127075,0.57174146,0.46044654,0.23537663,0.46460772,0.6463772,0.7070623,0.38942572,0.7127414,0.78069717,0.90556663,0.49711537,0.910552,1
0.32532418,0.09727258,0.3853283,0.07725496,0.25615752,0.08033595,0.49098498,0.078204535,0.17267098,0.08626761,0.6090263,0.17396586,0.10328612,0.186935,0.6934195,0.2998577,0.11672389,0.32721967,0.60844773,0.41870135,0.4086603,0.42787495,0.55018187,0.45077458,0.20775597,0.4588449,0.62537354,0.6942293,0.3382625,0.70256287,0.7669135,0.9077141,0.42176664,0.9146976,1
0.30610955,0.09756914,0.36996323,0.08055715,0.2525198,0.08143835,0.49611628,0.08528075,0.19410525,0.08861379,0.62481415,0.17999367,0.15441114,0.18946725,0.7186396,0.30580035,0.13717763,0.32863125,0.6197527,0.42723984,0.4077184,0.43269387,0.56585354,0.45614165,0.25505656,0.46068686,0.6237521,0.6808483,0.32536808,0.688253,0.73444265,0.89736444,0.4077147,0.9057239,1
0.32445288,0.09465418,0.39379227,0.076513,0.2705808,0.07753949,0.52522415,0.08175201,0.21382421,0.08444562,0.6550686,0.17971587,0.15169387,0.18762523,0.74324834,0.3006384,0.12381148,0.32167885,0.6435348,0.4131225,0.4031733,0.4341426,0.6023224,0.45608082,0.26241913,0.46227282,0.6641922,0.68510807,0.35737363,0.6971609,0.74536556,0.8952958,0.43096113,0.90786606,1
0.32560724,0.09309325,0.3933318,0.07482214,0.2698366,0.07619119,0.52191204,0.07990036,0.20933904,0.08347339,0.65734977,0.17936906,0.14321336,0.18911743,0.7456447,0.30503768,0.10671044,0.32967967,0.65978193,0.4187659,0.4039829,0.43364862,0.60742754,0.45366156,0.2620841,0.46131468,0.6745243,0.6735197,0.35761508,0.6880539,0.7451972,0.8914118,0.43657956,0.9065199,1
0.3817248,0.090426356,0.43595788,0.07366519,0.31810194,0.074735165,0.5244091,0.077092595,0.22082494,0.079952285,0.6348766,0.18142778,0.1331774,0.18959785,0.73574126,0.31611034,0.10444446,0.3412328,0.6834085,0.39706725,0.3668378,0.43299693,0.60228336,0.4694314,0.27852577,0.47474173,0.628425,0.6889839,0.33718944,0.6970783,0.71259737,0.8970114,0.40055692,0.9117159,1
0.40994492,0.0939609,0.47337142,0.077419996,0.34518662,0.077906944,0.5676944,0.085249186,0.2463752,0.0862298,0.6743308,0.18331532,0.13983513,0.17796148,0.76061094,0.3117072,0.07518718,0.27968746,0.674357,0.41413274,0.28069818,0.32639936,0.58987236,0.44759884,0.23431195,0.44906455,0.61280495,0.6714112,0.31874034,0.67659706,0.7046972,0.8968447,0.37721288,0.9034567,1
0.41925842,0.09245001,0.48704863,0.07686591,0.35679597,0.076136015,0.5856718,0.08939609,0.26426524,0.087939695,0.6909085,0.17978688,0.13426834,0.17979085,0.771649,0.3058624,0.049810674,0.3134229,0.684267,0.4073329,0.19776624,0.40649801,0.5926782,0.44761437,0.21921818,0.45073804,0.60641515,0.6660434,0.30967566,0.6748581,0.67880875,0.8938886,0.34350076,0.907842,1
0.44399235,0.09870129,0.51777303,0.082726955,0.37346792,0.081699185,0.6278696,0.086504936,0.25661075,0.08386431,0.7216166,0.18817683,0.13431178,0.18299045,0.77494884,0.3224154,0.06901023,0.31405735,0.6541902,0.40126416,0.11552266,0.41497827,0.64400065,0.48102093,0.2591494,0.48041576,0.64668745,0.70191395,0.2915553,0.7072923,0.67686385,0.89500123,0.34029818,0.9107915,1
0.42422077,0.09603648,0.49796206,0.081176095,0.36294377,0.079745725,0.6169801,0.08685698,0.27510482,0.08289843,0.7035197,0.18969946,0.16223824,0.18106112,0.77168703,0.3252435,0.10831169,0.3139101,0.70742023,0.40181735,0.28001755,0.41575828,0.6128813,0.47050172,0.25533718,0.46926922,0.64057684,0.6850329,0.29035875,0.69434285,0.63636047,0.88311595,0.31945378,0.90887976,1
0.42300153,0.09562865,0.49717477,0.08091307,0.36431286,0.079302266,0.6175252,0.08674774,0.2811901,0.08219681,0.7162538,0.19123667,0.1656963,0.18144971,0.782556,0.32791194,0.07953292,0.31333557,0.69427466,0.40525523,0.11400478,0.4201768,0.6218021,0.47587436,0.25895596,0.47350854,0.6511667,0.6898324,0.28844175,0.6975582,0.63930595,0.8867646,0.3170348,0.9111548,1
0.5123684,0.102113865,0.5795464,0.08691821,0.4465738,0.08543825,0.6660267,0.089437015,0.32552952,0.086213544,0.722267,0.18835421,0.19963697,0.18044253,0.7795916,0.32457754,0.12162327,0.31257924,0.69898003,0.40601218,0.074560754,0.4028411,0.63422436,0.46566802,0.28993154,0.46372616,0.6200779,0.68668914,0.3192722,0.68949306,0.60827994,0.8877742,0.3232602,0.90724766,1
0.5719622,0.096167944,0.6365833,0.08130364,0.5027542,0.0792635,0.7142715,0.08613358,0.3671457,0.081397206,0.7744104,0.18913557,0.19989032,0.17995958,0.820073,0.32470188,0.10426471,0.31441146,0.7686591,0.4017886,0.09637281,0.41427922,0.6521574,0.45618105,0.27753338,0.4544471,0.6621307,0.6687991,0.3100301,0.676255,0.6394861,0.88523066,0.30730474,0.90978324,1
0.61702925,0.090676695,0.6773047,0.07641049,0.5506386,0.075054266,0.7395278,0.07980204,0.41184518,0.07626758,0.77932113,0.18045382,0.21814273,0.17365113,0.8229713,0.320587,0.092623025,0.3224588,0.80105543,0.40350103,0.10306442,0.45641568,0.6634054,0.46832648,0.29952022,0.46717903,0.66770166,0.68401164,0.314293,0.6903422,0.636434,0.8893154,0.28776628,0.91109514,1
0.6469774,0.08969422,0.70643157,0.07562699,0.58278805,0.073872045,0.76590407,0.0822969,0.44849968,0.07807412,0.8276372,0.18032514,0.24474606,0.1622347,0.8799299,0.31387722,0.15241987,0.259608,0.84390956,0.40947923,0.30795982,0.30638894,0.68699574,0.4449321,0.28912762,0.44085136,0.66075146,0.6765208,0.28818348,0.67936647,0.6210941,0.8848909,0.27875522,0.9009558,1
0.7247838,0.09706908,0.7733608,0.08321219,0.6457897,0.08155723,0.7984792,0.08844319,0.47259802,0.08587919,0.83147776,0.18160564,0.28067744,0.1746087,0.88463736,0.29474336,0.25605893,0.27653813,0.86517334,0.29853687,0.4873165,0.2667523,0.7178071,0.46644664,0.34634218,0.4664415,0.6876387,0.68436,0.32722875,0.69195485,0.636216,0.88803136,0.3019922,0.9058568,1
0.7233255,0.095922045,0.77316344,0.081517704,0.6456051,0.08009301,0.8048559,0.085590556,0.4791482,0.08331976,0.84230804,0.18302451,0.28589022,0.17375442,0.8816233,0.31297877,0.2371973,0.2797645,0.8389639,0.35132554,0.42678487,0.2845744,0.7131646,0.4680205,0.34253407,0.46680224,0.6790831,0.68615526,0.32669502,0.6914873,0.6273092,0.89021724,0.30528027,0.9035987,1
0.7599683,0.09965962,0.80844015,0.08504524,0.68617517,0.08341684,0.8209774,0.09307752,0.50112027,0.08866801,0.8126532,0.19118118,0.27865294,0.17215121,0.8651136,0.31688058,0.26666546,0.2586805,0.8622099,0.4133374,0.5185015,0.2876948,0.6766639,0.4556959,0.2987541,0.45238185,0.65137535,0.67734385,0.29888877,0.68102354,0.5845699,0.8837898,0.27514398,0.89993703,1
0.807748,0.10274682,0.86136055,0.08950328,0.7367839,0.08776922,0.859567,0.095320836,0.5446895,0.09045676,0.81440145,0.18891916,0.2766875,0.17698035,0.8206037,0.3200018,0.21819629,0.30655795,0.8385261,0.41516298,0.45379248,0.41741437,0.6472495,0.45763803,0.284156,0.45536524,0.6556609,0.6773869,0.34592453,0.6806594,0.5718611,0.8763766,0.28083092,0.90008914,1
0.83999914,0.108360566,0.88160574,0.09508595,0.772477,0.09305186,0.8416141,0.09890785,0.56112206,0.093203634,0.81088614,0.19217747,0.2779612,0.17928924,0.85316896,0.33217198,0.28111443,0.30214527,0.8150915,0.40894994,0.65909386,0.36081892,0.67799985,0.46939093,0.31319532,0.46876886,0.6625907,0.6907605,0.32415625,0.69855124,0.5578521,0.8761764,0.24166775,0.90281594,1
0.86449504,0.10022125,0.89051336,0.08419079,0.812062,0.08227553,0.7957308,0.08788828,0.5852712,0.08248014,0.7111774,0.17943244,0.27323142,0.17373814,0.7890283,0.32200938,0.26881638,0.31851473,0.7600223,0.41829982,0.595081,0.43425572,0.6077442,0.4431157,0.31838775,0.44696814,0.5015993,0.6586291,0.38916036,0.66874987,0.37039438,0.876443,0.3484568,0.88994735,1
0.85132307,0.096388675,0.88237786,0.08255901,0.7861793,0.080319114,0.7991535,0.08940686,0.56877226,0.08429975,0.71284825,0.18474455,0.3042439,0.17180048,0.78187394,0.29811236,0.22179538,0.2657067,0.7074562,0.30022204,0.5000766,0.23815759,0.5939785,0.44829306,0.32803407,0.44727352,0.5036288,0.6713131,0.39540023,0.67311656,0.4057631,0.89249045,0.3795664,0.8936443,1
0.8742236,0.09622025,0.90432817,0.08166789,0.80499285,0.07997341,0.8174732,0.08679996,0.5679076,0.08243055,0.733861,0.18346822,0.2893997,0.16813348,0.79789644,0.31432977,0.19838236,0.26323438,0.7313514,0.36299247,0.4600282,0.24789357,0.61382806,0.44318834,0.3263994,0.44185385,0.5003713,0.6682443,0.39852333,0.6689675,0.40318745,0.8954307,0.38372973,0.8954397,1
0.9075595,0.10667338,0.9218539,0.0920638,0.85604185,0.0897131,0.80787915,0.09899692,0.62414795,0.09280309,0.7201771,0.18644089,0.2964134,0.177889,0.78868306,0.28689536,0.2562425,0.27913016,0.71093047,0.25387615,0.57803684,0.25285238,0.6024202,0.42960238,0.30826288,0.43237105,0.54472226,0.65761083,0.3813884,0.6646461,0.48160648,0.89270765,0.38017514,0.9009826,1
0.90836406,0.10704904,0.9231593,0.09167273,0.8551081,0.089843206,0.80064434,0.09467292,0.6436923,0.090099216,0.7014234,0.18149145,0.3306616,0.17701112,0.70543855,0.2879949,0.27269605,0.28669083,0.73501563,0.2691181,0.6160208,0.25974566,0.5825026,0.4329129,0.3282319,0.43683743,0.5082525,0.66179866,0.40108067,0.6663413,0.4769138,0.90679276,0.39986452,0.90370536,1
0.92313576,0.088467516,0.93255067,0.07508145,0.8707777,0.07222743,0.7875695,0.08770561,0.66985285,0.083067805,0.6543024,0.17942792,0.38477853,0.17557465,0.7057234,0.29262504,0.33397758,0.28792313,0.7524952,0.28348085,0.65958565,0.27684686,0.596458,0.42960706,0.41280553,0.43455535,0.53504026,0.656418,0.4786855,0.66538304,0.5114308,0.8916694,0.49280527,0.8989195,1
0.84486467,0.09668741,0.86136687,0.08233586,0.79672796,0.081569105,0.7805286,0.09057503,0.6524687,0.08904067,0.7605573,0.18485215,0.38310084,0.18371744,0.8398796,0.30920807,0.20373015,0.32531038,0.9180756,0.35347244,0.27288488,0.43180203,0.69677436,0.4450358,0.4647318,0.44850254,0.61223733,0.67287505,0.532267,0.6784446,0.57670075,0.9024083,0.5256967,0.9052492,1
0.7577527,0.11252422,0.77373874,0.098306656,0.73124206,0.095847316,0.6601875,0.09648232,0.5904055,0.09407268,0.533943,0.18807125,0.3755114,0.19006777,0.57095546,0.32553467,0.26548564,0.3444852,0.60008585,0.37423405,0.35351723,0.45358709,0.53188884,0.48485518,0.4369677,0.48892644,0.5026568,0.72277004,0.45467332,0.7253066,0.46747917,0.91310394,0.49038228,0.9197902,1
0.738586,0.11058049,0.7657807,0.096180245,0.70526737,0.09333162,0.6804564,0.09550247,0.5607852,0.092183776,0.55724114,0.18819542,0.36024955,0.18858422,0.56391346,0.32659855,0.23960735,0.340097,0.5675089,0.3932147,0.30518055,0.46119517,0.5409969,0.4758486,0.42057145,0.47909498,0.51127666,0.7189944,0.4431664,0.7209456,0.49535653,0.9105392,0.48462614,0.9166603,1
0.6503434,0.10183334,0.6795179,0.087508395,0.6114578,0.084801726,0.6183792,0.092559814,0.47840652,0.08843385,0.5109819,0.19352065,0.32461587,0.18932877,0.5556252,0.33099675,0.247768,0.33274263,0.614332,0.36189085,0.34855488,0.43155864,0.50127536,0.4687936,0.36402178,0.4709019,0.5749165,0.7013551,0.40043035,0.70029235,0.5862942,0.91828877,0.25794002,0.9221834,1
0.7026096,0.12464209,0.7023432,0.109812506,0.6841442,0.10700097,0.54708916,0.109045796,0.5498075,0.10421944,0.39339882,0.20336495,0.39748242,0.19053353,0.45812917,0.34013292,0.44398567,0.28088745,0.5797047,0.3332148,0.611763,0.23609476,0.41081905,0.47580805,0.38097054,0.47968307,0.5490236,0.70733523,0.409796,0.71203774,0.57638675,0.9319801,0.2910682,0.9420686,1
0.68610984,0.11289019,0.6814524,0.099082366,0.6743764,0.09723897,0.5065902,0.100158975,0.56220275,0.10167097,0.3688669,0.19443545,0.4007005,0.20050283,0.35158828,0.34535646,0.31780472,0.35142854,0.47945547,0.42921674,0.3426752,0.44734135,0.32847458,0.4838725,0.39067012,0.48997533,0.32195675,0.7163095,0.55464125,0.7176584,0.19301108,0.9418136,0.68680084,0.93147486,1
0.67038786,0.10506215,0.6713906,0.09201922,0.6612778,0.08994923,0.5044386,0.09797549,0.5605806,0.09688183,0.372303,0.19564204,0.40399957,0.1938852,0.31607035,0.3567655,0.32493287,0.32159388,0.3434552,0.46396807,0.3197966,0.40796307,0.3366761,0.47720182,0.39426032,0.48265934,0.33321,0.7171933,0.5569931,0.72071123,0.20892027,0.94227266,0.67765373,0.9364995,1
0.64915085,0.1126421,0.64774257,0.10195909,0.64877194,0.098254874,0.50823915,0.113618806,0.5750209,0.10794598,0.3887574,0.21576068,0.42539972,0.19221912,0.25173327,0.35662,0.33400428,0.23389068,0.16895953,0.3912677,0.48682803,0.136336,0.3742937,0.49475205,0.4220166,0.49368623,0.36400026,0.71971387,0.54329526,0.72406447,0.20297013,0.94037634,0.70198727,0.931619,1
0.6277435,0.117257416,0.62754464,0.106563956,0.6241113,0.103336334,0.49927342,0.11899677,0.5531824,0.11435247,0.3762872,0.21562788,0.41040772,0.20011036,0.27237853,0.3059895,0.31193712,0.23018771,0.26727498,0.24474531,0.4835432,0.1042717,0.38732064,0.50594914,0.4355844,0.5072793,0.36575493,0.724559,0.5598315,0.72990113,0.18335405,0.9405435,0.7011109,0.93765736,1
0.6934122,0.12405157,0.69551766,0.11308599,0.686209,0.111014746,0.5694447,0.12255946,0.61807233,0.121056184,0.44659203,0.20808178,0.47095567,0.20967242,0.3307659,0.3179718,0.33773085,0.31115127,0.2920673,0.3224017,0.30621895,0.31552324,0.43540618,0.5000369,0.4771422,0.50584704,0.40556768,0.7275599,0.5873779,0.7353823,0.24055053,0.9315058,0.66448873,0.9321123,1
